{
    "counter": {
        "ACTIVE": 11418,
        "INACTIVE": 1,
        "INVALID": 0,
        "MALICIOUS": 0,
        "SANE": 0,
        "VALID": 0,
        "total": 11419
    },
    "percentage": {
        "ACTIVE": 99.99124266573256,
        "INACTIVE": 0.011638733705772812,
        "INVALID": 0,
        "MALICIOUS": 0,
        "SANE": 0,
        "VALID": 0,
        "total": 100.00288139943832
    }
}