{
    "counter": {
        "ACTIVE": 37984,
        "INACTIVE": 1,
        "INVALID": 0,
        "MALICIOUS": 0,
        "SANE": 0,
        "VALID": 0,
        "total": 37985
    },
    "percentage": {
        "ACTIVE": 99.99736738186127,
        "INACTIVE": 0.002632618138738976,
        "INVALID": 0.0,
        "MALICIOUS": 0.0,
        "SANE": 0.0,
        "VALID": 0.0,
        "total": 100.0
    }
}