{
    "counter": {
        "ACTIVE": 46058,
        "INACTIVE": 10,
        "INVALID": 0,
        "MALICIOUS": 0,
        "SANE": 0,
        "VALID": 0,
        "total": 46068
    },
    "percentage": {
        "ACTIVE": 99.97829295823566,
        "INACTIVE": 0.021707041764348355,
        "INVALID": 0.0,
        "MALICIOUS": 0.0,
        "SANE": 0.0,
        "VALID": 0.0,
        "total": 100.0
    }
}