{
    "counter": {
        "ACTIVE": 7003,
        "INACTIVE": 150,
        "INVALID": 0,
        "MALICIOUS": 0,
        "SANE": 0,
        "VALID": 0,
        "total": 7153
    },
    "percentage": {
        "ACTIVE": 97.90297777156438,
        "INACTIVE": 2.0970222284356215,
        "INVALID": 0.0,
        "MALICIOUS": 0.0,
        "SANE": 0.0,
        "VALID": 0.0,
        "total": 100.0
    }
}