{
    "counter": {
        "ACTIVE": 17470,
        "INACTIVE": 148,
        "INVALID": 0,
        "MALICIOUS": 0,
        "SANE": 0,
        "VALID": 0,
        "total": 17618
    },
    "percentage": {
        "ACTIVE": 99.15995005108412,
        "INACTIVE": 0.8400499489158815,
        "INVALID": 0.0,
        "MALICIOUS": 0.0,
        "SANE": 0.0,
        "VALID": 0.0,
        "total": 100.0
    }
}