{
    "counter": {
        "ACTIVE": 6787,
        "INACTIVE": 2,
        "INVALID": 0,
        "MALICIOUS": 0,
        "SANE": 0,
        "VALID": 0,
        "total": 6789
    },
    "percentage": {
        "ACTIVE": 99.97054058035057,
        "INACTIVE": 0.029994001199760048,
        "INVALID": 0,
        "MALICIOUS": 0,
        "SANE": 0,
        "VALID": 0,
        "total": 100.00053458155033
    }
}