{
    "counter": {
        "ACTIVE": 3071,
        "INACTIVE": 1,
        "INVALID": 0,
        "MALICIOUS": 0,
        "SANE": 0,
        "VALID": 0,
        "total": 3072
    },
    "percentage": {
        "ACTIVE": 99.96744791666667,
        "INACTIVE": 0.10245901639344263,
        "INVALID": 0,
        "MALICIOUS": 0,
        "SANE": 0,
        "VALID": 0,
        "total": 100.06990693306011
    }
}