{
    "counter": {
        "ACTIVE": 17321,
        "INACTIVE": 931,
        "INVALID": 0,
        "MALICIOUS": 0,
        "SANE": 0,
        "VALID": 0,
        "total": 18252
    },
    "percentage": {
        "ACTIVE": 94.89918912995836,
        "INACTIVE": 5.10081087004164,
        "INVALID": 0.0,
        "MALICIOUS": 0.0,
        "SANE": 0.0,
        "VALID": 0.0,
        "total": 100.0
    }
}