{
    "counter": {
        "ACTIVE": 12361,
        "INACTIVE": 1,
        "INVALID": 0,
        "MALICIOUS": 0,
        "SANE": 0,
        "VALID": 0,
        "total": 12362
    },
    "percentage": {
        "ACTIVE": 99.99191069406245,
        "INACTIVE": 0.02499375156210947,
        "INVALID": 0,
        "MALICIOUS": 0,
        "SANE": 0,
        "VALID": 0,
        "total": 100.01690444562456
    }
}