{
    "counter": {
        "ACTIVE": 11670,
        "INACTIVE": 5,
        "INVALID": 0,
        "MALICIOUS": 0,
        "SANE": 0,
        "VALID": 0,
        "total": 11675
    },
    "percentage": {
        "ACTIVE": 99.95717344753747,
        "INACTIVE": 0.06383250351078769,
        "INVALID": 0,
        "MALICIOUS": 0,
        "SANE": 0,
        "VALID": 0,
        "total": 100.02100595104825
    }
}