{
    "counter": {
        "ACTIVE": 32145,
        "INACTIVE": 37,
        "INVALID": 0,
        "MALICIOUS": 0,
        "SANE": 0,
        "VALID": 0,
        "total": 32182
    },
    "percentage": {
        "ACTIVE": 99.88502889814181,
        "INACTIVE": 0.11497110185818159,
        "INVALID": 0.0,
        "MALICIOUS": 0.0,
        "SANE": 0.0,
        "VALID": 0.0,
        "total": 100.0
    }
}