{
    "counter": {
        "ACTIVE": 9213,
        "INACTIVE": 62,
        "INVALID": 0,
        "MALICIOUS": 0,
        "SANE": 0,
        "VALID": 0,
        "total": 9275
    },
    "percentage": {
        "ACTIVE": 99.33153638814017,
        "INACTIVE": 0.7135458625848774,
        "INVALID": 0,
        "MALICIOUS": 0,
        "SANE": 0,
        "VALID": 0,
        "total": 100.04508225072505
    }
}