{
    "counter": {
        "ACTIVE": 7426,
        "INACTIVE": 1,
        "INVALID": 0,
        "MALICIOUS": 0,
        "SANE": 0,
        "VALID": 0,
        "total": 7427
    },
    "percentage": {
        "ACTIVE": 99.98653561330282,
        "INACTIVE": 0.017780938833570414,
        "INVALID": 0,
        "MALICIOUS": 0,
        "SANE": 0,
        "VALID": 0,
        "total": 100.00431655213639
    }
}