{
    "counter": {
        "ACTIVE": 45405,
        "INACTIVE": 1,
        "INVALID": 0,
        "MALICIOUS": 0,
        "SANE": 0,
        "VALID": 0,
        "total": 45406
    },
    "percentage": {
        "ACTIVE": 99.99779764788795,
        "INACTIVE": 0.0022023521120556754,
        "INVALID": 0.0,
        "MALICIOUS": 0.0,
        "SANE": 0.0,
        "VALID": 0.0,
        "total": 100.0
    }
}