{
    "counter": {
        "ACTIVE": 45550,
        "INACTIVE": 2,
        "INVALID": 0,
        "MALICIOUS": 0,
        "SANE": 0,
        "VALID": 0,
        "total": 45552
    },
    "percentage": {
        "ACTIVE": 99.99560941341764,
        "INACTIVE": 0.0043905865823674044,
        "INVALID": 0.0,
        "MALICIOUS": 0.0,
        "SANE": 0.0,
        "VALID": 0.0,
        "total": 100.0
    }
}