{
    "counter": {
        "ACTIVE": 17662,
        "INACTIVE": 11,
        "INVALID": 0,
        "MALICIOUS": 0,
        "SANE": 0,
        "VALID": 0,
        "total": 17673
    },
    "percentage": {
        "ACTIVE": 99.93775816216828,
        "INACTIVE": 0.06352873231302339,
        "INVALID": 0,
        "MALICIOUS": 0,
        "SANE": 0,
        "VALID": 0,
        "total": 100.0012868944813
    }
}