{
    "counter": {
        "ACTIVE": 45284,
        "INACTIVE": 13,
        "INVALID": 0,
        "MALICIOUS": 0,
        "SANE": 0,
        "VALID": 0,
        "total": 45297
    },
    "percentage": {
        "ACTIVE": 99.97130052762876,
        "INACTIVE": 0.028699472371238714,
        "INVALID": 0.0,
        "MALICIOUS": 0.0,
        "SANE": 0.0,
        "VALID": 0.0,
        "total": 100.0
    }
}