{
    "counter": {
        "ACTIVE": 4064,
        "INACTIVE": 2,
        "INVALID": 0,
        "MALICIOUS": 0,
        "SANE": 0,
        "VALID": 0,
        "total": 4066
    },
    "percentage": {
        "ACTIVE": 99.9508116084604,
        "INACTIVE": 0.05142710208279763,
        "INVALID": 0,
        "MALICIOUS": 0,
        "SANE": 0,
        "VALID": 0,
        "total": 100.0022387105432
    }
}