{
    "counter": {
        "ACTIVE": 45512,
        "INACTIVE": 1,
        "INVALID": 0,
        "MALICIOUS": 0,
        "SANE": 0,
        "VALID": 0,
        "total": 45513
    },
    "percentage": {
        "ACTIVE": 99.99780282556632,
        "INACTIVE": 0.0021971744336782895,
        "INVALID": 0.0,
        "MALICIOUS": 0.0,
        "SANE": 0.0,
        "VALID": 0.0,
        "total": 100.0
    }
}