{
    "counter": {
        "ACTIVE": 12527,
        "INACTIVE": 116,
        "INVALID": 0,
        "MALICIOUS": 0,
        "SANE": 0,
        "VALID": 0,
        "total": 12643
    },
    "percentage": {
        "ACTIVE": 99.08249624298031,
        "INACTIVE": 0.917866751068207,
        "INVALID": 0,
        "MALICIOUS": 0,
        "SANE": 0,
        "VALID": 0,
        "total": 100.00036299404852
    }
}