{
    "counter": {
        "ACTIVE": 12392,
        "INACTIVE": 2,
        "INVALID": 0,
        "MALICIOUS": 0,
        "SANE": 0,
        "VALID": 0,
        "total": 12394
    },
    "percentage": {
        "ACTIVE": 99.98386315959335,
        "INACTIVE": 0.029994001199760048,
        "INVALID": 0,
        "MALICIOUS": 0,
        "SANE": 0,
        "VALID": 0,
        "total": 100.01385716079311
    }
}