{
    "counter": {
        "ACTIVE": 45427,
        "INACTIVE": 1,
        "INVALID": 0,
        "MALICIOUS": 0,
        "SANE": 0,
        "VALID": 0,
        "total": 45428
    },
    "percentage": {
        "ACTIVE": 99.99779871444923,
        "INACTIVE": 0.002201285550761645,
        "INVALID": 0.0,
        "MALICIOUS": 0.0,
        "SANE": 0.0,
        "VALID": 0.0,
        "total": 100.0
    }
}