{
    "counter": {
        "ACTIVE": 17080,
        "INACTIVE": 1,
        "INVALID": 0,
        "MALICIOUS": 0,
        "SANE": 0,
        "VALID": 0,
        "total": 17081
    },
    "percentage": {
        "ACTIVE": 99.99414554183011,
        "INACTIVE": 0.005854458169896376,
        "INVALID": 0.0,
        "MALICIOUS": 0.0,
        "SANE": 0.0,
        "VALID": 0.0,
        "total": 100.0
    }
}