{
    "counter": {
        "ACTIVE": 45418,
        "INACTIVE": 1,
        "INVALID": 0,
        "MALICIOUS": 0,
        "SANE": 0,
        "VALID": 0,
        "total": 45419
    },
    "percentage": {
        "ACTIVE": 99.9977982782536,
        "INACTIVE": 0.0022017217464056892,
        "INVALID": 0.0,
        "MALICIOUS": 0.0,
        "SANE": 0.0,
        "VALID": 0.0,
        "total": 100.0
    }
}