{
    "counter": {
        "ACTIVE": 11586,
        "INACTIVE": 96,
        "INVALID": 0,
        "MALICIOUS": 0,
        "SANE": 0,
        "VALID": 0,
        "total": 11682
    },
    "percentage": {
        "ACTIVE": 99.17822290703647,
        "INACTIVE": 0.8244589488148403,
        "INVALID": 0,
        "MALICIOUS": 0,
        "SANE": 0,
        "VALID": 0,
        "total": 100.0026818558513
    }
}