{
    "counter": {
        "ACTIVE": 45245,
        "INACTIVE": 1,
        "INVALID": 0,
        "MALICIOUS": 0,
        "SANE": 0,
        "VALID": 0,
        "total": 45246
    },
    "percentage": {
        "ACTIVE": 99.99778985987712,
        "INACTIVE": 0.002210140122883791,
        "INVALID": 0.0,
        "MALICIOUS": 0.0,
        "SANE": 0.0,
        "VALID": 0.0,
        "total": 100.0
    }
}