{
    "counter": {
        "ACTIVE": 43387,
        "INACTIVE": 1,
        "INVALID": 0,
        "MALICIOUS": 0,
        "SANE": 0,
        "VALID": 0,
        "total": 43388
    },
    "percentage": {
        "ACTIVE": 99.99769521526689,
        "INACTIVE": 0.002304784733105928,
        "INVALID": 0.0,
        "MALICIOUS": 0.0,
        "SANE": 0.0,
        "VALID": 0.0,
        "total": 100.0
    }
}