{
    "counter": {
        "ACTIVE": 13715,
        "INACTIVE": 1,
        "INVALID": 0,
        "MALICIOUS": 0,
        "SANE": 0,
        "VALID": 0,
        "total": 13716
    },
    "percentage": {
        "ACTIVE": 99.99270924467776,
        "INACTIVE": 0.008673779165582445,
        "INVALID": 0,
        "MALICIOUS": 0,
        "SANE": 0,
        "VALID": 0,
        "total": 100.00138302384333
    }
}