{
    "counter": {
        "ACTIVE": 17639,
        "INACTIVE": 1,
        "INVALID": 0,
        "MALICIOUS": 0,
        "SANE": 0,
        "VALID": 0,
        "total": 17640
    },
    "percentage": {
        "ACTIVE": 99.99433106575964,
        "INACTIVE": 0.005668934240362812,
        "INVALID": 0.0,
        "MALICIOUS": 0.0,
        "SANE": 0.0,
        "VALID": 0.0,
        "total": 100.0
    }
}