{
    "counter": {
        "ACTIVE": 17139,
        "INACTIVE": 11,
        "INVALID": 0,
        "MALICIOUS": 0,
        "SANE": 0,
        "VALID": 0,
        "total": 17150
    },
    "percentage": {
        "ACTIVE": 99.93586005830903,
        "INACTIVE": 0.0641399416909621,
        "INVALID": 0.0,
        "MALICIOUS": 0.0,
        "SANE": 0.0,
        "VALID": 0.0,
        "total": 100.0
    }
}