{
    "counter": {
        "ACTIVE": 43319,
        "INACTIVE": 2,
        "INVALID": 0,
        "MALICIOUS": 0,
        "SANE": 0,
        "VALID": 0,
        "total": 43321
    },
    "percentage": {
        "ACTIVE": 99.99538330140116,
        "INACTIVE": 0.004616698598831975,
        "INVALID": 0.0,
        "MALICIOUS": 0.0,
        "SANE": 0.0,
        "VALID": 0.0,
        "total": 100.0
    }
}