{
    "counter": {
        "ACTIVE": 8651,
        "INACTIVE": 5,
        "INVALID": 0,
        "MALICIOUS": 0,
        "SANE": 0,
        "VALID": 0,
        "total": 8656
    },
    "percentage": {
        "ACTIVE": 99.94223659889094,
        "INACTIVE": 0.06383250351078769,
        "INVALID": 0,
        "MALICIOUS": 0,
        "SANE": 0,
        "VALID": 0,
        "total": 100.00606910240172
    }
}