{
    "counter": {
        "ACTIVE": 17225,
        "INACTIVE": 144,
        "INVALID": 0,
        "MALICIOUS": 0,
        "SANE": 0,
        "VALID": 0,
        "total": 17369
    },
    "percentage": {
        "ACTIVE": 99.17093672635154,
        "INACTIVE": 0.8290632736484541,
        "INVALID": 0.0,
        "MALICIOUS": 0.0,
        "SANE": 0.0,
        "VALID": 0.0,
        "total": 100.0
    }
}