{
    "counter": {
        "ACTIVE": 12057,
        "INACTIVE": 2,
        "INVALID": 0,
        "MALICIOUS": 0,
        "SANE": 0,
        "VALID": 0,
        "total": 12059
    },
    "percentage": {
        "ACTIVE": 99.98341487685546,
        "INACTIVE": 0.029994001199760048,
        "INVALID": 0,
        "MALICIOUS": 0,
        "SANE": 0,
        "VALID": 0,
        "total": 100.01340887805522
    }
}