{
    "counter": {
        "ACTIVE": 16816,
        "INACTIVE": 913,
        "INVALID": 0,
        "MALICIOUS": 0,
        "SANE": 0,
        "VALID": 0,
        "total": 17729
    },
    "percentage": {
        "ACTIVE": 94.85024536070844,
        "INACTIVE": 5.149754639291556,
        "INVALID": 0.0,
        "MALICIOUS": 0.0,
        "SANE": 0.0,
        "VALID": 0.0,
        "total": 100.0
    }
}