{
    "counter": {
        "ACTIVE": 46040,
        "INACTIVE": 2196,
        "INVALID": 0,
        "MALICIOUS": 0,
        "SANE": 0,
        "VALID": 0,
        "total": 48236
    },
    "percentage": {
        "ACTIVE": 95.44738369682395,
        "INACTIVE": 4.552616303176051,
        "INVALID": 0.0,
        "MALICIOUS": 0.0,
        "SANE": 0.0,
        "VALID": 0.0,
        "total": 100.0
    }
}