{
    "counter": {
        "ACTIVE": 45538,
        "INACTIVE": 1,
        "INVALID": 0,
        "MALICIOUS": 0,
        "SANE": 0,
        "VALID": 0,
        "total": 45539
    },
    "percentage": {
        "ACTIVE": 99.99780408001932,
        "INACTIVE": 0.0021959199806759044,
        "INVALID": 0.0,
        "MALICIOUS": 0.0,
        "SANE": 0.0,
        "VALID": 0.0,
        "total": 100.0
    }
}