{
    "counter": {
        "ACTIVE": 13782,
        "INACTIVE": 1008,
        "INVALID": 0,
        "MALICIOUS": 0,
        "SANE": 0,
        "VALID": 0,
        "total": 14790
    },
    "percentage": {
        "ACTIVE": 93.18458417849898,
        "INACTIVE": 6.8154158215010145,
        "INVALID": 0.0,
        "MALICIOUS": 0.0,
        "SANE": 0.0,
        "VALID": 0.0,
        "total": 100.0
    }
}