{
    "counter": {
        "ACTIVE": 16838,
        "INACTIVE": 23,
        "INVALID": 0,
        "MALICIOUS": 0,
        "SANE": 0,
        "VALID": 0,
        "total": 16861
    },
    "percentage": {
        "ACTIVE": 99.86359053436925,
        "INACTIVE": 0.15419683561276482,
        "INVALID": 0,
        "MALICIOUS": 0,
        "SANE": 0,
        "VALID": 0,
        "total": 100.01778736998202
    }
}