{
    "counter": {
        "ACTIVE": 16779,
        "INACTIVE": 125,
        "INVALID": 0,
        "MALICIOUS": 0,
        "SANE": 0,
        "VALID": 0,
        "total": 16904
    },
    "percentage": {
        "ACTIVE": 99.26053005205868,
        "INACTIVE": 0.7394699479413157,
        "INVALID": 0.0,
        "MALICIOUS": 0.0,
        "SANE": 0.0,
        "VALID": 0.0,
        "total": 100.0
    }
}