{
    "counter": {
        "ACTIVE": 17085,
        "INACTIVE": 1,
        "INVALID": 0,
        "MALICIOUS": 0,
        "SANE": 0,
        "VALID": 0,
        "total": 17086
    },
    "percentage": {
        "ACTIVE": 99.99414725506263,
        "INACTIVE": 0.005852744937375629,
        "INVALID": 0.0,
        "MALICIOUS": 0.0,
        "SANE": 0.0,
        "VALID": 0.0,
        "total": 100.0
    }
}