{
    "counter": {
        "ACTIVE": 12662,
        "INACTIVE": 2,
        "INVALID": 0,
        "MALICIOUS": 0,
        "SANE": 0,
        "VALID": 0,
        "total": 12664
    },
    "percentage": {
        "ACTIVE": 99.98420720151611,
        "INACTIVE": 0.017871503887052095,
        "INVALID": 0,
        "MALICIOUS": 0,
        "SANE": 0,
        "VALID": 0,
        "total": 100.00207870540316
    }
}