{
    "counter": {
        "ACTIVE": 45558,
        "INACTIVE": 1,
        "INVALID": 0,
        "MALICIOUS": 0,
        "SANE": 0,
        "VALID": 0,
        "total": 45559
    },
    "percentage": {
        "ACTIVE": 99.99780504400887,
        "INACTIVE": 0.0021949559911323777,
        "INVALID": 0.0,
        "MALICIOUS": 0.0,
        "SANE": 0.0,
        "VALID": 0.0,
        "total": 100.0
    }
}