{
    "counter": {
        "ACTIVE": 4940,
        "INACTIVE": 2,
        "INVALID": 0,
        "MALICIOUS": 0,
        "SANE": 0,
        "VALID": 0,
        "total": 4942
    },
    "percentage": {
        "ACTIVE": 99.95953055443141,
        "INACTIVE": 0.06234413965087282,
        "INVALID": 0,
        "MALICIOUS": 0,
        "SANE": 0,
        "VALID": 0,
        "total": 100.02187469408229
    }
}