{
    "counter": {
        "ACTIVE": 13939,
        "INACTIVE": 3,
        "INVALID": 0,
        "MALICIOUS": 0,
        "SANE": 0,
        "VALID": 0,
        "total": 13942
    },
    "percentage": {
        "ACTIVE": 99.97848228374696,
        "INACTIVE": 0.02896312029349295,
        "INVALID": 0,
        "MALICIOUS": 0,
        "SANE": 0,
        "VALID": 0,
        "total": 100.00744540404045
    }
}