{
    "counter": {
        "ACTIVE": 45482,
        "INACTIVE": 2,
        "INVALID": 0,
        "MALICIOUS": 0,
        "SANE": 0,
        "VALID": 0,
        "total": 45484
    },
    "percentage": {
        "ACTIVE": 99.99560284935362,
        "INACTIVE": 0.004397150646381145,
        "INVALID": 0.0,
        "MALICIOUS": 0.0,
        "SANE": 0.0,
        "VALID": 0.0,
        "total": 100.0
    }
}