{
    "counter": {
        "ACTIVE": 8776,
        "INACTIVE": 32,
        "INVALID": 0,
        "MALICIOUS": 0,
        "SANE": 0,
        "VALID": 0,
        "total": 8808
    },
    "percentage": {
        "ACTIVE": 99.63669391462307,
        "INACTIVE": 0.36330608537693004,
        "INVALID": 0.0,
        "MALICIOUS": 0.0,
        "SANE": 0.0,
        "VALID": 0.0,
        "total": 100.0
    }
}