{
    "counter": {
        "ACTIVE": 45393,
        "INACTIVE": 2,
        "INVALID": 0,
        "MALICIOUS": 0,
        "SANE": 0,
        "VALID": 0,
        "total": 45395
    },
    "percentage": {
        "ACTIVE": 99.99559422843926,
        "INACTIVE": 0.004405771560744575,
        "INVALID": 0.0,
        "MALICIOUS": 0.0,
        "SANE": 0.0,
        "VALID": 0.0,
        "total": 100.0
    }
}