{
    "counter": {
        "ACTIVE": 44684,
        "INACTIVE": 1,
        "INVALID": 0,
        "MALICIOUS": 0,
        "SANE": 0,
        "VALID": 0,
        "total": 44685
    },
    "percentage": {
        "ACTIVE": 99.99776211256574,
        "INACTIVE": 0.0022378874342620565,
        "INVALID": 0.0,
        "MALICIOUS": 0.0,
        "SANE": 0.0,
        "VALID": 0.0,
        "total": 100.0
    }
}