{
    "counter": {
        "ACTIVE": 17516,
        "INACTIVE": 1,
        "INVALID": 0,
        "MALICIOUS": 0,
        "SANE": 0,
        "VALID": 0,
        "total": 17517
    },
    "percentage": {
        "ACTIVE": 99.99429125991894,
        "INACTIVE": 0.005708740081064109,
        "INVALID": 0.0,
        "MALICIOUS": 0.0,
        "SANE": 0.0,
        "VALID": 0.0,
        "total": 100.0
    }
}