{
    "counter": {
        "ACTIVE": 42593,
        "INACTIVE": 1886,
        "INVALID": 0,
        "MALICIOUS": 0,
        "SANE": 0,
        "VALID": 0,
        "total": 44479
    },
    "percentage": {
        "ACTIVE": 95.75979675802064,
        "INACTIVE": 4.240203241979361,
        "INVALID": 0.0,
        "MALICIOUS": 0.0,
        "SANE": 0.0,
        "VALID": 0.0,
        "total": 100.0
    }
}