{
    "counter": {
        "ACTIVE": 17413,
        "INACTIVE": 148,
        "INVALID": 0,
        "MALICIOUS": 0,
        "SANE": 0,
        "VALID": 0,
        "total": 17561
    },
    "percentage": {
        "ACTIVE": 99.1572233927453,
        "INACTIVE": 0.8427766072547122,
        "INVALID": 0.0,
        "MALICIOUS": 0.0,
        "SANE": 0.0,
        "VALID": 0.0,
        "total": 100.0
    }
}