{
    "counter": {
        "ACTIVE": 8490,
        "INACTIVE": 3,
        "INVALID": 0,
        "MALICIOUS": 0,
        "SANE": 0,
        "VALID": 0,
        "total": 8493
    },
    "percentage": {
        "ACTIVE": 99.96467679265277,
        "INACTIVE": 0.1139384732244588,
        "INVALID": 0,
        "MALICIOUS": 0,
        "SANE": 0,
        "VALID": 0,
        "total": 100.07861526587723
    }
}