{
    "counter": {
        "ACTIVE": 45557,
        "INACTIVE": 3,
        "INVALID": 0,
        "MALICIOUS": 0,
        "SANE": 0,
        "VALID": 0,
        "total": 45560
    },
    "percentage": {
        "ACTIVE": 99.99341527655838,
        "INACTIVE": 0.006584723441615452,
        "INVALID": 0.0,
        "MALICIOUS": 0.0,
        "SANE": 0.0,
        "VALID": 0.0,
        "total": 100.0
    }
}