{
    "counter": {
        "ACTIVE": 45541,
        "INACTIVE": 3,
        "INVALID": 0,
        "MALICIOUS": 0,
        "SANE": 0,
        "VALID": 0,
        "total": 45544
    },
    "percentage": {
        "ACTIVE": 99.99341296328825,
        "INACTIVE": 0.0065870367117512735,
        "INVALID": 0.0,
        "MALICIOUS": 0.0,
        "SANE": 0.0,
        "VALID": 0.0,
        "total": 100.0
    }
}