{
    "counter": {
        "ACTIVE": 15410,
        "INACTIVE": 8,
        "INVALID": 0,
        "MALICIOUS": 0,
        "SANE": 0,
        "VALID": 0,
        "total": 15418
    },
    "percentage": {
        "ACTIVE": 99.9481125956674,
        "INACTIVE": 0.05188740433259826,
        "INVALID": 0.0,
        "MALICIOUS": 0.0,
        "SANE": 0.0,
        "VALID": 0.0,
        "total": 100.0
    }
}