{
    "counter": {
        "ACTIVE": 45401,
        "INACTIVE": 9,
        "INVALID": 0,
        "MALICIOUS": 0,
        "SANE": 0,
        "VALID": 0,
        "total": 45410
    },
    "percentage": {
        "ACTIVE": 99.98018057696542,
        "INACTIVE": 0.01981942303457388,
        "INVALID": 0.0,
        "MALICIOUS": 0.0,
        "SANE": 0.0,
        "VALID": 0.0,
        "total": 100.0
    }
}