{
    "counter": {
        "ACTIVE": 11548,
        "INACTIVE": 1,
        "INVALID": 0,
        "MALICIOUS": 0,
        "SANE": 0,
        "VALID": 0,
        "total": 11549
    },
    "percentage": {
        "ACTIVE": 99.99134124166595,
        "INACTIVE": 0.02499375156210947,
        "INVALID": 0,
        "MALICIOUS": 0,
        "SANE": 0,
        "VALID": 0,
        "total": 100.01633499322806
    }
}