{
    "counter": {
        "ACTIVE": 9620,
        "INACTIVE": 8,
        "INVALID": 0,
        "MALICIOUS": 0,
        "SANE": 0,
        "VALID": 0,
        "total": 9628
    },
    "percentage": {
        "ACTIVE": 99.91690901537183,
        "INACTIVE": 0.09616540449573266,
        "INVALID": 0,
        "MALICIOUS": 0,
        "SANE": 0,
        "VALID": 0,
        "total": 100.01307441986756
    }
}