{
    "counter": {
        "ACTIVE": 18132,
        "INACTIVE": 11,
        "INVALID": 0,
        "MALICIOUS": 0,
        "SANE": 0,
        "VALID": 0,
        "total": 18143
    },
    "percentage": {
        "ACTIVE": 99.93937055613735,
        "INACTIVE": 0.06352873231302339,
        "INVALID": 0,
        "MALICIOUS": 0,
        "SANE": 0,
        "VALID": 0,
        "total": 100.00289928845037
    }
}