{
    "counter": {
        "ACTIVE": 13809,
        "INACTIVE": 1,
        "INVALID": 0,
        "MALICIOUS": 0,
        "SANE": 0,
        "VALID": 0,
        "total": 13810
    },
    "percentage": {
        "ACTIVE": 99.99275887038378,
        "INACTIVE": 0.26881720430107525,
        "INVALID": 0,
        "MALICIOUS": 0,
        "SANE": 0,
        "VALID": 0,
        "total": 100.26157607468485
    }
}