{
    "counter": {
        "ACTIVE": 5211,
        "INACTIVE": 2,
        "INVALID": 0,
        "MALICIOUS": 0,
        "SANE": 0,
        "VALID": 0,
        "total": 5213
    },
    "percentage": {
        "ACTIVE": 99.96163437559946,
        "INACTIVE": 0.2621231979030144,
        "INVALID": 0,
        "MALICIOUS": 0,
        "SANE": 0,
        "VALID": 0,
        "total": 100.22375757350247
    }
}