{
    "counter": {
        "ACTIVE": 45542,
        "INACTIVE": 1,
        "INVALID": 0,
        "MALICIOUS": 0,
        "SANE": 0,
        "VALID": 0,
        "total": 45543
    },
    "percentage": {
        "ACTIVE": 99.99780427288496,
        "INACTIVE": 0.0021957271150341434,
        "INVALID": 0.0,
        "MALICIOUS": 0.0,
        "SANE": 0.0,
        "VALID": 0.0,
        "total": 100.0
    }
}