{
    "counter": {
        "ACTIVE": 37838,
        "INACTIVE": 3,
        "INVALID": 0,
        "MALICIOUS": 0,
        "SANE": 0,
        "VALID": 0,
        "total": 37841
    },
    "percentage": {
        "ACTIVE": 99.9920720911181,
        "INACTIVE": 0.007927908881900585,
        "INVALID": 0.0,
        "MALICIOUS": 0.0,
        "SANE": 0.0,
        "VALID": 0.0,
        "total": 100.0
    }
}