{
    "counter": {
        "ACTIVE": 16762,
        "INACTIVE": 913,
        "INVALID": 0,
        "MALICIOUS": 0,
        "SANE": 0,
        "VALID": 0,
        "total": 17675
    },
    "percentage": {
        "ACTIVE": 94.83451202263083,
        "INACTIVE": 5.165487977369166,
        "INVALID": 0.0,
        "MALICIOUS": 0.0,
        "SANE": 0.0,
        "VALID": 0.0,
        "total": 100.0
    }
}