{
    "counter": {
        "ACTIVE": 10716,
        "INACTIVE": 1,
        "INVALID": 0,
        "MALICIOUS": 0,
        "SANE": 0,
        "VALID": 0,
        "total": 10717
    },
    "percentage": {
        "ACTIVE": 99.99066903051227,
        "INACTIVE": 0.031625553447185324,
        "INVALID": 0,
        "MALICIOUS": 0,
        "SANE": 0,
        "VALID": 0,
        "total": 100.02229458395945
    }
}