{
    "counter": {
        "ACTIVE": 6975,
        "INACTIVE": 45,
        "INVALID": 0,
        "MALICIOUS": 0,
        "SANE": 0,
        "VALID": 0,
        "total": 7020
    },
    "percentage": {
        "ACTIVE": 99.35897435897436,
        "INACTIVE": 0.6412083214591051,
        "INVALID": 0,
        "MALICIOUS": 0,
        "SANE": 0,
        "VALID": 0,
        "total": 100.00018268043347
    }
}