{
    "counter": {
        "ACTIVE": 17756,
        "INACTIVE": 11,
        "INVALID": 0,
        "MALICIOUS": 0,
        "SANE": 0,
        "VALID": 0,
        "total": 17767
    },
    "percentage": {
        "ACTIVE": 99.93808746552598,
        "INACTIVE": 0.06352873231302339,
        "INVALID": 0,
        "MALICIOUS": 0,
        "SANE": 0,
        "VALID": 0,
        "total": 100.001616197839
    }
}