{
    "counter": {
        "ACTIVE": 17312,
        "INACTIVE": 1,
        "INVALID": 0,
        "MALICIOUS": 0,
        "SANE": 0,
        "VALID": 0,
        "total": 17313
    },
    "percentage": {
        "ACTIVE": 99.99422399353087,
        "INACTIVE": 0.005776006469127245,
        "INVALID": 0.0,
        "MALICIOUS": 0.0,
        "SANE": 0.0,
        "VALID": 0.0,
        "total": 100.0
    }
}