{
    "counter": {
        "ACTIVE": 11402,
        "INACTIVE": 12,
        "INVALID": 24,
        "MALICIOUS": 0,
        "SANE": 0,
        "VALID": 0,
        "total": 11438
    },
    "percentage": {
        "ACTIVE": 99.68525966077986,
        "INACTIVE": 0.10668563300142248,
        "INVALID": 0.24043277900220397,
        "MALICIOUS": 0,
        "SANE": 0,
        "VALID": 0,
        "total": 100.03237807278349
    }
}