{
    "counter": {
        "ACTIVE": 5815,
        "INACTIVE": 2,
        "INVALID": 0,
        "MALICIOUS": 0,
        "SANE": 0,
        "VALID": 0,
        "total": 5817
    },
    "percentage": {
        "ACTIVE": 99.96561801615954,
        "INACTIVE": 0.07049700387733521,
        "INVALID": 0,
        "MALICIOUS": 0,
        "SANE": 0,
        "VALID": 0,
        "total": 100.03611502003687
    }
}