{
    "counter": {
        "ACTIVE": 15321,
        "INACTIVE": 117,
        "INVALID": 0,
        "MALICIOUS": 0,
        "SANE": 0,
        "VALID": 0,
        "total": 15438
    },
    "percentage": {
        "ACTIVE": 99.24212980956082,
        "INACTIVE": 0.757870190439176,
        "INVALID": 0.0,
        "MALICIOUS": 0.0,
        "SANE": 0.0,
        "VALID": 0.0,
        "total": 100.0
    }
}