{
    "counter": {
        "ACTIVE": 5414,
        "INACTIVE": 1,
        "INVALID": 0,
        "MALICIOUS": 0,
        "SANE": 0,
        "VALID": 0,
        "total": 5415
    },
    "percentage": {
        "ACTIVE": 99.98153277931671,
        "INACTIVE": 0.17985611510791366,
        "INVALID": 0,
        "MALICIOUS": 0,
        "SANE": 0,
        "VALID": 0,
        "total": 100.16138889442462
    }
}