{
    "counter": {
        "ACTIVE": 17896,
        "INACTIVE": 11,
        "INVALID": 0,
        "MALICIOUS": 0,
        "SANE": 0,
        "VALID": 0,
        "total": 17907
    },
    "percentage": {
        "ACTIVE": 99.93857150834869,
        "INACTIVE": 0.06352873231302339,
        "INVALID": 0,
        "MALICIOUS": 0,
        "SANE": 0,
        "VALID": 0,
        "total": 100.0021002406617
    }
}