{
    "counter": {
        "ACTIVE": 17699,
        "INACTIVE": 2,
        "INVALID": 0,
        "MALICIOUS": 0,
        "SANE": 0,
        "VALID": 0,
        "total": 17701
    },
    "percentage": {
        "ACTIVE": 99.98870120332185,
        "INACTIVE": 0.011298796678153776,
        "INVALID": 0.0,
        "MALICIOUS": 0.0,
        "SANE": 0.0,
        "VALID": 0.0,
        "total": 100.0
    }
}