{
    "counter": {
        "ACTIVE": 46235,
        "INACTIVE": 42,
        "INVALID": 0,
        "MALICIOUS": 0,
        "SANE": 0,
        "VALID": 0,
        "total": 46277
    },
    "percentage": {
        "ACTIVE": 99.90924217213734,
        "INACTIVE": 0.09075782786265316,
        "INVALID": 0.0,
        "MALICIOUS": 0.0,
        "SANE": 0.0,
        "VALID": 0.0,
        "total": 100.0
    }
}