{
    "counter": {
        "ACTIVE": 17808,
        "INACTIVE": 11,
        "INVALID": 0,
        "MALICIOUS": 0,
        "SANE": 0,
        "VALID": 0,
        "total": 17819
    },
    "percentage": {
        "ACTIVE": 99.93826814074863,
        "INACTIVE": 0.06352873231302339,
        "INVALID": 0,
        "MALICIOUS": 0,
        "SANE": 0,
        "VALID": 0,
        "total": 100.00179687306165
    }
}