{
    "counter": {
        "ACTIVE": 17657,
        "INACTIVE": 25,
        "INVALID": 0,
        "MALICIOUS": 0,
        "SANE": 0,
        "VALID": 0,
        "total": 17682
    },
    "percentage": {
        "ACTIVE": 99.85861327904084,
        "INACTIVE": 0.14317622129316762,
        "INVALID": 0,
        "MALICIOUS": 0,
        "SANE": 0,
        "VALID": 0,
        "total": 100.00178950033401
    }
}