{
    "counter": {
        "ACTIVE": 10656,
        "INACTIVE": 2,
        "INVALID": 0,
        "MALICIOUS": 0,
        "SANE": 0,
        "VALID": 0,
        "total": 10658
    },
    "percentage": {
        "ACTIVE": 99.981234753237,
        "INACTIVE": 0.01966568338249754,
        "INVALID": 0,
        "MALICIOUS": 0,
        "SANE": 0,
        "VALID": 0,
        "total": 100.0009004366195
    }
}