{
    "counter": {
        "ACTIVE": 4804,
        "INACTIVE": 1,
        "INVALID": 0,
        "MALICIOUS": 0,
        "SANE": 0,
        "VALID": 0,
        "total": 4805
    },
    "percentage": {
        "ACTIVE": 99.97918834547346,
        "INACTIVE": 0.24630541871921183,
        "INVALID": 0,
        "MALICIOUS": 0,
        "SANE": 0,
        "VALID": 0,
        "total": 100.22549376419268
    }
}