{
    "counter": {
        "ACTIVE": 5481,
        "INACTIVE": 1,
        "INVALID": 0,
        "MALICIOUS": 0,
        "SANE": 0,
        "VALID": 0,
        "total": 5482
    },
    "percentage": {
        "ACTIVE": 99.98175848230572,
        "INACTIVE": 0.03178639542275906,
        "INVALID": 0,
        "MALICIOUS": 0,
        "SANE": 0,
        "VALID": 0,
        "total": 100.01354487772848
    }
}