{
    "counter": {
        "ACTIVE": 10362,
        "INACTIVE": 1,
        "INVALID": 0,
        "MALICIOUS": 0,
        "SANE": 0,
        "VALID": 0,
        "total": 10363
    },
    "percentage": {
        "ACTIVE": 99.9903502846666,
        "INACTIVE": 0.01757469244288225,
        "INVALID": 0,
        "MALICIOUS": 0,
        "SANE": 0,
        "VALID": 0,
        "total": 100.00792497710948
    }
}