{
    "counter": {
        "ACTIVE": 1214,
        "INACTIVE": 4,
        "INVALID": 0,
        "MALICIOUS": 0,
        "SANE": 0,
        "VALID": 0,
        "total": 1218
    },
    "percentage": {
        "ACTIVE": 99.67159277504105,
        "INACTIVE": 0.4094165813715456,
        "INVALID": 0,
        "MALICIOUS": 0,
        "SANE": 0,
        "VALID": 0,
        "total": 100.0810093564126
    }
}