{
    "counter": {
        "ACTIVE": 45460,
        "INACTIVE": 1,
        "INVALID": 0,
        "MALICIOUS": 0,
        "SANE": 0,
        "VALID": 0,
        "total": 45461
    },
    "percentage": {
        "ACTIVE": 99.99780031235565,
        "INACTIVE": 0.0021996876443545017,
        "INVALID": 0.0,
        "MALICIOUS": 0.0,
        "SANE": 0.0,
        "VALID": 0.0,
        "total": 100.0
    }
}