{
    "counter": {
        "ACTIVE": 45301,
        "INACTIVE": 50,
        "INVALID": 0,
        "MALICIOUS": 0,
        "SANE": 0,
        "VALID": 0,
        "total": 45351
    },
    "percentage": {
        "ACTIVE": 99.88974884787547,
        "INACTIVE": 0.1102511521245397,
        "INVALID": 0.0,
        "MALICIOUS": 0.0,
        "SANE": 0.0,
        "VALID": 0.0,
        "total": 100.0
    }
}