{
    "counter": {
        "ACTIVE": 45125,
        "INACTIVE": 2,
        "INVALID": 0,
        "MALICIOUS": 0,
        "SANE": 0,
        "VALID": 0,
        "total": 45127
    },
    "percentage": {
        "ACTIVE": 99.99556806346533,
        "INACTIVE": 0.004431936534668823,
        "INVALID": 0.0,
        "MALICIOUS": 0.0,
        "SANE": 0.0,
        "VALID": 0.0,
        "total": 100.0
    }
}