{
    "counter": {
        "ACTIVE": 14056,
        "INACTIVE": 1,
        "INVALID": 0,
        "MALICIOUS": 0,
        "SANE": 0,
        "VALID": 0,
        "total": 14057
    },
    "percentage": {
        "ACTIVE": 99.99288610656612,
        "INACTIVE": 0.013553808620222282,
        "INVALID": 0,
        "MALICIOUS": 0,
        "SANE": 0,
        "VALID": 0,
        "total": 100.00643991518633
    }
}