{
    "counter": {
        "ACTIVE": 975,
        "INACTIVE": 1,
        "INVALID": 0,
        "MALICIOUS": 0,
        "SANE": 0,
        "VALID": 0,
        "total": 976
    },
    "percentage": {
        "ACTIVE": 99.89754098360656,
        "INACTIVE": 0.14771048744460857,
        "INVALID": 0,
        "MALICIOUS": 0,
        "SANE": 0,
        "VALID": 0,
        "total": 100.04525147105117
    }
}