{
    "counter": {
        "ACTIVE": 15867,
        "INACTIVE": 1047,
        "INVALID": 0,
        "MALICIOUS": 0,
        "SANE": 0,
        "VALID": 0,
        "total": 16914
    },
    "percentage": {
        "ACTIVE": 93.80986165306847,
        "INACTIVE": 6.190138346931536,
        "INVALID": 0.0,
        "MALICIOUS": 0.0,
        "SANE": 0.0,
        "VALID": 0.0,
        "total": 100.0
    }
}