{
    "counter": {
        "ACTIVE": 17600,
        "INACTIVE": 1,
        "INVALID": 0,
        "MALICIOUS": 0,
        "SANE": 0,
        "VALID": 0,
        "total": 17601
    },
    "percentage": {
        "ACTIVE": 99.99431850463041,
        "INACTIVE": 0.0056814953695812735,
        "INVALID": 0.0,
        "MALICIOUS": 0.0,
        "SANE": 0.0,
        "VALID": 0.0,
        "total": 100.0
    }
}