{
    "counter": {
        "ACTIVE": 11979,
        "INACTIVE": 5,
        "INVALID": 0,
        "MALICIOUS": 0,
        "SANE": 0,
        "VALID": 0,
        "total": 11984
    },
    "percentage": {
        "ACTIVE": 99.95827770360481,
        "INACTIVE": 0.05465078150617554,
        "INVALID": 0,
        "MALICIOUS": 0,
        "SANE": 0,
        "VALID": 0,
        "total": 100.01292848511098
    }
}