{
    "counter": {
        "ACTIVE": 45310,
        "INACTIVE": 7,
        "INVALID": 0,
        "MALICIOUS": 0,
        "SANE": 0,
        "VALID": 0,
        "total": 45317
    },
    "percentage": {
        "ACTIVE": 99.9845532581592,
        "INACTIVE": 0.015446741840810291,
        "INVALID": 0.0,
        "MALICIOUS": 0.0,
        "SANE": 0.0,
        "VALID": 0.0,
        "total": 100.0
    }
}