{
    "counter": {
        "ACTIVE": 12390,
        "INACTIVE": 1,
        "INVALID": 0,
        "MALICIOUS": 0,
        "SANE": 0,
        "VALID": 0,
        "total": 12391
    },
    "percentage": {
        "ACTIVE": 99.9919296263417,
        "INACTIVE": 0.013190871916633689,
        "INVALID": 0,
        "MALICIOUS": 0,
        "SANE": 0,
        "VALID": 0,
        "total": 100.00512049825834
    }
}