{
    "counter": {
        "ACTIVE": 11283,
        "INACTIVE": 4,
        "INVALID": 0,
        "MALICIOUS": 0,
        "SANE": 0,
        "VALID": 0,
        "total": 11287
    },
    "percentage": {
        "ACTIVE": 99.96456099937981,
        "INACTIVE": 0.04179728317659352,
        "INVALID": 0,
        "MALICIOUS": 0,
        "SANE": 0,
        "VALID": 0,
        "total": 100.0063582825564
    }
}