{
    "counter": {
        "ACTIVE": 14476,
        "INACTIVE": 7,
        "INVALID": 0,
        "MALICIOUS": 0,
        "SANE": 0,
        "VALID": 0,
        "total": 14483
    },
    "percentage": {
        "ACTIVE": 99.9516674722088,
        "INACTIVE": 0.04833252779120348,
        "INVALID": 0.0,
        "MALICIOUS": 0.0,
        "SANE": 0.0,
        "VALID": 0.0,
        "total": 100.0
    }
}