{
    "counter": {
        "ACTIVE": 37556,
        "INACTIVE": 8,
        "INVALID": 0,
        "MALICIOUS": 0,
        "SANE": 0,
        "VALID": 0,
        "total": 37564
    },
    "percentage": {
        "ACTIVE": 99.97870301352359,
        "INACTIVE": 0.021296986476413586,
        "INVALID": 0.0,
        "MALICIOUS": 0.0,
        "SANE": 0.0,
        "VALID": 0.0,
        "total": 100.0
    }
}