{
    "counter": {
        "ACTIVE": 45985,
        "INACTIVE": 21,
        "INVALID": 0,
        "MALICIOUS": 0,
        "SANE": 0,
        "VALID": 0,
        "total": 46006
    },
    "percentage": {
        "ACTIVE": 99.95435377994174,
        "INACTIVE": 0.04564622005825327,
        "INVALID": 0.0,
        "MALICIOUS": 0.0,
        "SANE": 0.0,
        "VALID": 0.0,
        "total": 100.0
    }
}