{
    "counter": {
        "ACTIVE": 15975,
        "INACTIVE": 1048,
        "INVALID": 0,
        "MALICIOUS": 0,
        "SANE": 0,
        "VALID": 0,
        "total": 17023
    },
    "percentage": {
        "ACTIVE": 93.84362333313751,
        "INACTIVE": 6.15637666686248,
        "INVALID": 0.0,
        "MALICIOUS": 0.0,
        "SANE": 0.0,
        "VALID": 0.0,
        "total": 100.0
    }
}