{
    "counter": {
        "ACTIVE": 11421,
        "INACTIVE": 13,
        "INVALID": 0,
        "MALICIOUS": 0,
        "SANE": 0,
        "VALID": 0,
        "total": 11434
    },
    "percentage": {
        "ACTIVE": 99.88630400559734,
        "INACTIVE": 0.22279348757497858,
        "INVALID": 0,
        "MALICIOUS": 0,
        "SANE": 0,
        "VALID": 0,
        "total": 100.10909749317231
    }
}