{
    "counter": {
        "ACTIVE": 6615,
        "INACTIVE": 3,
        "INVALID": 0,
        "MALICIOUS": 0,
        "SANE": 0,
        "VALID": 0,
        "total": 6618
    },
    "percentage": {
        "ACTIVE": 99.9546690843155,
        "INACTIVE": 0.06370779358674877,
        "INVALID": 0,
        "MALICIOUS": 0,
        "SANE": 0,
        "VALID": 0,
        "total": 100.01837687790224
    }
}