{
    "counter": {
        "ACTIVE": 46026,
        "INACTIVE": 8,
        "INVALID": 0,
        "MALICIOUS": 0,
        "SANE": 0,
        "VALID": 0,
        "total": 46034
    },
    "percentage": {
        "ACTIVE": 99.98262154060042,
        "INACTIVE": 0.017378459399574227,
        "INVALID": 0.0,
        "MALICIOUS": 0.0,
        "SANE": 0.0,
        "VALID": 0.0,
        "total": 100.0
    }
}