{
    "counter": {
        "ACTIVE": 17455,
        "INACTIVE": 148,
        "INVALID": 0,
        "MALICIOUS": 0,
        "SANE": 0,
        "VALID": 0,
        "total": 17603
    },
    "percentage": {
        "ACTIVE": 99.15923422143953,
        "INACTIVE": 0.8407657785604726,
        "INVALID": 0.0,
        "MALICIOUS": 0.0,
        "SANE": 0.0,
        "VALID": 0.0,
        "total": 100.0
    }
}