{
    "counter": {
        "ACTIVE": 11341,
        "INACTIVE": 1,
        "INVALID": 0,
        "MALICIOUS": 0,
        "SANE": 0,
        "VALID": 0,
        "total": 11342
    },
    "percentage": {
        "ACTIVE": 99.99118321283724,
        "INACTIVE": 0.016404199475065617,
        "INVALID": 0,
        "MALICIOUS": 0,
        "SANE": 0,
        "VALID": 0,
        "total": 100.0075874123123
    }
}