{
    "counter": {
        "ACTIVE": 17384,
        "INACTIVE": 11,
        "INVALID": 0,
        "MALICIOUS": 0,
        "SANE": 0,
        "VALID": 0,
        "total": 17395
    },
    "percentage": {
        "ACTIVE": 99.93676343776947,
        "INACTIVE": 0.06323656223052601,
        "INVALID": 0.0,
        "MALICIOUS": 0.0,
        "SANE": 0.0,
        "VALID": 0.0,
        "total": 100.0
    }
}