{
    "counter": {
        "ACTIVE": 7595,
        "INACTIVE": 1,
        "INVALID": 0,
        "MALICIOUS": 0,
        "SANE": 0,
        "VALID": 0,
        "total": 7596
    },
    "percentage": {
        "ACTIVE": 99.98683517640863,
        "INACTIVE": 0.013190871916633689,
        "INVALID": 0,
        "MALICIOUS": 0,
        "SANE": 0,
        "VALID": 0,
        "total": 100.00002604832527
    }
}