{
    "counter": {
        "ACTIVE": 45401,
        "INACTIVE": 1,
        "INVALID": 0,
        "MALICIOUS": 0,
        "SANE": 0,
        "VALID": 0,
        "total": 45402
    },
    "percentage": {
        "ACTIVE": 99.99779745385666,
        "INACTIVE": 0.002202546143341703,
        "INVALID": 0.0,
        "MALICIOUS": 0.0,
        "SANE": 0.0,
        "VALID": 0.0,
        "total": 100.0
    }
}