{
    "counter": {
        "ACTIVE": 45412,
        "INACTIVE": 1,
        "INVALID": 0,
        "MALICIOUS": 0,
        "SANE": 0,
        "VALID": 0,
        "total": 45413
    },
    "percentage": {
        "ACTIVE": 99.99779798736044,
        "INACTIVE": 0.002202012639552551,
        "INVALID": 0.0,
        "MALICIOUS": 0.0,
        "SANE": 0.0,
        "VALID": 0.0,
        "total": 100.0
    }
}