{
    "counter": {
        "ACTIVE": 17499,
        "INACTIVE": 11,
        "INVALID": 0,
        "MALICIOUS": 0,
        "SANE": 0,
        "VALID": 0,
        "total": 17510
    },
    "percentage": {
        "ACTIVE": 99.93717875499715,
        "INACTIVE": 0.0628212450028555,
        "INVALID": 0.0,
        "MALICIOUS": 0.0,
        "SANE": 0.0,
        "VALID": 0.0,
        "total": 100.0
    }
}