{
    "counter": {
        "ACTIVE": 2138,
        "INACTIVE": 1,
        "INVALID": 0,
        "MALICIOUS": 0,
        "SANE": 0,
        "VALID": 0,
        "total": 2139
    },
    "percentage": {
        "ACTIVE": 99.95324918186068,
        "INACTIVE": 0.14771048744460857,
        "INVALID": 0,
        "MALICIOUS": 0,
        "SANE": 0,
        "VALID": 0,
        "total": 100.1009596693053
    }
}