{
    "counter": {
        "ACTIVE": 11673,
        "INACTIVE": 1,
        "INVALID": 0,
        "MALICIOUS": 0,
        "SANE": 0,
        "VALID": 0,
        "total": 11674
    },
    "percentage": {
        "ACTIVE": 99.99143395579921,
        "INACTIVE": 0.01774622892635315,
        "INVALID": 0,
        "MALICIOUS": 0,
        "SANE": 0,
        "VALID": 0,
        "total": 100.00918018472557
    }
}