{
    "counter": {
        "ACTIVE": 36858,
        "INACTIVE": 1,
        "INVALID": 0,
        "MALICIOUS": 0,
        "SANE": 0,
        "VALID": 0,
        "total": 36859
    },
    "percentage": {
        "ACTIVE": 99.99728695840908,
        "INACTIVE": 0.0027130415909275888,
        "INVALID": 0.0,
        "MALICIOUS": 0.0,
        "SANE": 0.0,
        "VALID": 0.0,
        "total": 100.0
    }
}