{
    "counter": {
        "ACTIVE": 17452,
        "INACTIVE": 148,
        "INVALID": 0,
        "MALICIOUS": 0,
        "SANE": 0,
        "VALID": 0,
        "total": 17600
    },
    "percentage": {
        "ACTIVE": 99.1590909090909,
        "INACTIVE": 0.8409090909090909,
        "INVALID": 0.0,
        "MALICIOUS": 0.0,
        "SANE": 0.0,
        "VALID": 0.0,
        "total": 100.0
    }
}