{
    "counter": {
        "ACTIVE": 9326,
        "INACTIVE": 1,
        "INVALID": 0,
        "MALICIOUS": 0,
        "SANE": 0,
        "VALID": 0,
        "total": 9327
    },
    "percentage": {
        "ACTIVE": 99.98927843894072,
        "INACTIVE": 0.02499375156210947,
        "INVALID": 0,
        "MALICIOUS": 0,
        "SANE": 0,
        "VALID": 0,
        "total": 100.01427219050282
    }
}