{
    "counter": {
        "ACTIVE": 45541,
        "INACTIVE": 1,
        "INVALID": 0,
        "MALICIOUS": 0,
        "SANE": 0,
        "VALID": 0,
        "total": 45542
    },
    "percentage": {
        "ACTIVE": 99.99780422467173,
        "INACTIVE": 0.0021957753282684117,
        "INVALID": 0.0,
        "MALICIOUS": 0.0,
        "SANE": 0.0,
        "VALID": 0.0,
        "total": 100.0
    }
}