{
    "counter": {
        "ACTIVE": 45550,
        "INACTIVE": 1,
        "INVALID": 0,
        "MALICIOUS": 0,
        "SANE": 0,
        "VALID": 0,
        "total": 45551
    },
    "percentage": {
        "ACTIVE": 99.99780465851464,
        "INACTIVE": 0.002195341485368049,
        "INVALID": 0.0,
        "MALICIOUS": 0.0,
        "SANE": 0.0,
        "VALID": 0.0,
        "total": 100.0
    }
}