{
    "counter": {
        "ACTIVE": 12633,
        "INACTIVE": 1,
        "INVALID": 0,
        "MALICIOUS": 0,
        "SANE": 0,
        "VALID": 0,
        "total": 12634
    },
    "percentage": {
        "ACTIVE": 99.99208485040367,
        "INACTIVE": 0.014781966001478197,
        "INVALID": 0,
        "MALICIOUS": 0,
        "SANE": 0,
        "VALID": 0,
        "total": 100.00686681640515
    }
}