{
    "counter": {
        "ACTIVE": 7475,
        "INACTIVE": 1,
        "INVALID": 0,
        "MALICIOUS": 0,
        "SANE": 0,
        "VALID": 0,
        "total": 7476
    },
    "percentage": {
        "ACTIVE": 99.98662386302836,
        "INACTIVE": 0.031625553447185324,
        "INVALID": 0,
        "MALICIOUS": 0,
        "SANE": 0,
        "VALID": 0,
        "total": 100.01824941647554
    }
}