{
    "counter": {
        "ACTIVE": 7800,
        "INACTIVE": 1,
        "INVALID": 0,
        "MALICIOUS": 0,
        "SANE": 0,
        "VALID": 0,
        "total": 7801
    },
    "percentage": {
        "ACTIVE": 99.98718113062428,
        "INACTIVE": 0.015037593984962405,
        "INVALID": 0,
        "MALICIOUS": 0,
        "SANE": 0,
        "VALID": 0,
        "total": 100.00221872460924
    }
}