{
    "counter": {
        "ACTIVE": 7877,
        "INACTIVE": 8,
        "INVALID": 23,
        "MALICIOUS": 0,
        "SANE": 0,
        "VALID": 0,
        "total": 7908
    },
    "percentage": {
        "ACTIVE": 99.6079919069297,
        "INACTIVE": 0.11277135607555681,
        "INVALID": 0.2942305232186261,
        "MALICIOUS": 0,
        "SANE": 0,
        "VALID": 0,
        "total": 100.01499378622388
    }
}