{
    "counter": {
        "ACTIVE": 16873,
        "INACTIVE": 917,
        "INVALID": 0,
        "MALICIOUS": 0,
        "SANE": 0,
        "VALID": 0,
        "total": 17790
    },
    "percentage": {
        "ACTIVE": 94.84541877459247,
        "INACTIVE": 5.154581225407532,
        "INVALID": 0.0,
        "MALICIOUS": 0.0,
        "SANE": 0.0,
        "VALID": 0.0,
        "total": 100.0
    }
}