{
    "counter": {
        "ACTIVE": 17114,
        "INACTIVE": 135,
        "INVALID": 0,
        "MALICIOUS": 0,
        "SANE": 0,
        "VALID": 0,
        "total": 17249
    },
    "percentage": {
        "ACTIVE": 99.21734593309758,
        "INACTIVE": 0.7826540669024291,
        "INVALID": 0.0,
        "MALICIOUS": 0.0,
        "SANE": 0.0,
        "VALID": 0.0,
        "total": 100.0
    }
}