{
    "counter": {
        "ACTIVE": 17163,
        "INACTIVE": 24,
        "INVALID": 1,
        "MALICIOUS": 0,
        "SANE": 0,
        "VALID": 0,
        "total": 17188
    },
    "percentage": {
        "ACTIVE": 99.85454968582732,
        "INACTIVE": 0.14207068016338129,
        "INVALID": 0.0067856415824116174,
        "MALICIOUS": 0,
        "SANE": 0,
        "VALID": 0,
        "total": 100.00340600757312
    }
}