{
    "counter": {
        "ACTIVE": 9375,
        "INACTIVE": 1,
        "INVALID": 0,
        "MALICIOUS": 0,
        "SANE": 0,
        "VALID": 0,
        "total": 9376
    },
    "percentage": {
        "ACTIVE": 99.98933447098976,
        "INACTIVE": 0.26881720430107525,
        "INVALID": 0,
        "MALICIOUS": 0,
        "SANE": 0,
        "VALID": 0,
        "total": 100.25815167529083
    }
}