{
    "counter": {
        "ACTIVE": 15036,
        "INACTIVE": 6,
        "INVALID": 0,
        "MALICIOUS": 0,
        "SANE": 0,
        "VALID": 0,
        "total": 15042
    },
    "percentage": {
        "ACTIVE": 99.96011168727563,
        "INACTIVE": 0.042471862391165856,
        "INVALID": 0,
        "MALICIOUS": 0,
        "SANE": 0,
        "VALID": 0,
        "total": 100.0025835496668
    }
}