{
    "counter": {
        "ACTIVE": 39802,
        "INACTIVE": 1,
        "INVALID": 0,
        "MALICIOUS": 0,
        "SANE": 0,
        "VALID": 0,
        "total": 39803
    },
    "percentage": {
        "ACTIVE": 99.99748762656081,
        "INACTIVE": 0.002512373439188001,
        "INVALID": 0.0,
        "MALICIOUS": 0.0,
        "SANE": 0.0,
        "VALID": 0.0,
        "total": 100.0
    }
}