{
    "counter": {
        "ACTIVE": 32342,
        "INACTIVE": 1,
        "INVALID": 0,
        "MALICIOUS": 0,
        "SANE": 0,
        "VALID": 0,
        "total": 32343
    },
    "percentage": {
        "ACTIVE": 99.9969081408651,
        "INACTIVE": 0.003091859134897814,
        "INVALID": 0.0,
        "MALICIOUS": 0.0,
        "SANE": 0.0,
        "VALID": 0.0,
        "total": 100.0
    }
}