{
    "counter": {
        "ACTIVE": 39660,
        "INACTIVE": 8,
        "INVALID": 0,
        "MALICIOUS": 0,
        "SANE": 0,
        "VALID": 0,
        "total": 39668
    },
    "percentage": {
        "ACTIVE": 99.97983261066855,
        "INACTIVE": 0.020167389331451045,
        "INVALID": 0.0,
        "MALICIOUS": 0.0,
        "SANE": 0.0,
        "VALID": 0.0,
        "total": 100.0
    }
}