{
    "counter": {
        "ACTIVE": 15916,
        "INACTIVE": 1,
        "INVALID": 0,
        "MALICIOUS": 0,
        "SANE": 0,
        "VALID": 0,
        "total": 15917
    },
    "percentage": {
        "ACTIVE": 99.9937174090595,
        "INACTIVE": 0.006282590940503863,
        "INVALID": 0.0,
        "MALICIOUS": 0.0,
        "SANE": 0.0,
        "VALID": 0.0,
        "total": 100.0
    }
}