{
    "counter": {
        "ACTIVE": 38671,
        "INACTIVE": 1,
        "INVALID": 0,
        "MALICIOUS": 0,
        "SANE": 0,
        "VALID": 0,
        "total": 38672
    },
    "percentage": {
        "ACTIVE": 99.99741414977244,
        "INACTIVE": 0.00258585022755482,
        "INVALID": 0.0,
        "MALICIOUS": 0.0,
        "SANE": 0.0,
        "VALID": 0.0,
        "total": 100.0
    }
}