{
    "counter": {
        "ACTIVE": 6685,
        "INACTIVE": 16,
        "INVALID": 0,
        "MALICIOUS": 0,
        "SANE": 0,
        "VALID": 0,
        "total": 6701
    },
    "percentage": {
        "ACTIVE": 99.76122966721385,
        "INACTIVE": 0.23930601256356565,
        "INVALID": 0,
        "MALICIOUS": 0,
        "SANE": 0,
        "VALID": 0,
        "total": 100.00053567977741
    }
}