{
    "counter": {
        "ACTIVE": 7840,
        "INACTIVE": 2,
        "INVALID": 0,
        "MALICIOUS": 0,
        "SANE": 0,
        "VALID": 0,
        "total": 7842
    },
    "percentage": {
        "ACTIVE": 99.97449630196378,
        "INACTIVE": 0.03506926179203928,
        "INVALID": 0,
        "MALICIOUS": 0,
        "SANE": 0,
        "VALID": 0,
        "total": 100.00956556375583
    }
}