{
    "counter": {
        "ACTIVE": 17628,
        "INACTIVE": 25,
        "INVALID": 0,
        "MALICIOUS": 0,
        "SANE": 0,
        "VALID": 0,
        "total": 17653
    },
    "percentage": {
        "ACTIVE": 99.85838101172605,
        "INACTIVE": 0.14317622129316762,
        "INVALID": 0,
        "MALICIOUS": 0,
        "SANE": 0,
        "VALID": 0,
        "total": 100.00155723301923
    }
}