{
    "counter": {
        "ACTIVE": 37917,
        "INACTIVE": 1,
        "INVALID": 0,
        "MALICIOUS": 0,
        "SANE": 0,
        "VALID": 0,
        "total": 37918
    },
    "percentage": {
        "ACTIVE": 99.9973627301018,
        "INACTIVE": 0.002637269898201382,
        "INVALID": 0.0,
        "MALICIOUS": 0.0,
        "SANE": 0.0,
        "VALID": 0.0,
        "total": 100.0
    }
}