{
    "counter": {
        "ACTIVE": 12256,
        "INACTIVE": 1,
        "INVALID": 0,
        "MALICIOUS": 0,
        "SANE": 0,
        "VALID": 0,
        "total": 12257
    },
    "percentage": {
        "ACTIVE": 99.99184139675287,
        "INACTIVE": 0.016404199475065617,
        "INVALID": 0,
        "MALICIOUS": 0,
        "SANE": 0,
        "VALID": 0,
        "total": 100.00824559622794
    }
}