{
    "counter": {
        "ACTIVE": 17726,
        "INACTIVE": 25,
        "INVALID": 0,
        "MALICIOUS": 0,
        "SANE": 0,
        "VALID": 0,
        "total": 17751
    },
    "percentage": {
        "ACTIVE": 99.85916286406399,
        "INACTIVE": 0.14317622129316762,
        "INVALID": 0,
        "MALICIOUS": 0,
        "SANE": 0,
        "VALID": 0,
        "total": 100.00233908535716
    }
}