{
    "counter": {
        "ACTIVE": 3999,
        "INACTIVE": 85,
        "INVALID": 0,
        "MALICIOUS": 0,
        "SANE": 0,
        "VALID": 0,
        "total": 4084
    },
    "percentage": {
        "ACTIVE": 97.91870714985309,
        "INACTIVE": 2.135678391959799,
        "INVALID": 0,
        "MALICIOUS": 0,
        "SANE": 0,
        "VALID": 0,
        "total": 100.05438554181289
    }
}