{
    "counter": {
        "ACTIVE": 16395,
        "INACTIVE": 885,
        "INVALID": 0,
        "MALICIOUS": 0,
        "SANE": 0,
        "VALID": 0,
        "total": 17280
    },
    "percentage": {
        "ACTIVE": 94.87847222222223,
        "INACTIVE": 5.121527777777778,
        "INVALID": 0.0,
        "MALICIOUS": 0.0,
        "SANE": 0.0,
        "VALID": 0.0,
        "total": 100.0
    }
}