{
    "counter": {
        "ACTIVE": 45481,
        "INACTIVE": 1,
        "INVALID": 0,
        "MALICIOUS": 0,
        "SANE": 0,
        "VALID": 0,
        "total": 45482
    },
    "percentage": {
        "ACTIVE": 99.99780132799789,
        "INACTIVE": 0.0021986720021107253,
        "INVALID": 0.0,
        "MALICIOUS": 0.0,
        "SANE": 0.0,
        "VALID": 0.0,
        "total": 100.0
    }
}