{
    "counter": {
        "ACTIVE": 8844,
        "INACTIVE": 1,
        "INVALID": 0,
        "MALICIOUS": 0,
        "SANE": 0,
        "VALID": 0,
        "total": 8845
    },
    "percentage": {
        "ACTIVE": 99.98869417750142,
        "INACTIVE": 0.016404199475065617,
        "INVALID": 0,
        "MALICIOUS": 0,
        "SANE": 0,
        "VALID": 0,
        "total": 100.00509837697648
    }
}