{
    "counter": {
        "ACTIVE": 16774,
        "INACTIVE": 913,
        "INVALID": 0,
        "MALICIOUS": 0,
        "SANE": 0,
        "VALID": 0,
        "total": 17687
    },
    "percentage": {
        "ACTIVE": 94.83801662237802,
        "INACTIVE": 5.161983377621982,
        "INVALID": 0.0,
        "MALICIOUS": 0.0,
        "SANE": 0.0,
        "VALID": 0.0,
        "total": 100.0
    }
}