{
    "counter": {
        "ACTIVE": 17725,
        "INACTIVE": 11,
        "INVALID": 0,
        "MALICIOUS": 0,
        "SANE": 0,
        "VALID": 0,
        "total": 17736
    },
    "percentage": {
        "ACTIVE": 99.93797925124042,
        "INACTIVE": 0.06202074875958503,
        "INVALID": 0.0,
        "MALICIOUS": 0.0,
        "SANE": 0.0,
        "VALID": 0.0,
        "total": 100.0
    }
}