{
    "counter": {
        "ACTIVE": 45539,
        "INACTIVE": 1,
        "INVALID": 0,
        "MALICIOUS": 0,
        "SANE": 0,
        "VALID": 0,
        "total": 45540
    },
    "percentage": {
        "ACTIVE": 99.99780412823891,
        "INACTIVE": 0.0021958717610891525,
        "INVALID": 0.0,
        "MALICIOUS": 0.0,
        "SANE": 0.0,
        "VALID": 0.0,
        "total": 100.0
    }
}