{
    "counter": {
        "ACTIVE": 8225,
        "INACTIVE": 2,
        "INVALID": 0,
        "MALICIOUS": 0,
        "SANE": 0,
        "VALID": 0,
        "total": 8227
    },
    "percentage": {
        "ACTIVE": 99.97568980187188,
        "INACTIVE": 0.025157232704402517,
        "INVALID": 0,
        "MALICIOUS": 0,
        "SANE": 0,
        "VALID": 0,
        "total": 100.00084703457628
    }
}