{
    "counter": {
        "ACTIVE": 16292,
        "INACTIVE": 123,
        "INVALID": 0,
        "MALICIOUS": 0,
        "SANE": 0,
        "VALID": 0,
        "total": 16415
    },
    "percentage": {
        "ACTIVE": 99.25068534876637,
        "INACTIVE": 0.7493146512336277,
        "INVALID": 0.0,
        "MALICIOUS": 0.0,
        "SANE": 0.0,
        "VALID": 0.0,
        "total": 100.0
    }
}