{
    "counter": {
        "ACTIVE": 40446,
        "INACTIVE": 1,
        "INVALID": 0,
        "MALICIOUS": 0,
        "SANE": 0,
        "VALID": 0,
        "total": 40447
    },
    "percentage": {
        "ACTIVE": 99.99752762874873,
        "INACTIVE": 0.00247237125126709,
        "INVALID": 0.0,
        "MALICIOUS": 0.0,
        "SANE": 0.0,
        "VALID": 0.0,
        "total": 100.0
    }
}