{
    "counter": {
        "ACTIVE": 12793,
        "INACTIVE": 5,
        "INVALID": 0,
        "MALICIOUS": 0,
        "SANE": 0,
        "VALID": 0,
        "total": 12798
    },
    "percentage": {
        "ACTIVE": 99.96093139553055,
        "INACTIVE": 0.05465078150617554,
        "INVALID": 0,
        "MALICIOUS": 0,
        "SANE": 0,
        "VALID": 0,
        "total": 100.01558217703672
    }
}