{
    "counter": {
        "ACTIVE": 6720,
        "INACTIVE": 3,
        "INVALID": 0,
        "MALICIOUS": 0,
        "SANE": 0,
        "VALID": 0,
        "total": 6723
    },
    "percentage": {
        "ACTIVE": 99.9553770638108,
        "INACTIVE": 0.04505180958101817,
        "INVALID": 0,
        "MALICIOUS": 0,
        "SANE": 0,
        "VALID": 0,
        "total": 100.00042887339181
    }
}