{
    "counter": {
        "ACTIVE": 14067,
        "INACTIVE": 1,
        "INVALID": 0,
        "MALICIOUS": 0,
        "SANE": 0,
        "VALID": 0,
        "total": 14068
    },
    "percentage": {
        "ACTIVE": 99.99289166903611,
        "INACTIVE": 0.0177367860943597,
        "INVALID": 0,
        "MALICIOUS": 0,
        "SANE": 0,
        "VALID": 0,
        "total": 100.01062845513047
    }
}