{
    "counter": {
        "ACTIVE": 16020,
        "INACTIVE": 8,
        "INVALID": 0,
        "MALICIOUS": 0,
        "SANE": 0,
        "VALID": 0,
        "total": 16028
    },
    "percentage": {
        "ACTIVE": 99.9500873471425,
        "INACTIVE": 0.04991265285749938,
        "INVALID": 0.0,
        "MALICIOUS": 0.0,
        "SANE": 0.0,
        "VALID": 0.0,
        "total": 100.0
    }
}