{
    "counter": {
        "ACTIVE": 17737,
        "INACTIVE": 11,
        "INVALID": 0,
        "MALICIOUS": 0,
        "SANE": 0,
        "VALID": 0,
        "total": 17748
    },
    "percentage": {
        "ACTIVE": 99.9380211854857,
        "INACTIVE": 0.06197881451431147,
        "INVALID": 0.0,
        "MALICIOUS": 0.0,
        "SANE": 0.0,
        "VALID": 0.0,
        "total": 100.0
    }
}