{
    "counter": {
        "ACTIVE": 13151,
        "INACTIVE": 1,
        "INVALID": 0,
        "MALICIOUS": 0,
        "SANE": 0,
        "VALID": 0,
        "total": 13152
    },
    "percentage": {
        "ACTIVE": 99.99239659367396,
        "INACTIVE": 0.0076034063260340635,
        "INVALID": 0.0,
        "MALICIOUS": 0.0,
        "SANE": 0.0,
        "VALID": 0.0,
        "total": 100.0
    }
}