{
    "counter": {
        "ACTIVE": 17675,
        "INACTIVE": 148,
        "INVALID": 0,
        "MALICIOUS": 0,
        "SANE": 0,
        "VALID": 0,
        "total": 17823
    },
    "percentage": {
        "ACTIVE": 99.16961229871514,
        "INACTIVE": 0.8303877012848566,
        "INVALID": 0.0,
        "MALICIOUS": 0.0,
        "SANE": 0.0,
        "VALID": 0.0,
        "total": 100.0
    }
}