{
    "counter": {
        "ACTIVE": 7743,
        "INACTIVE": 2,
        "INVALID": 0,
        "MALICIOUS": 0,
        "SANE": 0,
        "VALID": 0,
        "total": 7745
    },
    "percentage": {
        "ACTIVE": 99.97417688831504,
        "INACTIVE": 0.05142710208279763,
        "INVALID": 0,
        "MALICIOUS": 0,
        "SANE": 0,
        "VALID": 0,
        "total": 100.02560399039784
    }
}