{
    "counter": {
        "ACTIVE": 12398,
        "INACTIVE": 1,
        "INVALID": 0,
        "MALICIOUS": 0,
        "SANE": 0,
        "VALID": 0,
        "total": 12399
    },
    "percentage": {
        "ACTIVE": 99.99193483345431,
        "INACTIVE": 0.02608242044861763,
        "INVALID": 0,
        "MALICIOUS": 0,
        "SANE": 0,
        "VALID": 0,
        "total": 100.01801725390293
    }
}