{
    "counter": {
        "ACTIVE": 45136,
        "INACTIVE": 1,
        "INVALID": 0,
        "MALICIOUS": 0,
        "SANE": 0,
        "VALID": 0,
        "total": 45137
    },
    "percentage": {
        "ACTIVE": 99.99778452267542,
        "INACTIVE": 0.0022154773245895826,
        "INVALID": 0.0,
        "MALICIOUS": 0.0,
        "SANE": 0.0,
        "VALID": 0.0,
        "total": 100.0
    }
}