{
    "counter": {
        "ACTIVE": 16834,
        "INACTIVE": 915,
        "INVALID": 0,
        "MALICIOUS": 0,
        "SANE": 0,
        "VALID": 0,
        "total": 17749
    },
    "percentage": {
        "ACTIVE": 94.84477998760494,
        "INACTIVE": 5.155220012395064,
        "INVALID": 0.0,
        "MALICIOUS": 0.0,
        "SANE": 0.0,
        "VALID": 0.0,
        "total": 100.0
    }
}