{
    "counter": {
        "ACTIVE": 45410,
        "INACTIVE": 4,
        "INVALID": 0,
        "MALICIOUS": 0,
        "SANE": 0,
        "VALID": 0,
        "total": 45414
    },
    "percentage": {
        "ACTIVE": 99.9911921433919,
        "INACTIVE": 0.00880785660809442,
        "INVALID": 0.0,
        "MALICIOUS": 0.0,
        "SANE": 0.0,
        "VALID": 0.0,
        "total": 100.0
    }
}