{
    "counter": {
        "ACTIVE": 10807,
        "INACTIVE": 86,
        "INVALID": 0,
        "MALICIOUS": 0,
        "SANE": 0,
        "VALID": 0,
        "total": 10893
    },
    "percentage": {
        "ACTIVE": 99.21050215734876,
        "INACTIVE": 0.8716805189539834,
        "INVALID": 0,
        "MALICIOUS": 0,
        "SANE": 0,
        "VALID": 0,
        "total": 100.08218267630274
    }
}