{
    "counter": {
        "ACTIVE": 45753,
        "INACTIVE": 57,
        "INVALID": 0,
        "MALICIOUS": 0,
        "SANE": 0,
        "VALID": 0,
        "total": 45810
    },
    "percentage": {
        "ACTIVE": 99.87557301899149,
        "INACTIVE": 0.12442698100851342,
        "INVALID": 0.0,
        "MALICIOUS": 0.0,
        "SANE": 0.0,
        "VALID": 0.0,
        "total": 100.0
    }
}