{
    "counter": {
        "ACTIVE": 13009,
        "INACTIVE": 2,
        "INVALID": 0,
        "MALICIOUS": 0,
        "SANE": 0,
        "VALID": 0,
        "total": 13011
    },
    "percentage": {
        "ACTIVE": 99.98462839136116,
        "INACTIVE": 0.01793561115595014,
        "INVALID": 0,
        "MALICIOUS": 0,
        "SANE": 0,
        "VALID": 0,
        "total": 100.0025640025171
    }
}