{
    "counter": {
        "ACTIVE": 46060,
        "INACTIVE": 11,
        "INVALID": 0,
        "MALICIOUS": 0,
        "SANE": 0,
        "VALID": 0,
        "total": 46071
    },
    "percentage": {
        "ACTIVE": 99.97612380890365,
        "INACTIVE": 0.023876191096351283,
        "INVALID": 0.0,
        "MALICIOUS": 0.0,
        "SANE": 0.0,
        "VALID": 0.0,
        "total": 100.0
    }
}