{
    "counter": {
        "ACTIVE": 11615,
        "INACTIVE": 5,
        "INVALID": 0,
        "MALICIOUS": 0,
        "SANE": 0,
        "VALID": 0,
        "total": 11620
    },
    "percentage": {
        "ACTIVE": 99.95697074010327,
        "INACTIVE": 0.05465078150617554,
        "INVALID": 0,
        "MALICIOUS": 0,
        "SANE": 0,
        "VALID": 0,
        "total": 100.01162152160944
    }
}