{
    "counter": {
        "ACTIVE": 4510,
        "INACTIVE": 2,
        "INVALID": 0,
        "MALICIOUS": 0,
        "SANE": 0,
        "VALID": 0,
        "total": 4512
    },
    "percentage": {
        "ACTIVE": 99.95567375886525,
        "INACTIVE": 0.044326241134751775,
        "INVALID": 0.0,
        "MALICIOUS": 0.0,
        "SANE": 0.0,
        "VALID": 0.0,
        "total": 100.0
    }
}