{
    "counter": {
        "ACTIVE": 4789,
        "INACTIVE": 1,
        "INVALID": 0,
        "MALICIOUS": 0,
        "SANE": 0,
        "VALID": 0,
        "total": 4790
    },
    "percentage": {
        "ACTIVE": 99.97912317327766,
        "INACTIVE": 0.02499375156210947,
        "INVALID": 0,
        "MALICIOUS": 0,
        "SANE": 0,
        "VALID": 0,
        "total": 100.00411692483976
    }
}