{
    "counter": {
        "ACTIVE": 6792,
        "INACTIVE": 2,
        "INVALID": 0,
        "MALICIOUS": 0,
        "SANE": 0,
        "VALID": 0,
        "total": 6794
    },
    "percentage": {
        "ACTIVE": 99.97056226081837,
        "INACTIVE": 0.06234413965087282,
        "INVALID": 0,
        "MALICIOUS": 0,
        "SANE": 0,
        "VALID": 0,
        "total": 100.03290640046924
    }
}