{
    "counter": {
        "ACTIVE": 16715,
        "INACTIVE": 1,
        "INVALID": 0,
        "MALICIOUS": 0,
        "SANE": 0,
        "VALID": 0,
        "total": 16716
    },
    "percentage": {
        "ACTIVE": 99.99401770758554,
        "INACTIVE": 0.0059822924144532184,
        "INVALID": 0.0,
        "MALICIOUS": 0.0,
        "SANE": 0.0,
        "VALID": 0.0,
        "total": 100.0
    }
}