{
    "counter": {
        "ACTIVE": 3989,
        "INACTIVE": 1,
        "INVALID": 0,
        "MALICIOUS": 0,
        "SANE": 0,
        "VALID": 0,
        "total": 3990
    },
    "percentage": {
        "ACTIVE": 99.97493734335839,
        "INACTIVE": 0.031220730565095223,
        "INVALID": 0,
        "MALICIOUS": 0,
        "SANE": 0,
        "VALID": 0,
        "total": 100.00615807392349
    }
}