{
    "counter": {
        "ACTIVE": 39325,
        "INACTIVE": 1,
        "INVALID": 0,
        "MALICIOUS": 0,
        "SANE": 0,
        "VALID": 0,
        "total": 39326
    },
    "percentage": {
        "ACTIVE": 99.99745715302853,
        "INACTIVE": 0.002542846971469257,
        "INVALID": 0.0,
        "MALICIOUS": 0.0,
        "SANE": 0.0,
        "VALID": 0.0,
        "total": 100.0
    }
}