{
    "counter": {
        "ACTIVE": 17110,
        "INACTIVE": 11,
        "INVALID": 0,
        "MALICIOUS": 0,
        "SANE": 0,
        "VALID": 0,
        "total": 17121
    },
    "percentage": {
        "ACTIVE": 99.93575141638922,
        "INACTIVE": 0.0642485836107704,
        "INVALID": 0.0,
        "MALICIOUS": 0.0,
        "SANE": 0.0,
        "VALID": 0.0,
        "total": 100.0
    }
}