{
    "counter": {
        "ACTIVE": 9192,
        "INACTIVE": 3,
        "INVALID": 0,
        "MALICIOUS": 0,
        "SANE": 0,
        "VALID": 0,
        "total": 9195
    },
    "percentage": {
        "ACTIVE": 99.9673735725938,
        "INACTIVE": 0.036483035388544326,
        "INVALID": 0,
        "MALICIOUS": 0,
        "SANE": 0,
        "VALID": 0,
        "total": 100.00385660798234
    }
}