{
    "counter": {
        "ACTIVE": 11753,
        "INACTIVE": 1,
        "INVALID": 0,
        "MALICIOUS": 0,
        "SANE": 0,
        "VALID": 0,
        "total": 11754
    },
    "percentage": {
        "ACTIVE": 99.99149225795473,
        "INACTIVE": 0.0177367860943597,
        "INVALID": 0,
        "MALICIOUS": 0,
        "SANE": 0,
        "VALID": 0,
        "total": 100.00922904404909
    }
}