{
    "counter": {
        "ACTIVE": 12566,
        "INACTIVE": 5,
        "INVALID": 0,
        "MALICIOUS": 0,
        "SANE": 0,
        "VALID": 0,
        "total": 12571
    },
    "percentage": {
        "ACTIVE": 99.96022591679262,
        "INACTIVE": 0.06383250351078769,
        "INVALID": 0,
        "MALICIOUS": 0,
        "SANE": 0,
        "VALID": 0,
        "total": 100.0240584203034
    }
}