{
    "counter": {
        "ACTIVE": 12881,
        "INACTIVE": 2,
        "INVALID": 0,
        "MALICIOUS": 0,
        "SANE": 0,
        "VALID": 0,
        "total": 12883
    },
    "percentage": {
        "ACTIVE": 99.98447566560584,
        "INACTIVE": 0.029994001199760048,
        "INVALID": 0,
        "MALICIOUS": 0,
        "SANE": 0,
        "VALID": 0,
        "total": 100.0144696668056
    }
}