{
    "counter": {
        "ACTIVE": 7659,
        "INACTIVE": 2,
        "INVALID": 0,
        "MALICIOUS": 0,
        "SANE": 0,
        "VALID": 0,
        "total": 7661
    },
    "percentage": {
        "ACTIVE": 99.97389374755254,
        "INACTIVE": 0.02644453259288642,
        "INVALID": 0,
        "MALICIOUS": 0,
        "SANE": 0,
        "VALID": 0,
        "total": 100.00033828014543
    }
}