{
    "counter": {
        "ACTIVE": 3990,
        "INACTIVE": 2,
        "INVALID": 0,
        "MALICIOUS": 0,
        "SANE": 0,
        "VALID": 0,
        "total": 3992
    },
    "percentage": {
        "ACTIVE": 99.9498997995992,
        "INACTIVE": 0.06234413965087282,
        "INVALID": 0,
        "MALICIOUS": 0,
        "SANE": 0,
        "VALID": 0,
        "total": 100.01224393925007
    }
}