{
    "counter": {
        "ACTIVE": 12812,
        "INACTIVE": 1,
        "INVALID": 0,
        "MALICIOUS": 0,
        "SANE": 0,
        "VALID": 0,
        "total": 12813
    },
    "percentage": {
        "ACTIVE": 99.99219542651994,
        "INACTIVE": 0.012325896708985578,
        "INVALID": 0,
        "MALICIOUS": 0,
        "SANE": 0,
        "VALID": 0,
        "total": 100.00452132322893
    }
}