{
    "counter": {
        "ACTIVE": 13298,
        "INACTIVE": 3,
        "INVALID": 0,
        "MALICIOUS": 0,
        "SANE": 0,
        "VALID": 0,
        "total": 13301
    },
    "percentage": {
        "ACTIVE": 99.97744530486429,
        "INACTIVE": 0.02896312029349295,
        "INVALID": 0,
        "MALICIOUS": 0,
        "SANE": 0,
        "VALID": 0,
        "total": 100.00640842515779
    }
}