{
    "counter": {
        "ACTIVE": 13277,
        "INACTIVE": 5,
        "INVALID": 0,
        "MALICIOUS": 0,
        "SANE": 0,
        "VALID": 0,
        "total": 13282
    },
    "percentage": {
        "ACTIVE": 99.96235506700798,
        "INACTIVE": 0.05465078150617554,
        "INVALID": 0,
        "MALICIOUS": 0,
        "SANE": 0,
        "VALID": 0,
        "total": 100.01700584851415
    }
}