{
    "counter": {
        "ACTIVE": 17462,
        "INACTIVE": 1,
        "INVALID": 0,
        "MALICIOUS": 0,
        "SANE": 0,
        "VALID": 0,
        "total": 17463
    },
    "percentage": {
        "ACTIVE": 99.99427360705492,
        "INACTIVE": 0.005726392945083892,
        "INVALID": 0.0,
        "MALICIOUS": 0.0,
        "SANE": 0.0,
        "VALID": 0.0,
        "total": 100.0
    }
}