{
    "counter": {
        "ACTIVE": 9746,
        "INACTIVE": 2,
        "INVALID": 0,
        "MALICIOUS": 0,
        "SANE": 0,
        "VALID": 0,
        "total": 9748
    },
    "percentage": {
        "ACTIVE": 99.97948297086582,
        "INACTIVE": 0.02099737532808399,
        "INVALID": 0,
        "MALICIOUS": 0,
        "SANE": 0,
        "VALID": 0,
        "total": 100.0004803461939
    }
}