{
    "counter": {
        "ACTIVE": 9664,
        "INACTIVE": 1,
        "INVALID": 0,
        "MALICIOUS": 0,
        "SANE": 0,
        "VALID": 0,
        "total": 9665
    },
    "percentage": {
        "ACTIVE": 99.98965338851526,
        "INACTIVE": 0.031625553447185324,
        "INVALID": 0,
        "MALICIOUS": 0,
        "SANE": 0,
        "VALID": 0,
        "total": 100.02127894196245
    }
}