{
    "counter": {
        "ACTIVE": 16833,
        "INACTIVE": 915,
        "INVALID": 0,
        "MALICIOUS": 0,
        "SANE": 0,
        "VALID": 0,
        "total": 17748
    },
    "percentage": {
        "ACTIVE": 94.84448951994591,
        "INACTIVE": 5.15551048005409,
        "INVALID": 0.0,
        "MALICIOUS": 0.0,
        "SANE": 0.0,
        "VALID": 0.0,
        "total": 100.0
    }
}