{
    "counter": {
        "ACTIVE": 11106,
        "INACTIVE": 3,
        "INVALID": 0,
        "MALICIOUS": 0,
        "SANE": 0,
        "VALID": 0,
        "total": 11109
    },
    "percentage": {
        "ACTIVE": 99.97299486902511,
        "INACTIVE": 0.1139384732244588,
        "INVALID": 0,
        "MALICIOUS": 0,
        "SANE": 0,
        "VALID": 0,
        "total": 100.08693334224958
    }
}