{
    "counter": {
        "ACTIVE": 17462,
        "INACTIVE": 11,
        "INVALID": 0,
        "MALICIOUS": 0,
        "SANE": 0,
        "VALID": 0,
        "total": 17473
    },
    "percentage": {
        "ACTIVE": 99.93704572769416,
        "INACTIVE": 0.0629542723058433,
        "INVALID": 0.0,
        "MALICIOUS": 0.0,
        "SANE": 0.0,
        "VALID": 0.0,
        "total": 100.0
    }
}