{
    "counter": {
        "ACTIVE": 45396,
        "INACTIVE": 17,
        "INVALID": 0,
        "MALICIOUS": 0,
        "SANE": 0,
        "VALID": 0,
        "total": 45413
    },
    "percentage": {
        "ACTIVE": 99.96256578512761,
        "INACTIVE": 0.037434214872393366,
        "INVALID": 0.0,
        "MALICIOUS": 0.0,
        "SANE": 0.0,
        "VALID": 0.0,
        "total": 100.0
    }
}