{
    "counter": {
        "ACTIVE": 17432,
        "INACTIVE": 11,
        "INVALID": 0,
        "MALICIOUS": 0,
        "SANE": 0,
        "VALID": 0,
        "total": 17443
    },
    "percentage": {
        "ACTIVE": 99.93693745341972,
        "INACTIVE": 0.06352873231302339,
        "INVALID": 0,
        "MALICIOUS": 0,
        "SANE": 0,
        "VALID": 0,
        "total": 100.00046618573273
    }
}