{
    "counter": {
        "ACTIVE": 41207,
        "INACTIVE": 1,
        "INVALID": 0,
        "MALICIOUS": 0,
        "SANE": 0,
        "VALID": 0,
        "total": 41208
    },
    "percentage": {
        "ACTIVE": 99.99757328674043,
        "INACTIVE": 0.00242671325956125,
        "INVALID": 0.0,
        "MALICIOUS": 0.0,
        "SANE": 0.0,
        "VALID": 0.0,
        "total": 100.0
    }
}