{
    "counter": {
        "ACTIVE": 13226,
        "INACTIVE": 2,
        "INVALID": 0,
        "MALICIOUS": 0,
        "SANE": 0,
        "VALID": 0,
        "total": 13228
    },
    "percentage": {
        "ACTIVE": 99.98488055639552,
        "INACTIVE": 0.0258364552383413,
        "INVALID": 0,
        "MALICIOUS": 0,
        "SANE": 0,
        "VALID": 0,
        "total": 100.01071701163387
    }
}