{
    "counter": {
        "ACTIVE": 17683,
        "INACTIVE": 11,
        "INVALID": 0,
        "MALICIOUS": 0,
        "SANE": 0,
        "VALID": 0,
        "total": 17694
    },
    "percentage": {
        "ACTIVE": 99.93783203345767,
        "INACTIVE": 0.062167966542330734,
        "INVALID": 0.0,
        "MALICIOUS": 0.0,
        "SANE": 0.0,
        "VALID": 0.0,
        "total": 100.0
    }
}