{
    "counter": {
        "ACTIVE": 14783,
        "INACTIVE": 6,
        "INVALID": 0,
        "MALICIOUS": 0,
        "SANE": 0,
        "VALID": 0,
        "total": 14789
    },
    "percentage": {
        "ACTIVE": 99.95942930556495,
        "INACTIVE": 0.042471862391165856,
        "INVALID": 0,
        "MALICIOUS": 0,
        "SANE": 0,
        "VALID": 0,
        "total": 100.00190116795612
    }
}