{
    "counter": {
        "ACTIVE": 22085,
        "INACTIVE": 16,
        "INVALID": 1,
        "MALICIOUS": 0,
        "SANE": 0,
        "VALID": 0,
        "total": 22102
    },
    "percentage": {
        "ACTIVE": 99.92308388381142,
        "INACTIVE": 0.07240474251063445,
        "INVALID": 0.00543685097591475,
        "MALICIOUS": 0,
        "SANE": 0,
        "VALID": 0,
        "total": 100.00092547729795
    }
}