{
    "counter": {
        "ACTIVE": 13033,
        "INACTIVE": 1,
        "INVALID": 0,
        "MALICIOUS": 0,
        "SANE": 0,
        "VALID": 0,
        "total": 13034
    },
    "percentage": {
        "ACTIVE": 99.99232775817094,
        "INACTIVE": 0.012000480019200769,
        "INVALID": 0,
        "MALICIOUS": 0,
        "SANE": 0,
        "VALID": 0,
        "total": 100.00432823819014
    }
}