{
    "counter": {
        "ACTIVE": 45396,
        "INACTIVE": 2,
        "INVALID": 0,
        "MALICIOUS": 0,
        "SANE": 0,
        "VALID": 0,
        "total": 45398
    },
    "percentage": {
        "ACTIVE": 99.99559451958235,
        "INACTIVE": 0.004405480417639543,
        "INVALID": 0.0,
        "MALICIOUS": 0.0,
        "SANE": 0.0,
        "VALID": 0.0,
        "total": 100.0
    }
}