{
    "counter": {
        "ACTIVE": 8622,
        "INACTIVE": 1,
        "INVALID": 0,
        "MALICIOUS": 0,
        "SANE": 0,
        "VALID": 0,
        "total": 8623
    },
    "percentage": {
        "ACTIVE": 99.98840310796706,
        "INACTIVE": 0.014781966001478197,
        "INVALID": 0,
        "MALICIOUS": 0,
        "SANE": 0,
        "VALID": 0,
        "total": 100.00318507396854
    }
}