{
    "counter": {
        "ACTIVE": 8954,
        "INACTIVE": 1,
        "INVALID": 0,
        "MALICIOUS": 0,
        "SANE": 0,
        "VALID": 0,
        "total": 8955
    },
    "percentage": {
        "ACTIVE": 99.98883305415968,
        "INACTIVE": 0.03178639542275906,
        "INVALID": 0,
        "MALICIOUS": 0,
        "SANE": 0,
        "VALID": 0,
        "total": 100.02061944958244
    }
}