{
    "counter": {
        "ACTIVE": 9108,
        "INACTIVE": 9,
        "INVALID": 0,
        "MALICIOUS": 0,
        "SANE": 0,
        "VALID": 0,
        "total": 9117
    },
    "percentage": {
        "ACTIVE": 99.90128331688055,
        "INACTIVE": 0.10044642857142858,
        "INVALID": 0,
        "MALICIOUS": 0,
        "SANE": 0,
        "VALID": 0,
        "total": 100.00172974545198
    }
}