{
    "counter": {
        "ACTIVE": 8213,
        "INACTIVE": 3,
        "INVALID": 0,
        "MALICIOUS": 0,
        "SANE": 0,
        "VALID": 0,
        "total": 8216
    },
    "percentage": {
        "ACTIVE": 99.9634858812074,
        "INACTIVE": 0.06370779358674877,
        "INVALID": 0,
        "MALICIOUS": 0,
        "SANE": 0,
        "VALID": 0,
        "total": 100.02719367479415
    }
}