{
    "counter": {
        "ACTIVE": 33325,
        "INACTIVE": 1,
        "INVALID": 0,
        "MALICIOUS": 0,
        "SANE": 0,
        "VALID": 0,
        "total": 33326
    },
    "percentage": {
        "ACTIVE": 99.99699933985477,
        "INACTIVE": 0.003000660145231951,
        "INVALID": 0.0,
        "MALICIOUS": 0.0,
        "SANE": 0.0,
        "VALID": 0.0,
        "total": 100.0
    }
}