{
    "counter": {
        "ACTIVE": 11548,
        "INACTIVE": 2,
        "INVALID": 0,
        "MALICIOUS": 0,
        "SANE": 0,
        "VALID": 0,
        "total": 11550
    },
    "percentage": {
        "ACTIVE": 99.98268398268398,
        "INACTIVE": 0.029994001199760048,
        "INVALID": 0,
        "MALICIOUS": 0,
        "SANE": 0,
        "VALID": 0,
        "total": 100.01267798388373
    }
}