{
    "counter": {
        "ACTIVE": 3914,
        "INACTIVE": 2,
        "INVALID": 0,
        "MALICIOUS": 0,
        "SANE": 0,
        "VALID": 0,
        "total": 3916
    },
    "percentage": {
        "ACTIVE": 99.94892747701736,
        "INACTIVE": 0.2621231979030144,
        "INVALID": 0,
        "MALICIOUS": 0,
        "SANE": 0,
        "VALID": 0,
        "total": 100.21105067492037
    }
}