{
    "counter": {
        "ACTIVE": 16165,
        "INACTIVE": 1,
        "INVALID": 0,
        "MALICIOUS": 0,
        "SANE": 0,
        "VALID": 0,
        "total": 16166
    },
    "percentage": {
        "ACTIVE": 99.99381417790424,
        "INACTIVE": 0.006185822095756526,
        "INVALID": 0.0,
        "MALICIOUS": 0.0,
        "SANE": 0.0,
        "VALID": 0.0,
        "total": 100.0
    }
}