{
    "counter": {
        "ACTIVE": 12403,
        "INACTIVE": 5,
        "INVALID": 0,
        "MALICIOUS": 0,
        "SANE": 0,
        "VALID": 0,
        "total": 12408
    },
    "percentage": {
        "ACTIVE": 99.95970341715022,
        "INACTIVE": 0.05465078150617554,
        "INVALID": 0,
        "MALICIOUS": 0,
        "SANE": 0,
        "VALID": 0,
        "total": 100.01435419865639
    }
}