{
    "counter": {
        "ACTIVE": 37013,
        "INACTIVE": 70,
        "INVALID": 0,
        "MALICIOUS": 0,
        "SANE": 0,
        "VALID": 0,
        "total": 37083
    },
    "percentage": {
        "ACTIVE": 99.81123425828547,
        "INACTIVE": 0.18876574171453225,
        "INVALID": 0.0,
        "MALICIOUS": 0.0,
        "SANE": 0.0,
        "VALID": 0.0,
        "total": 100.0
    }
}