{
    "counter": {
        "ACTIVE": 16447,
        "INACTIVE": 123,
        "INVALID": 0,
        "MALICIOUS": 0,
        "SANE": 0,
        "VALID": 0,
        "total": 16570
    },
    "percentage": {
        "ACTIVE": 99.25769462884732,
        "INACTIVE": 0.7423053711526856,
        "INVALID": 0.0,
        "MALICIOUS": 0.0,
        "SANE": 0.0,
        "VALID": 0.0,
        "total": 100.0
    }
}