{
    "counter": {
        "ACTIVE": 5874,
        "INACTIVE": 1,
        "INVALID": 0,
        "MALICIOUS": 0,
        "SANE": 0,
        "VALID": 0,
        "total": 5875
    },
    "percentage": {
        "ACTIVE": 99.98297872340426,
        "INACTIVE": 0.10245901639344263,
        "INVALID": 0,
        "MALICIOUS": 0,
        "SANE": 0,
        "VALID": 0,
        "total": 100.0854377397977
    }
}