{
    "counter": {
        "ACTIVE": 29300,
        "INACTIVE": 18,
        "INVALID": 1,
        "MALICIOUS": 0,
        "SANE": 0,
        "VALID": 0,
        "total": 29319
    },
    "percentage": {
        "ACTIVE": 99.9351956069443,
        "INACTIVE": 0.06174745291756715,
        "INVALID": 0.00543685097591475,
        "MALICIOUS": 0,
        "SANE": 0,
        "VALID": 0,
        "total": 100.00237991083779
    }
}