{
    "counter": {
        "ACTIVE": 5557,
        "INACTIVE": 19,
        "INVALID": 0,
        "MALICIOUS": 0,
        "SANE": 0,
        "VALID": 0,
        "total": 5576
    },
    "percentage": {
        "ACTIVE": 99.65925394548063,
        "INACTIVE": 0.3410518757853168,
        "INVALID": 0,
        "MALICIOUS": 0,
        "SANE": 0,
        "VALID": 0,
        "total": 100.00030582126594
    }
}