{
    "counter": {
        "ACTIVE": 12289,
        "INACTIVE": 3,
        "INVALID": 0,
        "MALICIOUS": 0,
        "SANE": 0,
        "VALID": 0,
        "total": 12292
    },
    "percentage": {
        "ACTIVE": 99.9755938821998,
        "INACTIVE": 0.03600144005760231,
        "INVALID": 0,
        "MALICIOUS": 0,
        "SANE": 0,
        "VALID": 0,
        "total": 100.0115953222574
    }
}