{
    "counter": {
        "ACTIVE": 13898,
        "INACTIVE": 1,
        "INVALID": 0,
        "MALICIOUS": 0,
        "SANE": 0,
        "VALID": 0,
        "total": 13899
    },
    "percentage": {
        "ACTIVE": 99.9928052377869,
        "INACTIVE": 0.012325896708985578,
        "INVALID": 0,
        "MALICIOUS": 0,
        "SANE": 0,
        "VALID": 0,
        "total": 100.00513113449588
    }
}