{
    "counter": {
        "ACTIVE": 14696,
        "INACTIVE": 817,
        "INVALID": 0,
        "MALICIOUS": 0,
        "SANE": 0,
        "VALID": 0,
        "total": 15513
    },
    "percentage": {
        "ACTIVE": 94.73344936504867,
        "INACTIVE": 5.266550634951331,
        "INVALID": 0.0,
        "MALICIOUS": 0.0,
        "SANE": 0.0,
        "VALID": 0.0,
        "total": 100.0
    }
}