{
    "counter": {
        "ACTIVE": 45698,
        "INACTIVE": 59,
        "INVALID": 0,
        "MALICIOUS": 0,
        "SANE": 0,
        "VALID": 0,
        "total": 45757
    },
    "percentage": {
        "ACTIVE": 99.87105798019975,
        "INACTIVE": 0.12894201980024914,
        "INVALID": 0.0,
        "MALICIOUS": 0.0,
        "SANE": 0.0,
        "VALID": 0.0,
        "total": 100.0
    }
}