{
    "counter": {
        "ACTIVE": 10474,
        "INACTIVE": 2,
        "INVALID": 0,
        "MALICIOUS": 0,
        "SANE": 0,
        "VALID": 0,
        "total": 10476
    },
    "percentage": {
        "ACTIVE": 99.98090874379534,
        "INACTIVE": 0.029994001199760048,
        "INVALID": 0,
        "MALICIOUS": 0,
        "SANE": 0,
        "VALID": 0,
        "total": 100.0109027449951
    }
}