{
    "counter": {
        "ACTIVE": 16988,
        "INACTIVE": 11,
        "INVALID": 0,
        "MALICIOUS": 0,
        "SANE": 0,
        "VALID": 0,
        "total": 16999
    },
    "percentage": {
        "ACTIVE": 99.93529031119478,
        "INACTIVE": 0.06470968880522383,
        "INVALID": 0.0,
        "MALICIOUS": 0.0,
        "SANE": 0.0,
        "VALID": 0.0,
        "total": 100.0
    }
}