{
    "counter": {
        "ACTIVE": 45400,
        "INACTIVE": 1,
        "INVALID": 0,
        "MALICIOUS": 0,
        "SANE": 0,
        "VALID": 0,
        "total": 45401
    },
    "percentage": {
        "ACTIVE": 99.99779740534349,
        "INACTIVE": 0.0022025946565053635,
        "INVALID": 0.0,
        "MALICIOUS": 0.0,
        "SANE": 0.0,
        "VALID": 0.0,
        "total": 100.0
    }
}