{
    "counter": {
        "ACTIVE": 28772,
        "INACTIVE": 17,
        "INVALID": 1,
        "MALICIOUS": 0,
        "SANE": 0,
        "VALID": 0,
        "total": 28790
    },
    "percentage": {
        "ACTIVE": 99.93747829107329,
        "INACTIVE": 0.07523122538390052,
        "INVALID": 0.00543685097591475,
        "MALICIOUS": 0,
        "SANE": 0,
        "VALID": 0,
        "total": 100.0181463674331
    }
}