{
    "counter": {
        "ACTIVE": 16729,
        "INACTIVE": 906,
        "INVALID": 0,
        "MALICIOUS": 0,
        "SANE": 0,
        "VALID": 0,
        "total": 17635
    },
    "percentage": {
        "ACTIVE": 94.86248936773463,
        "INACTIVE": 5.137510632265381,
        "INVALID": 0.0,
        "MALICIOUS": 0.0,
        "SANE": 0.0,
        "VALID": 0.0,
        "total": 100.0
    }
}