{
    "counter": {
        "ACTIVE": 9914,
        "INACTIVE": 2,
        "INVALID": 0,
        "MALICIOUS": 0,
        "SANE": 0,
        "VALID": 0,
        "total": 9916
    },
    "percentage": {
        "ACTIVE": 99.9798305768455,
        "INACTIVE": 0.029994001199760048,
        "INVALID": 0,
        "MALICIOUS": 0,
        "SANE": 0,
        "VALID": 0,
        "total": 100.00982457804525
    }
}