{
    "counter": {
        "ACTIVE": 17420,
        "INACTIVE": 1,
        "INVALID": 0,
        "MALICIOUS": 0,
        "SANE": 0,
        "VALID": 0,
        "total": 17421
    },
    "percentage": {
        "ACTIVE": 99.99425980138913,
        "INACTIVE": 0.0057401986108719365,
        "INVALID": 0.0,
        "MALICIOUS": 0.0,
        "SANE": 0.0,
        "VALID": 0.0,
        "total": 100.0
    }
}