{
    "counter": {
        "ACTIVE": 3098,
        "INACTIVE": 1,
        "INVALID": 0,
        "MALICIOUS": 0,
        "SANE": 0,
        "VALID": 0,
        "total": 3099
    },
    "percentage": {
        "ACTIVE": 99.9677315262988,
        "INACTIVE": 0.26881720430107525,
        "INVALID": 0,
        "MALICIOUS": 0,
        "SANE": 0,
        "VALID": 0,
        "total": 100.23654873059988
    }
}