{
    "counter": {
        "ACTIVE": 45404,
        "INACTIVE": 3,
        "INVALID": 0,
        "MALICIOUS": 0,
        "SANE": 0,
        "VALID": 0,
        "total": 45407
    },
    "percentage": {
        "ACTIVE": 99.99339308917128,
        "INACTIVE": 0.006606910828726848,
        "INVALID": 0.0,
        "MALICIOUS": 0.0,
        "SANE": 0.0,
        "VALID": 0.0,
        "total": 100.0
    }
}