{
    "counter": {
        "ACTIVE": 43436,
        "INACTIVE": 3,
        "INVALID": 0,
        "MALICIOUS": 0,
        "SANE": 0,
        "VALID": 0,
        "total": 43439
    },
    "percentage": {
        "ACTIVE": 99.9930937636686,
        "INACTIVE": 0.006906236331407261,
        "INVALID": 0.0,
        "MALICIOUS": 0.0,
        "SANE": 0.0,
        "VALID": 0.0,
        "total": 100.0
    }
}