{
    "counter": {
        "ACTIVE": 12782,
        "INACTIVE": 1,
        "INVALID": 0,
        "MALICIOUS": 0,
        "SANE": 0,
        "VALID": 0,
        "total": 12783
    },
    "percentage": {
        "ACTIVE": 99.99217711022452,
        "INACTIVE": 0.032499187520311994,
        "INVALID": 0,
        "MALICIOUS": 0,
        "SANE": 0,
        "VALID": 0,
        "total": 100.02467629774483
    }
}