{
    "counter": {
        "ACTIVE": 13001,
        "INACTIVE": 3,
        "INVALID": 0,
        "MALICIOUS": 0,
        "SANE": 0,
        "VALID": 0,
        "total": 13004
    },
    "percentage": {
        "ACTIVE": 99.97693017533066,
        "INACTIVE": 0.036483035388544326,
        "INVALID": 0,
        "MALICIOUS": 0,
        "SANE": 0,
        "VALID": 0,
        "total": 100.01341321071921
    }
}