{
    "counter": {
        "ACTIVE": 35986,
        "INACTIVE": 14,
        "INVALID": 0,
        "MALICIOUS": 0,
        "SANE": 0,
        "VALID": 0,
        "total": 36000
    },
    "percentage": {
        "ACTIVE": 99.96111111111111,
        "INACTIVE": 0.03888888888888889,
        "INVALID": 0.0,
        "MALICIOUS": 0.0,
        "SANE": 0.0,
        "VALID": 0.0,
        "total": 100.0
    }
}