{
    "counter": {
        "ACTIVE": 45092,
        "INACTIVE": 1,
        "INVALID": 0,
        "MALICIOUS": 0,
        "SANE": 0,
        "VALID": 0,
        "total": 45093
    },
    "percentage": {
        "ACTIVE": 99.99778236089858,
        "INACTIVE": 0.002217639101412636,
        "INVALID": 0.0,
        "MALICIOUS": 0.0,
        "SANE": 0.0,
        "VALID": 0.0,
        "total": 100.0
    }
}