{
    "counter": {
        "ACTIVE": 5041,
        "INACTIVE": 1,
        "INVALID": 0,
        "MALICIOUS": 0,
        "SANE": 0,
        "VALID": 0,
        "total": 5042
    },
    "percentage": {
        "ACTIVE": 99.98016660055534,
        "INACTIVE": 0.17985611510791366,
        "INVALID": 0,
        "MALICIOUS": 0,
        "SANE": 0,
        "VALID": 0,
        "total": 100.16002271566325
    }
}