{
    "counter": {
        "ACTIVE": 12458,
        "INACTIVE": 727,
        "INVALID": 0,
        "MALICIOUS": 0,
        "SANE": 0,
        "VALID": 0,
        "total": 13185
    },
    "percentage": {
        "ACTIVE": 94.48615851346227,
        "INACTIVE": 5.513841486537732,
        "INVALID": 0.0,
        "MALICIOUS": 0.0,
        "SANE": 0.0,
        "VALID": 0.0,
        "total": 100.0
    }
}