{
    "counter": {
        "ACTIVE": 9445,
        "INACTIVE": 2,
        "INVALID": 0,
        "MALICIOUS": 0,
        "SANE": 0,
        "VALID": 0,
        "total": 9447
    },
    "percentage": {
        "ACTIVE": 99.97882925796549,
        "INACTIVE": 0.0258364552383413,
        "INVALID": 0,
        "MALICIOUS": 0,
        "SANE": 0,
        "VALID": 0,
        "total": 100.00466571320383
    }
}