{
    "counter": {
        "ACTIVE": 8602,
        "INACTIVE": 1,
        "INVALID": 0,
        "MALICIOUS": 0,
        "SANE": 0,
        "VALID": 0,
        "total": 8603
    },
    "percentage": {
        "ACTIVE": 99.9883761478554,
        "INACTIVE": 0.26881720430107525,
        "INVALID": 0,
        "MALICIOUS": 0,
        "SANE": 0,
        "VALID": 0,
        "total": 100.25719335215648
    }
}