{
    "counter": {
        "ACTIVE": 13084,
        "INACTIVE": 5,
        "INVALID": 0,
        "MALICIOUS": 0,
        "SANE": 0,
        "VALID": 0,
        "total": 13089
    },
    "percentage": {
        "ACTIVE": 99.96179998471999,
        "INACTIVE": 0.040358382436031966,
        "INVALID": 0,
        "MALICIOUS": 0,
        "SANE": 0,
        "VALID": 0,
        "total": 100.00215836715601
    }
}