{
    "counter": {
        "ACTIVE": 46003,
        "INACTIVE": 3,
        "INVALID": 0,
        "MALICIOUS": 0,
        "SANE": 0,
        "VALID": 0,
        "total": 46006
    },
    "percentage": {
        "ACTIVE": 99.99347911142024,
        "INACTIVE": 0.006520888579750467,
        "INVALID": 0.0,
        "MALICIOUS": 0.0,
        "SANE": 0.0,
        "VALID": 0.0,
        "total": 100.0
    }
}