{
    "counter": {
        "ACTIVE": 17538,
        "INACTIVE": 1,
        "INVALID": 0,
        "MALICIOUS": 0,
        "SANE": 0,
        "VALID": 0,
        "total": 17539
    },
    "percentage": {
        "ACTIVE": 99.99429842066252,
        "INACTIVE": 0.005701579337476481,
        "INVALID": 0.0,
        "MALICIOUS": 0.0,
        "SANE": 0.0,
        "VALID": 0.0,
        "total": 100.0
    }
}