{
    "counter": {
        "ACTIVE": 17681,
        "INACTIVE": 11,
        "INVALID": 0,
        "MALICIOUS": 0,
        "SANE": 0,
        "VALID": 0,
        "total": 17692
    },
    "percentage": {
        "ACTIVE": 99.93782500565227,
        "INACTIVE": 0.06217499434772779,
        "INVALID": 0.0,
        "MALICIOUS": 0.0,
        "SANE": 0.0,
        "VALID": 0.0,
        "total": 100.0
    }
}