{
    "counter": {
        "ACTIVE": 12738,
        "INACTIVE": 2,
        "INVALID": 0,
        "MALICIOUS": 0,
        "SANE": 0,
        "VALID": 0,
        "total": 12740
    },
    "percentage": {
        "ACTIVE": 99.98430141287284,
        "INACTIVE": 0.025412960609911054,
        "INVALID": 0,
        "MALICIOUS": 0,
        "SANE": 0,
        "VALID": 0,
        "total": 100.00971437348275
    }
}