{
    "counter": {
        "ACTIVE": 2832,
        "INACTIVE": 4,
        "INVALID": 0,
        "MALICIOUS": 0,
        "SANE": 0,
        "VALID": 0,
        "total": 2836
    },
    "percentage": {
        "ACTIVE": 99.8589562764457,
        "INACTIVE": 0.4094165813715456,
        "INVALID": 0,
        "MALICIOUS": 0,
        "SANE": 0,
        "VALID": 0,
        "total": 100.26837285781724
    }
}