{
    "counter": {
        "ACTIVE": 17121,
        "INACTIVE": 135,
        "INVALID": 0,
        "MALICIOUS": 0,
        "SANE": 0,
        "VALID": 0,
        "total": 17256
    },
    "percentage": {
        "ACTIVE": 99.21766342141864,
        "INACTIVE": 0.782336578581363,
        "INVALID": 0.0,
        "MALICIOUS": 0.0,
        "SANE": 0.0,
        "VALID": 0.0,
        "total": 100.0
    }
}