{
    "counter": {
        "ACTIVE": 4986,
        "INACTIVE": 1,
        "INVALID": 0,
        "MALICIOUS": 0,
        "SANE": 0,
        "VALID": 0,
        "total": 4987
    },
    "percentage": {
        "ACTIVE": 99.97994786444757,
        "INACTIVE": 0.10245901639344263,
        "INVALID": 0,
        "MALICIOUS": 0,
        "SANE": 0,
        "VALID": 0,
        "total": 100.082406880841
    }
}