{
    "counter": {
        "ACTIVE": 16616,
        "INACTIVE": 22,
        "INVALID": 1,
        "MALICIOUS": 0,
        "SANE": 0,
        "VALID": 0,
        "total": 16639
    },
    "percentage": {
        "ACTIVE": 99.86177053909489,
        "INACTIVE": 0.13225922808705062,
        "INVALID": 0.0067856415824116174,
        "MALICIOUS": 0,
        "SANE": 0,
        "VALID": 0,
        "total": 100.00081540876435
    }
}