{
    "counter": {
        "ACTIVE": 13510,
        "INACTIVE": 3,
        "INVALID": 0,
        "MALICIOUS": 0,
        "SANE": 0,
        "VALID": 0,
        "total": 13513
    },
    "percentage": {
        "ACTIVE": 99.97779915636794,
        "INACTIVE": 0.03600144005760231,
        "INVALID": 0,
        "MALICIOUS": 0,
        "SANE": 0,
        "VALID": 0,
        "total": 100.01380059642554
    }
}