{
    "counter": {
        "ACTIVE": 13788,
        "INACTIVE": 8,
        "INVALID": 0,
        "MALICIOUS": 0,
        "SANE": 0,
        "VALID": 0,
        "total": 13796
    },
    "percentage": {
        "ACTIVE": 99.94201217744273,
        "INACTIVE": 0.09616540449573266,
        "INVALID": 0,
        "MALICIOUS": 0,
        "SANE": 0,
        "VALID": 0,
        "total": 100.03817758193847
    }
}