{
    "counter": {
        "ACTIVE": 8964,
        "INACTIVE": 2,
        "INVALID": 0,
        "MALICIOUS": 0,
        "SANE": 0,
        "VALID": 0,
        "total": 8966
    },
    "percentage": {
        "ACTIVE": 99.97769350881106,
        "INACTIVE": 0.02644453259288642,
        "INVALID": 0,
        "MALICIOUS": 0,
        "SANE": 0,
        "VALID": 0,
        "total": 100.00413804140395
    }
}