{
    "counter": {
        "ACTIVE": 14830,
        "INACTIVE": 1010,
        "INVALID": 0,
        "MALICIOUS": 0,
        "SANE": 0,
        "VALID": 0,
        "total": 15840
    },
    "percentage": {
        "ACTIVE": 93.62373737373737,
        "INACTIVE": 6.376262626262626,
        "INVALID": 0.0,
        "MALICIOUS": 0.0,
        "SANE": 0.0,
        "VALID": 0.0,
        "total": 100.0
    }
}