{
    "counter": {
        "ACTIVE": 15213,
        "INACTIVE": 846,
        "INVALID": 0,
        "MALICIOUS": 0,
        "SANE": 0,
        "VALID": 0,
        "total": 16059
    },
    "percentage": {
        "ACTIVE": 94.73192602279096,
        "INACTIVE": 5.268073977209042,
        "INVALID": 0.0,
        "MALICIOUS": 0.0,
        "SANE": 0.0,
        "VALID": 0.0,
        "total": 100.0
    }
}