{
    "counter": {
        "ACTIVE": 45001,
        "INACTIVE": 1,
        "INVALID": 0,
        "MALICIOUS": 0,
        "SANE": 0,
        "VALID": 0,
        "total": 45002
    },
    "percentage": {
        "ACTIVE": 99.99777787653882,
        "INACTIVE": 0.0022221234611795033,
        "INVALID": 0.0,
        "MALICIOUS": 0.0,
        "SANE": 0.0,
        "VALID": 0.0,
        "total": 100.0
    }
}