{
    "counter": {
        "ACTIVE": 45556,
        "INACTIVE": 2,
        "INVALID": 0,
        "MALICIOUS": 0,
        "SANE": 0,
        "VALID": 0,
        "total": 45558
    },
    "percentage": {
        "ACTIVE": 99.99560999165898,
        "INACTIVE": 0.004390008341015848,
        "INVALID": 0.0,
        "MALICIOUS": 0.0,
        "SANE": 0.0,
        "VALID": 0.0,
        "total": 100.0
    }
}