{
    "counter": {
        "ACTIVE": 46047,
        "INACTIVE": 27,
        "INVALID": 0,
        "MALICIOUS": 0,
        "SANE": 0,
        "VALID": 0,
        "total": 46074
    },
    "percentage": {
        "ACTIVE": 99.94139861961193,
        "INACTIVE": 0.05860138038807136,
        "INVALID": 0.0,
        "MALICIOUS": 0.0,
        "SANE": 0.0,
        "VALID": 0.0,
        "total": 100.0
    }
}