{
    "counter": {
        "ACTIVE": 35415,
        "INACTIVE": 2,
        "INVALID": 0,
        "MALICIOUS": 0,
        "SANE": 0,
        "VALID": 0,
        "total": 35417
    },
    "percentage": {
        "ACTIVE": 99.99435299432476,
        "INACTIVE": 0.005647005675240704,
        "INVALID": 0.0,
        "MALICIOUS": 0.0,
        "SANE": 0.0,
        "VALID": 0.0,
        "total": 100.0
    }
}