{
    "counter": {
        "ACTIVE": 31520,
        "INACTIVE": 1,
        "INVALID": 0,
        "MALICIOUS": 0,
        "SANE": 0,
        "VALID": 0,
        "total": 31521
    },
    "percentage": {
        "ACTIVE": 99.99682751181751,
        "INACTIVE": 0.00317248818248152,
        "INVALID": 0.0,
        "MALICIOUS": 0.0,
        "SANE": 0.0,
        "VALID": 0.0,
        "total": 100.0
    }
}