{
    "counter": {
        "ACTIVE": 37052,
        "INACTIVE": 2,
        "INVALID": 0,
        "MALICIOUS": 0,
        "SANE": 0,
        "VALID": 0,
        "total": 37054
    },
    "percentage": {
        "ACTIVE": 99.9946024720678,
        "INACTIVE": 0.0053975279322070495,
        "INVALID": 0.0,
        "MALICIOUS": 0.0,
        "SANE": 0.0,
        "VALID": 0.0,
        "total": 100.0
    }
}