{
    "counter": {
        "ACTIVE": 13899,
        "INACTIVE": 2,
        "INVALID": 0,
        "MALICIOUS": 0,
        "SANE": 0,
        "VALID": 0,
        "total": 13901
    },
    "percentage": {
        "ACTIVE": 99.98561254586001,
        "INACTIVE": 0.01793561115595014,
        "INVALID": 0,
        "MALICIOUS": 0,
        "SANE": 0,
        "VALID": 0,
        "total": 100.00354815701596
    }
}