{
    "counter": {
        "ACTIVE": 4734,
        "INACTIVE": 85,
        "INVALID": 0,
        "MALICIOUS": 0,
        "SANE": 0,
        "VALID": 0,
        "total": 4819
    },
    "percentage": {
        "ACTIVE": 98.23614857854326,
        "INACTIVE": 2.135678391959799,
        "INVALID": 0,
        "MALICIOUS": 0,
        "SANE": 0,
        "VALID": 0,
        "total": 100.37182697050307
    }
}