{
    "counter": {
        "ACTIVE": 17455,
        "INACTIVE": 25,
        "INVALID": 0,
        "MALICIOUS": 0,
        "SANE": 0,
        "VALID": 0,
        "total": 17480
    },
    "percentage": {
        "ACTIVE": 99.85697940503432,
        "INACTIVE": 0.14317622129316762,
        "INVALID": 0,
        "MALICIOUS": 0,
        "SANE": 0,
        "VALID": 0,
        "total": 100.0001556263275
    }
}