{
    "counter": {
        "ACTIVE": 9948,
        "INACTIVE": 4,
        "INVALID": 0,
        "MALICIOUS": 0,
        "SANE": 0,
        "VALID": 0,
        "total": 9952
    },
    "percentage": {
        "ACTIVE": 99.95980707395498,
        "INACTIVE": 0.04179728317659352,
        "INVALID": 0,
        "MALICIOUS": 0,
        "SANE": 0,
        "VALID": 0,
        "total": 100.00160435713157
    }
}