{
    "counter": {
        "ACTIVE": 18210,
        "INACTIVE": 11,
        "INVALID": 0,
        "MALICIOUS": 0,
        "SANE": 0,
        "VALID": 0,
        "total": 18221
    },
    "percentage": {
        "ACTIVE": 99.93963009714066,
        "INACTIVE": 0.06352873231302339,
        "INVALID": 0,
        "MALICIOUS": 0,
        "SANE": 0,
        "VALID": 0,
        "total": 100.00315882945368
    }
}