{
    "counter": {
        "ACTIVE": 45395,
        "INACTIVE": 8,
        "INVALID": 0,
        "MALICIOUS": 0,
        "SANE": 0,
        "VALID": 0,
        "total": 45403
    },
    "percentage": {
        "ACTIVE": 99.98238001894148,
        "INACTIVE": 0.017619981058520362,
        "INVALID": 0.0,
        "MALICIOUS": 0.0,
        "SANE": 0.0,
        "VALID": 0.0,
        "total": 100.0
    }
}