{
    "counter": {
        "ACTIVE": 6574,
        "INACTIVE": 3,
        "INVALID": 0,
        "MALICIOUS": 0,
        "SANE": 0,
        "VALID": 0,
        "total": 6577
    },
    "percentage": {
        "ACTIVE": 99.95438649840352,
        "INACTIVE": 0.05217391304347826,
        "INVALID": 0,
        "MALICIOUS": 0,
        "SANE": 0,
        "VALID": 0,
        "total": 100.006560411447
    }
}