{
    "counter": {
        "ACTIVE": 17175,
        "INACTIVE": 926,
        "INVALID": 0,
        "MALICIOUS": 0,
        "SANE": 0,
        "VALID": 0,
        "total": 18101
    },
    "percentage": {
        "ACTIVE": 94.88426053809182,
        "INACTIVE": 5.1157394619081815,
        "INVALID": 0.0,
        "MALICIOUS": 0.0,
        "SANE": 0.0,
        "VALID": 0.0,
        "total": 100.0
    }
}