{
    "counter": {
        "ACTIVE": 8923,
        "INACTIVE": 1,
        "INVALID": 0,
        "MALICIOUS": 0,
        "SANE": 0,
        "VALID": 0,
        "total": 8924
    },
    "percentage": {
        "ACTIVE": 99.98879426266248,
        "INACTIVE": 0.013190871916633689,
        "INVALID": 0,
        "MALICIOUS": 0,
        "SANE": 0,
        "VALID": 0,
        "total": 100.00198513457912
    }
}