{
    "counter": {
        "ACTIVE": 14063,
        "INACTIVE": 5,
        "INVALID": 0,
        "MALICIOUS": 0,
        "SANE": 0,
        "VALID": 0,
        "total": 14068
    },
    "percentage": {
        "ACTIVE": 99.96445834518055,
        "INACTIVE": 0.06383250351078769,
        "INVALID": 0,
        "MALICIOUS": 0,
        "SANE": 0,
        "VALID": 0,
        "total": 100.02829084869133
    }
}