{
    "counter": {
        "ACTIVE": 17151,
        "INACTIVE": 136,
        "INVALID": 0,
        "MALICIOUS": 0,
        "SANE": 0,
        "VALID": 0,
        "total": 17287
    },
    "percentage": {
        "ACTIVE": 99.21328165673627,
        "INACTIVE": 0.7867183432637241,
        "INVALID": 0.0,
        "MALICIOUS": 0.0,
        "SANE": 0.0,
        "VALID": 0.0,
        "total": 100.0
    }
}