{
    "counter": {
        "ACTIVE": 45412,
        "INACTIVE": 3,
        "INVALID": 0,
        "MALICIOUS": 0,
        "SANE": 0,
        "VALID": 0,
        "total": 45415
    },
    "percentage": {
        "ACTIVE": 99.9933942530001,
        "INACTIVE": 0.006605746999889904,
        "INVALID": 0.0,
        "MALICIOUS": 0.0,
        "SANE": 0.0,
        "VALID": 0.0,
        "total": 100.0
    }
}