{
    "counter": {
        "ACTIVE": 3695,
        "INACTIVE": 3,
        "INVALID": 0,
        "MALICIOUS": 0,
        "SANE": 0,
        "VALID": 0,
        "total": 3698
    },
    "percentage": {
        "ACTIVE": 99.9188750676041,
        "INACTIVE": 0.1139384732244588,
        "INVALID": 0,
        "MALICIOUS": 0,
        "SANE": 0,
        "VALID": 0,
        "total": 100.03281354082857
    }
}