{
    "counter": {
        "ACTIVE": 7912,
        "INACTIVE": 2,
        "INVALID": 0,
        "MALICIOUS": 0,
        "SANE": 0,
        "VALID": 0,
        "total": 7914
    },
    "percentage": {
        "ACTIVE": 99.97472832954259,
        "INACTIVE": 0.0258364552383413,
        "INVALID": 0,
        "MALICIOUS": 0,
        "SANE": 0,
        "VALID": 0,
        "total": 100.00056478478093
    }
}