{
    "counter": {
        "ACTIVE": 17221,
        "INACTIVE": 928,
        "INVALID": 0,
        "MALICIOUS": 0,
        "SANE": 0,
        "VALID": 0,
        "total": 18149
    },
    "percentage": {
        "ACTIVE": 94.88677062097085,
        "INACTIVE": 5.113229379029147,
        "INVALID": 0.0,
        "MALICIOUS": 0.0,
        "SANE": 0.0,
        "VALID": 0.0,
        "total": 100.0
    }
}