{
    "counter": {
        "ACTIVE": 17500,
        "INACTIVE": 1,
        "INVALID": 0,
        "MALICIOUS": 0,
        "SANE": 0,
        "VALID": 0,
        "total": 17501
    },
    "percentage": {
        "ACTIVE": 99.99428604079768,
        "INACTIVE": 0.005713959202331295,
        "INVALID": 0.0,
        "MALICIOUS": 0.0,
        "SANE": 0.0,
        "VALID": 0.0,
        "total": 100.0
    }
}