{
    "counter": {
        "ACTIVE": 45392,
        "INACTIVE": 5,
        "INVALID": 0,
        "MALICIOUS": 0,
        "SANE": 0,
        "VALID": 0,
        "total": 45397
    },
    "percentage": {
        "ACTIVE": 99.98898605634733,
        "INACTIVE": 0.011013943652664273,
        "INVALID": 0.0,
        "MALICIOUS": 0.0,
        "SANE": 0.0,
        "VALID": 0.0,
        "total": 100.0
    }
}