{
    "counter": {
        "ACTIVE": 38184,
        "INACTIVE": 1,
        "INVALID": 0,
        "MALICIOUS": 0,
        "SANE": 0,
        "VALID": 0,
        "total": 38185
    },
    "percentage": {
        "ACTIVE": 99.99738117061673,
        "INACTIVE": 0.00261882938326568,
        "INVALID": 0.0,
        "MALICIOUS": 0.0,
        "SANE": 0.0,
        "VALID": 0.0,
        "total": 100.0
    }
}