{
    "counter": {
        "ACTIVE": 5942,
        "INACTIVE": 1,
        "INVALID": 0,
        "MALICIOUS": 0,
        "SANE": 0,
        "VALID": 0,
        "total": 5943
    },
    "percentage": {
        "ACTIVE": 99.9831734814067,
        "INACTIVE": 0.031625553447185324,
        "INVALID": 0,
        "MALICIOUS": 0,
        "SANE": 0,
        "VALID": 0,
        "total": 100.01479903485388
    }
}