{
    "counter": {
        "ACTIVE": 37287,
        "INACTIVE": 6,
        "INVALID": 0,
        "MALICIOUS": 0,
        "SANE": 0,
        "VALID": 0,
        "total": 37293
    },
    "percentage": {
        "ACTIVE": 99.98391118976751,
        "INACTIVE": 0.01608881023248331,
        "INVALID": 0.0,
        "MALICIOUS": 0.0,
        "SANE": 0.0,
        "VALID": 0.0,
        "total": 100.0
    }
}