{
    "counter": {
        "ACTIVE": 4405,
        "INACTIVE": 1,
        "INVALID": 0,
        "MALICIOUS": 0,
        "SANE": 0,
        "VALID": 0,
        "total": 4406
    },
    "percentage": {
        "ACTIVE": 99.97730367680435,
        "INACTIVE": 0.17985611510791366,
        "INVALID": 0,
        "MALICIOUS": 0,
        "SANE": 0,
        "VALID": 0,
        "total": 100.15715979191226
    }
}