{
    "counter": {
        "ACTIVE": 45410,
        "INACTIVE": 1,
        "INVALID": 0,
        "MALICIOUS": 0,
        "SANE": 0,
        "VALID": 0,
        "total": 45411
    },
    "percentage": {
        "ACTIVE": 99.99779789037898,
        "INACTIVE": 0.0022021096210169343,
        "INVALID": 0.0,
        "MALICIOUS": 0.0,
        "SANE": 0.0,
        "VALID": 0.0,
        "total": 100.0
    }
}