{
    "counter": {
        "ACTIVE": 5116,
        "INACTIVE": 362,
        "INVALID": 0,
        "MALICIOUS": 0,
        "SANE": 0,
        "VALID": 0,
        "total": 5478
    },
    "percentage": {
        "ACTIVE": 93.39174881343556,
        "INACTIVE": 6.6082511865644395,
        "INVALID": 0.0,
        "MALICIOUS": 0.0,
        "SANE": 0.0,
        "VALID": 0.0,
        "total": 100.0
    }
}