{
    "counter": {
        "ACTIVE": 46022,
        "INACTIVE": 12,
        "INVALID": 0,
        "MALICIOUS": 0,
        "SANE": 0,
        "VALID": 0,
        "total": 46034
    },
    "percentage": {
        "ACTIVE": 99.97393231090064,
        "INACTIVE": 0.02606768909936134,
        "INVALID": 0.0,
        "MALICIOUS": 0.0,
        "SANE": 0.0,
        "VALID": 0.0,
        "total": 100.0
    }
}