{
    "counter": {
        "ACTIVE": 6298,
        "INACTIVE": 1,
        "INVALID": 0,
        "MALICIOUS": 0,
        "SANE": 0,
        "VALID": 0,
        "total": 6299
    },
    "percentage": {
        "ACTIVE": 99.98412446420066,
        "INACTIVE": 0.016404199475065617,
        "INVALID": 0,
        "MALICIOUS": 0,
        "SANE": 0,
        "VALID": 0,
        "total": 100.00052866367572
    }
}