{
    "counter": {
        "ACTIVE": 10626,
        "INACTIVE": 17,
        "INVALID": 0,
        "MALICIOUS": 0,
        "SANE": 0,
        "VALID": 0,
        "total": 10643
    },
    "percentage": {
        "ACTIVE": 99.84027060039463,
        "INACTIVE": 0.20366598778004075,
        "INVALID": 0,
        "MALICIOUS": 0,
        "SANE": 0,
        "VALID": 0,
        "total": 100.04393658817467
    }
}