{
    "counter": {
        "ACTIVE": 17103,
        "INACTIVE": 10,
        "INVALID": 0,
        "MALICIOUS": 0,
        "SANE": 0,
        "VALID": 0,
        "total": 17113
    },
    "percentage": {
        "ACTIVE": 99.94156489218723,
        "INACTIVE": 0.0602627455706882,
        "INVALID": 0,
        "MALICIOUS": 0,
        "SANE": 0,
        "VALID": 0,
        "total": 100.00182763775791
    }
}