{
    "counter": {
        "ACTIVE": 5491,
        "INACTIVE": 1,
        "INVALID": 0,
        "MALICIOUS": 0,
        "SANE": 0,
        "VALID": 0,
        "total": 5492
    },
    "percentage": {
        "ACTIVE": 99.98179169701383,
        "INACTIVE": 0.1466275659824047,
        "INVALID": 0,
        "MALICIOUS": 0,
        "SANE": 0,
        "VALID": 0,
        "total": 100.12841926299623
    }
}