{
    "counter": {
        "ACTIVE": 12346,
        "INACTIVE": 5,
        "INVALID": 0,
        "MALICIOUS": 0,
        "SANE": 0,
        "VALID": 0,
        "total": 12351
    },
    "percentage": {
        "ACTIVE": 99.95951744797992,
        "INACTIVE": 0.04131548504379441,
        "INVALID": 0,
        "MALICIOUS": 0,
        "SANE": 0,
        "VALID": 0,
        "total": 100.00083293302372
    }
}