{
    "counter": {
        "ACTIVE": 16280,
        "INACTIVE": 884,
        "INVALID": 0,
        "MALICIOUS": 0,
        "SANE": 0,
        "VALID": 0,
        "total": 17164
    },
    "percentage": {
        "ACTIVE": 94.84968538802144,
        "INACTIVE": 5.15031461197856,
        "INVALID": 0.0,
        "MALICIOUS": 0.0,
        "SANE": 0.0,
        "VALID": 0.0,
        "total": 100.0
    }
}