{
    "counter": {
        "ACTIVE": 13438,
        "INACTIVE": 1,
        "INVALID": 0,
        "MALICIOUS": 0,
        "SANE": 0,
        "VALID": 0,
        "total": 13439
    },
    "percentage": {
        "ACTIVE": 99.99255897016147,
        "INACTIVE": 0.01774622892635315,
        "INVALID": 0,
        "MALICIOUS": 0,
        "SANE": 0,
        "VALID": 0,
        "total": 100.01030519908782
    }
}