{
    "counter": {
        "ACTIVE": 9549,
        "INACTIVE": 21,
        "INVALID": 0,
        "MALICIOUS": 0,
        "SANE": 0,
        "VALID": 0,
        "total": 9570
    },
    "percentage": {
        "ACTIVE": 99.78056426332289,
        "INACTIVE": 0.24544179523141654,
        "INVALID": 0,
        "MALICIOUS": 0,
        "SANE": 0,
        "VALID": 0,
        "total": 100.0260060585543
    }
}