{
    "counter": {
        "ACTIVE": 6917,
        "INACTIVE": 1,
        "INVALID": 0,
        "MALICIOUS": 0,
        "SANE": 0,
        "VALID": 0,
        "total": 6918
    },
    "percentage": {
        "ACTIVE": 99.98554495518935,
        "INACTIVE": 0.26881720430107525,
        "INVALID": 0,
        "MALICIOUS": 0,
        "SANE": 0,
        "VALID": 0,
        "total": 100.25436215949043
    }
}