{
    "counter": {
        "ACTIVE": 12632,
        "INACTIVE": 5,
        "INVALID": 0,
        "MALICIOUS": 0,
        "SANE": 0,
        "VALID": 0,
        "total": 12637
    },
    "percentage": {
        "ACTIVE": 99.9604336472264,
        "INACTIVE": 0.040358382436031966,
        "INVALID": 0,
        "MALICIOUS": 0,
        "SANE": 0,
        "VALID": 0,
        "total": 100.00079202966242
    }
}