{
    "counter": {
        "ACTIVE": 46220,
        "INACTIVE": 9,
        "INVALID": 0,
        "MALICIOUS": 0,
        "SANE": 0,
        "VALID": 0,
        "total": 46229
    },
    "percentage": {
        "ACTIVE": 99.9805317008804,
        "INACTIVE": 0.01946829911960025,
        "INVALID": 0.0,
        "MALICIOUS": 0.0,
        "SANE": 0.0,
        "VALID": 0.0,
        "total": 100.0
    }
}