{
    "counter": {
        "ACTIVE": 5701,
        "INACTIVE": 1,
        "INVALID": 0,
        "MALICIOUS": 0,
        "SANE": 0,
        "VALID": 0,
        "total": 5702
    },
    "percentage": {
        "ACTIVE": 99.98246229393196,
        "INACTIVE": 0.02608242044861763,
        "INVALID": 0,
        "MALICIOUS": 0,
        "SANE": 0,
        "VALID": 0,
        "total": 100.00854471438058
    }
}