{
    "counter": {
        "ACTIVE": 9574,
        "INACTIVE": 5,
        "INVALID": 0,
        "MALICIOUS": 0,
        "SANE": 0,
        "VALID": 0,
        "total": 9579
    },
    "percentage": {
        "ACTIVE": 99.94780248460174,
        "INACTIVE": 0.05465078150617554,
        "INVALID": 0,
        "MALICIOUS": 0,
        "SANE": 0,
        "VALID": 0,
        "total": 100.0024532661079
    }
}