{
    "counter": {
        "ACTIVE": 46014,
        "INACTIVE": 14,
        "INVALID": 0,
        "MALICIOUS": 0,
        "SANE": 0,
        "VALID": 0,
        "total": 46028
    },
    "percentage": {
        "ACTIVE": 99.9695837316416,
        "INACTIVE": 0.030416268358390546,
        "INVALID": 0.0,
        "MALICIOUS": 0.0,
        "SANE": 0.0,
        "VALID": 0.0,
        "total": 100.0
    }
}