{
    "counter": {
        "ACTIVE": 17700,
        "INACTIVE": 2,
        "INVALID": 0,
        "MALICIOUS": 0,
        "SANE": 0,
        "VALID": 0,
        "total": 17702
    },
    "percentage": {
        "ACTIVE": 99.98870184159982,
        "INACTIVE": 0.011298158400180771,
        "INVALID": 0.0,
        "MALICIOUS": 0.0,
        "SANE": 0.0,
        "VALID": 0.0,
        "total": 100.0
    }
}