{
    "counter": {
        "ACTIVE": 15743,
        "INACTIVE": 7,
        "INVALID": 0,
        "MALICIOUS": 0,
        "SANE": 0,
        "VALID": 0,
        "total": 15750
    },
    "percentage": {
        "ACTIVE": 99.95555555555555,
        "INACTIVE": 0.045094376087096565,
        "INVALID": 0,
        "MALICIOUS": 0,
        "SANE": 0,
        "VALID": 0,
        "total": 100.00064993164264
    }
}