{
    "counter": {
        "ACTIVE": 17065,
        "INACTIVE": 10,
        "INVALID": 0,
        "MALICIOUS": 0,
        "SANE": 0,
        "VALID": 0,
        "total": 17075
    },
    "percentage": {
        "ACTIVE": 99.94143484626647,
        "INACTIVE": 0.0602627455706882,
        "INVALID": 0,
        "MALICIOUS": 0,
        "SANE": 0,
        "VALID": 0,
        "total": 100.00169759183716
    }
}