{
    "counter": {
        "ACTIVE": 16720,
        "INACTIVE": 905,
        "INVALID": 0,
        "MALICIOUS": 0,
        "SANE": 0,
        "VALID": 0,
        "total": 17625
    },
    "percentage": {
        "ACTIVE": 94.86524822695036,
        "INACTIVE": 5.134751773049645,
        "INVALID": 0.0,
        "MALICIOUS": 0.0,
        "SANE": 0.0,
        "VALID": 0.0,
        "total": 100.0
    }
}