{
    "counter": {
        "ACTIVE": 37730,
        "INACTIVE": 10,
        "INVALID": 0,
        "MALICIOUS": 0,
        "SANE": 0,
        "VALID": 0,
        "total": 37740
    },
    "percentage": {
        "ACTIVE": 99.97350291467939,
        "INACTIVE": 0.026497085320614733,
        "INVALID": 0.0,
        "MALICIOUS": 0.0,
        "SANE": 0.0,
        "VALID": 0.0,
        "total": 100.0
    }
}