{
    "counter": {
        "ACTIVE": 2382,
        "INACTIVE": 1,
        "INVALID": 0,
        "MALICIOUS": 0,
        "SANE": 0,
        "VALID": 0,
        "total": 2383
    },
    "percentage": {
        "ACTIVE": 99.9580360889635,
        "INACTIVE": 0.10905125408942203,
        "INVALID": 0,
        "MALICIOUS": 0,
        "SANE": 0,
        "VALID": 0,
        "total": 100.06708734305292
    }
}