{
    "counter": {
        "ACTIVE": 5002,
        "INACTIVE": 2,
        "INVALID": 0,
        "MALICIOUS": 0,
        "SANE": 0,
        "VALID": 0,
        "total": 5004
    },
    "percentage": {
        "ACTIVE": 99.96003197442046,
        "INACTIVE": 0.05142710208279763,
        "INVALID": 0,
        "MALICIOUS": 0,
        "SANE": 0,
        "VALID": 0,
        "total": 100.01145907650326
    }
}