{
    "counter": {
        "ACTIVE": 33404,
        "INACTIVE": 13,
        "INVALID": 0,
        "MALICIOUS": 0,
        "SANE": 0,
        "VALID": 0,
        "total": 33417
    },
    "percentage": {
        "ACTIVE": 99.96109764491128,
        "INACTIVE": 0.038902355088727296,
        "INVALID": 0.0,
        "MALICIOUS": 0.0,
        "SANE": 0.0,
        "VALID": 0.0,
        "total": 100.0
    }
}