{
    "counter": {
        "ACTIVE": 10514,
        "INACTIVE": 1,
        "INVALID": 0,
        "MALICIOUS": 0,
        "SANE": 0,
        "VALID": 0,
        "total": 10515
    },
    "percentage": {
        "ACTIVE": 99.99048977650975,
        "INACTIVE": 0.013553808620222282,
        "INVALID": 0,
        "MALICIOUS": 0,
        "SANE": 0,
        "VALID": 0,
        "total": 100.00404358512996
    }
}