{
    "counter": {
        "ACTIVE": 9175,
        "INACTIVE": 13,
        "INVALID": 0,
        "MALICIOUS": 0,
        "SANE": 0,
        "VALID": 0,
        "total": 9188
    },
    "percentage": {
        "ACTIVE": 99.85851110143666,
        "INACTIVE": 0.22279348757497858,
        "INVALID": 0,
        "MALICIOUS": 0,
        "SANE": 0,
        "VALID": 0,
        "total": 100.08130458901164
    }
}