{
    "counter": {
        "ACTIVE": 45536,
        "INACTIVE": 3,
        "INVALID": 0,
        "MALICIOUS": 0,
        "SANE": 0,
        "VALID": 0,
        "total": 45539
    },
    "percentage": {
        "ACTIVE": 99.99341224005798,
        "INACTIVE": 0.006587759942027712,
        "INVALID": 0.0,
        "MALICIOUS": 0.0,
        "SANE": 0.0,
        "VALID": 0.0,
        "total": 100.0
    }
}