{
    "counter": {
        "ACTIVE": 5905,
        "INACTIVE": 2,
        "INVALID": 0,
        "MALICIOUS": 0,
        "SANE": 0,
        "VALID": 0,
        "total": 5907
    },
    "percentage": {
        "ACTIVE": 99.96614186558321,
        "INACTIVE": 0.05142710208279763,
        "INVALID": 0,
        "MALICIOUS": 0,
        "SANE": 0,
        "VALID": 0,
        "total": 100.01756896766601
    }
}