{
    "counter": {
        "ACTIVE": 37755,
        "INACTIVE": 11,
        "INVALID": 0,
        "MALICIOUS": 0,
        "SANE": 0,
        "VALID": 0,
        "total": 37766
    },
    "percentage": {
        "ACTIVE": 99.97087327225547,
        "INACTIVE": 0.029126727744532118,
        "INVALID": 0.0,
        "MALICIOUS": 0.0,
        "SANE": 0.0,
        "VALID": 0.0,
        "total": 100.0
    }
}