{
    "counter": {
        "ACTIVE": 2881,
        "INACTIVE": 1,
        "INVALID": 0,
        "MALICIOUS": 0,
        "SANE": 0,
        "VALID": 0,
        "total": 2882
    },
    "percentage": {
        "ACTIVE": 99.96530187369882,
        "INACTIVE": 0.24630541871921183,
        "INVALID": 0,
        "MALICIOUS": 0,
        "SANE": 0,
        "VALID": 0,
        "total": 100.21160729241804
    }
}