{
    "counter": {
        "ACTIVE": 13240,
        "INACTIVE": 19,
        "INVALID": 0,
        "MALICIOUS": 0,
        "SANE": 0,
        "VALID": 0,
        "total": 13259
    },
    "percentage": {
        "ACTIVE": 99.8567011086809,
        "INACTIVE": 0.14385221078134464,
        "INVALID": 0,
        "MALICIOUS": 0,
        "SANE": 0,
        "VALID": 0,
        "total": 100.00055331946224
    }
}