{
    "counter": {
        "ACTIVE": 16864,
        "INACTIVE": 917,
        "INVALID": 0,
        "MALICIOUS": 0,
        "SANE": 0,
        "VALID": 0,
        "total": 17781
    },
    "percentage": {
        "ACTIVE": 94.8428097407345,
        "INACTIVE": 5.157190259265509,
        "INVALID": 0.0,
        "MALICIOUS": 0.0,
        "SANE": 0.0,
        "VALID": 0.0,
        "total": 100.0
    }
}