{
    "counter": {
        "ACTIVE": 12823,
        "INACTIVE": 8,
        "INVALID": 0,
        "MALICIOUS": 0,
        "SANE": 0,
        "VALID": 0,
        "total": 12831
    },
    "percentage": {
        "ACTIVE": 99.93765100148079,
        "INACTIVE": 0.09616540449573266,
        "INVALID": 0,
        "MALICIOUS": 0,
        "SANE": 0,
        "VALID": 0,
        "total": 100.03381640597652
    }
}