{
    "counter": {
        "ACTIVE": 45555,
        "INACTIVE": 1,
        "INVALID": 0,
        "MALICIOUS": 0,
        "SANE": 0,
        "VALID": 0,
        "total": 45556
    },
    "percentage": {
        "ACTIVE": 99.9978048994644,
        "INACTIVE": 0.0021951005356045305,
        "INVALID": 0.0,
        "MALICIOUS": 0.0,
        "SANE": 0.0,
        "VALID": 0.0,
        "total": 100.0
    }
}