{
    "counter": {
        "ACTIVE": 42262,
        "INACTIVE": 2,
        "INVALID": 0,
        "MALICIOUS": 0,
        "SANE": 0,
        "VALID": 0,
        "total": 42264
    },
    "percentage": {
        "ACTIVE": 99.99526784024229,
        "INACTIVE": 0.00473215975771342,
        "INVALID": 0.0,
        "MALICIOUS": 0.0,
        "SANE": 0.0,
        "VALID": 0.0,
        "total": 100.0
    }
}