{
    "counter": {
        "ACTIVE": 41130,
        "INACTIVE": 1,
        "INVALID": 0,
        "MALICIOUS": 0,
        "SANE": 0,
        "VALID": 0,
        "total": 41131
    },
    "percentage": {
        "ACTIVE": 99.9975687437699,
        "INACTIVE": 0.0024312562300940897,
        "INVALID": 0.0,
        "MALICIOUS": 0.0,
        "SANE": 0.0,
        "VALID": 0.0,
        "total": 100.0
    }
}