{
    "counter": {
        "ACTIVE": 17856,
        "INACTIVE": 11,
        "INVALID": 0,
        "MALICIOUS": 0,
        "SANE": 0,
        "VALID": 0,
        "total": 17867
    },
    "percentage": {
        "ACTIVE": 99.93843398444059,
        "INACTIVE": 0.06352873231302339,
        "INVALID": 0,
        "MALICIOUS": 0,
        "SANE": 0,
        "VALID": 0,
        "total": 100.00196271675361
    }
}