{
    "counter": {
        "ACTIVE": 14242,
        "INACTIVE": 1008,
        "INVALID": 0,
        "MALICIOUS": 0,
        "SANE": 0,
        "VALID": 0,
        "total": 15250
    },
    "percentage": {
        "ACTIVE": 93.39016393442623,
        "INACTIVE": 6.609836065573771,
        "INVALID": 0.0,
        "MALICIOUS": 0.0,
        "SANE": 0.0,
        "VALID": 0.0,
        "total": 100.0
    }
}