{
    "counter": {
        "ACTIVE": 17619,
        "INACTIVE": 25,
        "INVALID": 0,
        "MALICIOUS": 0,
        "SANE": 0,
        "VALID": 0,
        "total": 17644
    },
    "percentage": {
        "ACTIVE": 99.85830877352075,
        "INACTIVE": 0.14317622129316762,
        "INVALID": 0,
        "MALICIOUS": 0,
        "SANE": 0,
        "VALID": 0,
        "total": 100.00148499481392
    }
}