{
    "counter": {
        "ACTIVE": 45417,
        "INACTIVE": 1,
        "INVALID": 0,
        "MALICIOUS": 0,
        "SANE": 0,
        "VALID": 0,
        "total": 45418
    },
    "percentage": {
        "ACTIVE": 99.99779822977673,
        "INACTIVE": 0.0022017702232595008,
        "INVALID": 0.0,
        "MALICIOUS": 0.0,
        "SANE": 0.0,
        "VALID": 0.0,
        "total": 100.0
    }
}