{
    "counter": {
        "ACTIVE": 2166,
        "INACTIVE": 1,
        "INVALID": 0,
        "MALICIOUS": 0,
        "SANE": 0,
        "VALID": 0,
        "total": 2167
    },
    "percentage": {
        "ACTIVE": 99.95385325334564,
        "INACTIVE": 0.06086427267194157,
        "INVALID": 0,
        "MALICIOUS": 0,
        "SANE": 0,
        "VALID": 0,
        "total": 100.01471752601758
    }
}