{
    "counter": {
        "ACTIVE": 13011,
        "INACTIVE": 1,
        "INVALID": 0,
        "MALICIOUS": 0,
        "SANE": 0,
        "VALID": 0,
        "total": 13012
    },
    "percentage": {
        "ACTIVE": 99.99231478635106,
        "INACTIVE": 0.008673779165582445,
        "INVALID": 0,
        "MALICIOUS": 0,
        "SANE": 0,
        "VALID": 0,
        "total": 100.00098856551664
    }
}