{
    "counter": {
        "ACTIVE": 39843,
        "INACTIVE": 3,
        "INVALID": 0,
        "MALICIOUS": 0,
        "SANE": 0,
        "VALID": 0,
        "total": 39846
    },
    "percentage": {
        "ACTIVE": 99.9924710134016,
        "INACTIVE": 0.007528986598403855,
        "INVALID": 0.0,
        "MALICIOUS": 0.0,
        "SANE": 0.0,
        "VALID": 0.0,
        "total": 100.0
    }
}