{
    "counter": {
        "ACTIVE": 16072,
        "INACTIVE": 881,
        "INVALID": 0,
        "MALICIOUS": 0,
        "SANE": 0,
        "VALID": 0,
        "total": 16953
    },
    "percentage": {
        "ACTIVE": 94.8032796555182,
        "INACTIVE": 5.196720344481802,
        "INVALID": 0.0,
        "MALICIOUS": 0.0,
        "SANE": 0.0,
        "VALID": 0.0,
        "total": 100.0
    }
}