{
    "counter": {
        "ACTIVE": 5957,
        "INACTIVE": 1,
        "INVALID": 0,
        "MALICIOUS": 0,
        "SANE": 0,
        "VALID": 0,
        "total": 5958
    },
    "percentage": {
        "ACTIVE": 99.98321584424303,
        "INACTIVE": 0.26881720430107525,
        "INVALID": 0,
        "MALICIOUS": 0,
        "SANE": 0,
        "VALID": 0,
        "total": 100.2520330485441
    }
}