{
    "counter": {
        "ACTIVE": 5263,
        "INACTIVE": 3,
        "INVALID": 0,
        "MALICIOUS": 0,
        "SANE": 0,
        "VALID": 0,
        "total": 5266
    },
    "percentage": {
        "ACTIVE": 99.94303076338777,
        "INACTIVE": 0.1139384732244588,
        "INVALID": 0,
        "MALICIOUS": 0,
        "SANE": 0,
        "VALID": 0,
        "total": 100.05696923661223
    }
}