{
    "counter": {
        "ACTIVE": 16901,
        "INACTIVE": 129,
        "INVALID": 0,
        "MALICIOUS": 0,
        "SANE": 0,
        "VALID": 0,
        "total": 17030
    },
    "percentage": {
        "ACTIVE": 99.24251321197886,
        "INACTIVE": 0.7574867880211391,
        "INVALID": 0.0,
        "MALICIOUS": 0.0,
        "SANE": 0.0,
        "VALID": 0.0,
        "total": 100.0
    }
}