{
    "counter": {
        "ACTIVE": 3966,
        "INACTIVE": 15,
        "INVALID": 0,
        "MALICIOUS": 0,
        "SANE": 0,
        "VALID": 0,
        "total": 3981
    },
    "percentage": {
        "ACTIVE": 99.62321024868123,
        "INACTIVE": 0.3991484832357637,
        "INVALID": 0,
        "MALICIOUS": 0,
        "SANE": 0,
        "VALID": 0,
        "total": 100.022358731917
    }
}