{
    "counter": {
        "ACTIVE": 18038,
        "INACTIVE": 11,
        "INVALID": 0,
        "MALICIOUS": 0,
        "SANE": 0,
        "VALID": 0,
        "total": 18049
    },
    "percentage": {
        "ACTIVE": 99.93905479527952,
        "INACTIVE": 0.06352873231302339,
        "INVALID": 0,
        "MALICIOUS": 0,
        "SANE": 0,
        "VALID": 0,
        "total": 100.00258352759253
    }
}