{
    "counter": {
        "ACTIVE": 13897,
        "INACTIVE": 3,
        "INVALID": 0,
        "MALICIOUS": 0,
        "SANE": 0,
        "VALID": 0,
        "total": 13900
    },
    "percentage": {
        "ACTIVE": 99.97841726618705,
        "INACTIVE": 0.030937403320614624,
        "INVALID": 0,
        "MALICIOUS": 0,
        "SANE": 0,
        "VALID": 0,
        "total": 100.00935466950767
    }
}