{
    "counter": {
        "ACTIVE": 36585,
        "INACTIVE": 107,
        "INVALID": 0,
        "MALICIOUS": 0,
        "SANE": 0,
        "VALID": 0,
        "total": 36692
    },
    "percentage": {
        "ACTIVE": 99.70838329881173,
        "INACTIVE": 0.29161670118826993,
        "INVALID": 0.0,
        "MALICIOUS": 0.0,
        "SANE": 0.0,
        "VALID": 0.0,
        "total": 100.0
    }
}