{
    "counter": {
        "ACTIVE": 44485,
        "INACTIVE": 3,
        "INVALID": 0,
        "MALICIOUS": 0,
        "SANE": 0,
        "VALID": 0,
        "total": 44488
    },
    "percentage": {
        "ACTIVE": 99.99325660852365,
        "INACTIVE": 0.0067433914763531735,
        "INVALID": 0.0,
        "MALICIOUS": 0.0,
        "SANE": 0.0,
        "VALID": 0.0,
        "total": 100.0
    }
}