{
    "counter": {
        "ACTIVE": 45480,
        "INACTIVE": 2,
        "INVALID": 0,
        "MALICIOUS": 0,
        "SANE": 0,
        "VALID": 0,
        "total": 45482
    },
    "percentage": {
        "ACTIVE": 99.99560265599578,
        "INACTIVE": 0.0043973440042214505,
        "INVALID": 0.0,
        "MALICIOUS": 0.0,
        "SANE": 0.0,
        "VALID": 0.0,
        "total": 100.0
    }
}