{
    "counter": {
        "ACTIVE": 11779,
        "INACTIVE": 2,
        "INVALID": 0,
        "MALICIOUS": 0,
        "SANE": 0,
        "VALID": 0,
        "total": 11781
    },
    "percentage": {
        "ACTIVE": 99.98302351243528,
        "INACTIVE": 0.025157232704402517,
        "INVALID": 0,
        "MALICIOUS": 0,
        "SANE": 0,
        "VALID": 0,
        "total": 100.00818074513968
    }
}