{
    "counter": {
        "ACTIVE": 45554,
        "INACTIVE": 3,
        "INVALID": 0,
        "MALICIOUS": 0,
        "SANE": 0,
        "VALID": 0,
        "total": 45557
    },
    "percentage": {
        "ACTIVE": 99.993414842944,
        "INACTIVE": 0.006585157055995786,
        "INVALID": 0.0,
        "MALICIOUS": 0.0,
        "SANE": 0.0,
        "VALID": 0.0,
        "total": 100.0
    }
}