{
    "counter": {
        "ACTIVE": 13305,
        "INACTIVE": 3,
        "INVALID": 0,
        "MALICIOUS": 0,
        "SANE": 0,
        "VALID": 0,
        "total": 13308
    },
    "percentage": {
        "ACTIVE": 99.97745716862038,
        "INACTIVE": 0.022846698652044778,
        "INVALID": 0,
        "MALICIOUS": 0,
        "SANE": 0,
        "VALID": 0,
        "total": 100.00030386727242
    }
}