{
    "counter": {
        "ACTIVE": 10783,
        "INACTIVE": 1,
        "INVALID": 0,
        "MALICIOUS": 0,
        "SANE": 0,
        "VALID": 0,
        "total": 10784
    },
    "percentage": {
        "ACTIVE": 99.99072700296736,
        "INACTIVE": 0.032499187520311994,
        "INVALID": 0,
        "MALICIOUS": 0,
        "SANE": 0,
        "VALID": 0,
        "total": 100.02322619048768
    }
}