{
    "counter": {
        "ACTIVE": 12195,
        "INACTIVE": 3,
        "INVALID": 0,
        "MALICIOUS": 0,
        "SANE": 0,
        "VALID": 0,
        "total": 12198
    },
    "percentage": {
        "ACTIVE": 99.9754058042302,
        "INACTIVE": 0.030937403320614624,
        "INVALID": 0,
        "MALICIOUS": 0,
        "SANE": 0,
        "VALID": 0,
        "total": 100.00634320755083
    }
}