{
    "counter": {
        "ACTIVE": 17674,
        "INACTIVE": 11,
        "INVALID": 0,
        "MALICIOUS": 0,
        "SANE": 0,
        "VALID": 0,
        "total": 17685
    },
    "percentage": {
        "ACTIVE": 99.93780039581566,
        "INACTIVE": 0.06219960418433701,
        "INVALID": 0.0,
        "MALICIOUS": 0.0,
        "SANE": 0.0,
        "VALID": 0.0,
        "total": 100.0
    }
}