{
    "counter": {
        "ACTIVE": 44868,
        "INACTIVE": 1,
        "INVALID": 0,
        "MALICIOUS": 0,
        "SANE": 0,
        "VALID": 0,
        "total": 44869
    },
    "percentage": {
        "ACTIVE": 99.99777128975462,
        "INACTIVE": 0.002228710245380998,
        "INVALID": 0.0,
        "MALICIOUS": 0.0,
        "SANE": 0.0,
        "VALID": 0.0,
        "total": 100.0
    }
}