{
    "counter": {
        "ACTIVE": 13994,
        "INACTIVE": 1,
        "INVALID": 0,
        "MALICIOUS": 0,
        "SANE": 0,
        "VALID": 0,
        "total": 13995
    },
    "percentage": {
        "ACTIVE": 99.99285459092533,
        "INACTIVE": 0.012000480019200769,
        "INVALID": 0,
        "MALICIOUS": 0,
        "SANE": 0,
        "VALID": 0,
        "total": 100.00485507094453
    }
}