{
    "counter": {
        "ACTIVE": 14162,
        "INACTIVE": 6,
        "INVALID": 0,
        "MALICIOUS": 0,
        "SANE": 0,
        "VALID": 0,
        "total": 14168
    },
    "percentage": {
        "ACTIVE": 99.95765104460757,
        "INACTIVE": 0.042471862391165856,
        "INVALID": 0,
        "MALICIOUS": 0,
        "SANE": 0,
        "VALID": 0,
        "total": 100.00012290699874
    }
}