{
    "counter": {
        "ACTIVE": 13891,
        "INACTIVE": 1,
        "INVALID": 0,
        "MALICIOUS": 0,
        "SANE": 0,
        "VALID": 0,
        "total": 13892
    },
    "percentage": {
        "ACTIVE": 99.99280161243881,
        "INACTIVE": 0.00811886011204027,
        "INVALID": 0,
        "MALICIOUS": 0,
        "SANE": 0,
        "VALID": 0,
        "total": 100.00092047255085
    }
}