{
    "counter": {
        "ACTIVE": 10207,
        "INACTIVE": 3,
        "INVALID": 0,
        "MALICIOUS": 0,
        "SANE": 0,
        "VALID": 0,
        "total": 10210
    },
    "percentage": {
        "ACTIVE": 99.97061704211558,
        "INACTIVE": 0.030937403320614624,
        "INVALID": 0,
        "MALICIOUS": 0,
        "SANE": 0,
        "VALID": 0,
        "total": 100.0015544454362
    }
}