{
    "counter": {
        "ACTIVE": 12337,
        "INACTIVE": 1,
        "INVALID": 0,
        "MALICIOUS": 0,
        "SANE": 0,
        "VALID": 0,
        "total": 12338
    },
    "percentage": {
        "ACTIVE": 99.99189495866429,
        "INACTIVE": 0.031625553447185324,
        "INVALID": 0,
        "MALICIOUS": 0,
        "SANE": 0,
        "VALID": 0,
        "total": 100.02352051211147
    }
}