{
    "counter": {
        "ACTIVE": 17435,
        "INACTIVE": 11,
        "INVALID": 0,
        "MALICIOUS": 0,
        "SANE": 0,
        "VALID": 0,
        "total": 17446
    },
    "percentage": {
        "ACTIVE": 99.93694829760403,
        "INACTIVE": 0.06305170239596469,
        "INVALID": 0.0,
        "MALICIOUS": 0.0,
        "SANE": 0.0,
        "VALID": 0.0,
        "total": 100.0
    }
}