{
    "counter": {
        "ACTIVE": 11686,
        "INACTIVE": 2,
        "INVALID": 0,
        "MALICIOUS": 0,
        "SANE": 0,
        "VALID": 0,
        "total": 11688
    },
    "percentage": {
        "ACTIVE": 99.98288843258042,
        "INACTIVE": 0.01793561115595014,
        "INVALID": 0,
        "MALICIOUS": 0,
        "SANE": 0,
        "VALID": 0,
        "total": 100.00082404373637
    }
}