{
    "counter": {
        "ACTIVE": 17144,
        "INACTIVE": 1,
        "INVALID": 0,
        "MALICIOUS": 0,
        "SANE": 0,
        "VALID": 0,
        "total": 17145
    },
    "percentage": {
        "ACTIVE": 99.9941673957422,
        "INACTIVE": 0.0058326042578011085,
        "INVALID": 0.0,
        "MALICIOUS": 0.0,
        "SANE": 0.0,
        "VALID": 0.0,
        "total": 100.0
    }
}