{
    "counter": {
        "ACTIVE": 10533,
        "INACTIVE": 1,
        "INVALID": 0,
        "MALICIOUS": 0,
        "SANE": 0,
        "VALID": 0,
        "total": 10534
    },
    "percentage": {
        "ACTIVE": 99.99050692994115,
        "INACTIVE": 0.0177367860943597,
        "INVALID": 0,
        "MALICIOUS": 0,
        "SANE": 0,
        "VALID": 0,
        "total": 100.00824371603551
    }
}