{
    "counter": {
        "ACTIVE": 11397,
        "INACTIVE": 1,
        "INVALID": 0,
        "MALICIOUS": 0,
        "SANE": 0,
        "VALID": 0,
        "total": 11398
    },
    "percentage": {
        "ACTIVE": 99.99122653097035,
        "INACTIVE": 0.02608242044861763,
        "INVALID": 0,
        "MALICIOUS": 0,
        "SANE": 0,
        "VALID": 0,
        "total": 100.01730895141897
    }
}