{
    "counter": {
        "ACTIVE": 11261,
        "INACTIVE": 1,
        "INVALID": 0,
        "MALICIOUS": 0,
        "SANE": 0,
        "VALID": 0,
        "total": 11262
    },
    "percentage": {
        "ACTIVE": 99.99112058248978,
        "INACTIVE": 0.0177367860943597,
        "INVALID": 0,
        "MALICIOUS": 0,
        "SANE": 0,
        "VALID": 0,
        "total": 100.00885736858415
    }
}