{
    "counter": {
        "ACTIVE": 9822,
        "INACTIVE": 3,
        "INVALID": 0,
        "MALICIOUS": 0,
        "SANE": 0,
        "VALID": 0,
        "total": 9825
    },
    "percentage": {
        "ACTIVE": 99.96946564885496,
        "INACTIVE": 0.036483035388544326,
        "INVALID": 0,
        "MALICIOUS": 0,
        "SANE": 0,
        "VALID": 0,
        "total": 100.0059486842435
    }
}