{
    "counter": {
        "ACTIVE": 17660,
        "INACTIVE": 1,
        "INVALID": 0,
        "MALICIOUS": 0,
        "SANE": 0,
        "VALID": 0,
        "total": 17661
    },
    "percentage": {
        "ACTIVE": 99.99433780646622,
        "INACTIVE": 0.0056621935337749845,
        "INVALID": 0.0,
        "MALICIOUS": 0.0,
        "SANE": 0.0,
        "VALID": 0.0,
        "total": 100.0
    }
}