{
    "counter": {
        "ACTIVE": 10768,
        "INACTIVE": 4,
        "INVALID": 0,
        "MALICIOUS": 0,
        "SANE": 0,
        "VALID": 0,
        "total": 10772
    },
    "percentage": {
        "ACTIVE": 99.9628666914222,
        "INACTIVE": 0.04179728317659352,
        "INVALID": 0,
        "MALICIOUS": 0,
        "SANE": 0,
        "VALID": 0,
        "total": 100.0046639745988
    }
}