{
    "counter": {
        "ACTIVE": 11824,
        "INACTIVE": 3,
        "INVALID": 0,
        "MALICIOUS": 0,
        "SANE": 0,
        "VALID": 0,
        "total": 11827
    },
    "percentage": {
        "ACTIVE": 99.97463431132155,
        "INACTIVE": 0.03657198585883213,
        "INVALID": 0,
        "MALICIOUS": 0,
        "SANE": 0,
        "VALID": 0,
        "total": 100.01120629718038
    }
}