{
    "counter": {
        "ACTIVE": 14037,
        "INACTIVE": 2,
        "INVALID": 0,
        "MALICIOUS": 0,
        "SANE": 0,
        "VALID": 0,
        "total": 14039
    },
    "percentage": {
        "ACTIVE": 99.98575397108056,
        "INACTIVE": 0.025412960609911054,
        "INVALID": 0,
        "MALICIOUS": 0,
        "SANE": 0,
        "VALID": 0,
        "total": 100.01116693169047
    }
}