{
    "counter": {
        "ACTIVE": 12680,
        "INACTIVE": 2,
        "INVALID": 0,
        "MALICIOUS": 0,
        "SANE": 0,
        "VALID": 0,
        "total": 12682
    },
    "percentage": {
        "ACTIVE": 99.98422961677969,
        "INACTIVE": 0.025157232704402517,
        "INVALID": 0,
        "MALICIOUS": 0,
        "SANE": 0,
        "VALID": 0,
        "total": 100.00938684948409
    }
}