{
    "counter": {
        "ACTIVE": 43605,
        "INACTIVE": 1,
        "INVALID": 0,
        "MALICIOUS": 0,
        "SANE": 0,
        "VALID": 0,
        "total": 43606
    },
    "percentage": {
        "ACTIVE": 99.99770673760491,
        "INACTIVE": 0.0022932623950832455,
        "INVALID": 0.0,
        "MALICIOUS": 0.0,
        "SANE": 0.0,
        "VALID": 0.0,
        "total": 100.0
    }
}