{
    "counter": {
        "ACTIVE": 7431,
        "INACTIVE": 1,
        "INVALID": 0,
        "MALICIOUS": 0,
        "SANE": 0,
        "VALID": 0,
        "total": 7432
    },
    "percentage": {
        "ACTIVE": 99.98654467168998,
        "INACTIVE": 0.17985611510791366,
        "INVALID": 0,
        "MALICIOUS": 0,
        "SANE": 0,
        "VALID": 0,
        "total": 100.1664007867979
    }
}