{
    "counter": {
        "ACTIVE": 38569,
        "INACTIVE": 47,
        "INVALID": 0,
        "MALICIOUS": 0,
        "SANE": 0,
        "VALID": 0,
        "total": 38616
    },
    "percentage": {
        "ACTIVE": 99.87828879221048,
        "INACTIVE": 0.1217112077895173,
        "INVALID": 0.0,
        "MALICIOUS": 0.0,
        "SANE": 0.0,
        "VALID": 0.0,
        "total": 100.0
    }
}