{
    "counter": {
        "ACTIVE": 11928,
        "INACTIVE": 99,
        "INVALID": 0,
        "MALICIOUS": 0,
        "SANE": 0,
        "VALID": 0,
        "total": 12027
    },
    "percentage": {
        "ACTIVE": 99.17685208281367,
        "INACTIVE": 0.8231479171863307,
        "INVALID": 0.0,
        "MALICIOUS": 0.0,
        "SANE": 0.0,
        "VALID": 0.0,
        "total": 100.0
    }
}