{
    "counter": {
        "ACTIVE": 21520,
        "INACTIVE": 15,
        "INVALID": 1,
        "MALICIOUS": 0,
        "SANE": 0,
        "VALID": 0,
        "total": 21536
    },
    "percentage": {
        "ACTIVE": 99.92570579494799,
        "INACTIVE": 0.0799190153977303,
        "INVALID": 0.00543685097591475,
        "MALICIOUS": 0,
        "SANE": 0,
        "VALID": 0,
        "total": 100.01106166132163
    }
}