{
    "counter": {
        "ACTIVE": 5869,
        "INACTIVE": 1,
        "INVALID": 0,
        "MALICIOUS": 0,
        "SANE": 0,
        "VALID": 0,
        "total": 5870
    },
    "percentage": {
        "ACTIVE": 99.98296422487223,
        "INACTIVE": 0.17985611510791366,
        "INVALID": 0,
        "MALICIOUS": 0,
        "SANE": 0,
        "VALID": 0,
        "total": 100.16282033998014
    }
}