{
    "counter": {
        "ACTIVE": 45980,
        "INACTIVE": 20,
        "INVALID": 0,
        "MALICIOUS": 0,
        "SANE": 0,
        "VALID": 0,
        "total": 46000
    },
    "percentage": {
        "ACTIVE": 99.95652173913044,
        "INACTIVE": 0.043478260869565216,
        "INVALID": 0.0,
        "MALICIOUS": 0.0,
        "SANE": 0.0,
        "VALID": 0.0,
        "total": 100.0
    }
}