{
    "counter": {
        "ACTIVE": 37294,
        "INACTIVE": 6,
        "INVALID": 0,
        "MALICIOUS": 0,
        "SANE": 0,
        "VALID": 0,
        "total": 37300
    },
    "percentage": {
        "ACTIVE": 99.98391420911528,
        "INACTIVE": 0.0160857908847185,
        "INVALID": 0.0,
        "MALICIOUS": 0.0,
        "SANE": 0.0,
        "VALID": 0.0,
        "total": 100.0
    }
}