{
    "counter": {
        "ACTIVE": 13772,
        "INACTIVE": 113,
        "INVALID": 0,
        "MALICIOUS": 0,
        "SANE": 0,
        "VALID": 0,
        "total": 13885
    },
    "percentage": {
        "ACTIVE": 99.18617212819589,
        "INACTIVE": 0.8138278718041051,
        "INVALID": 0.0,
        "MALICIOUS": 0.0,
        "SANE": 0.0,
        "VALID": 0.0,
        "total": 100.0
    }
}