{
    "counter": {
        "ACTIVE": 13263,
        "INACTIVE": 1,
        "INVALID": 0,
        "MALICIOUS": 0,
        "SANE": 0,
        "VALID": 0,
        "total": 13264
    },
    "percentage": {
        "ACTIVE": 99.99246079613992,
        "INACTIVE": 0.012325896708985578,
        "INVALID": 0,
        "MALICIOUS": 0,
        "SANE": 0,
        "VALID": 0,
        "total": 100.00478669284891
    }
}