{
    "counter": {
        "ACTIVE": 11761,
        "INACTIVE": 1,
        "INVALID": 0,
        "MALICIOUS": 0,
        "SANE": 0,
        "VALID": 0,
        "total": 11762
    },
    "percentage": {
        "ACTIVE": 99.99149804455024,
        "INACTIVE": 0.008788118463836892,
        "INVALID": 0,
        "MALICIOUS": 0,
        "SANE": 0,
        "VALID": 0,
        "total": 100.00028616301408
    }
}