{
    "counter": {
        "ACTIVE": 16171,
        "INACTIVE": 8,
        "INVALID": 0,
        "MALICIOUS": 0,
        "SANE": 0,
        "VALID": 0,
        "total": 16179
    },
    "percentage": {
        "ACTIVE": 99.95055318622906,
        "INACTIVE": 0.05047955577990914,
        "INVALID": 0,
        "MALICIOUS": 0,
        "SANE": 0,
        "VALID": 0,
        "total": 100.00103274200897
    }
}