{
    "counter": {
        "ACTIVE": 12346,
        "INACTIVE": 1,
        "INVALID": 0,
        "MALICIOUS": 0,
        "SANE": 0,
        "VALID": 0,
        "total": 12347
    },
    "percentage": {
        "ACTIVE": 99.99190086660727,
        "INACTIVE": 0.011638733705772812,
        "INVALID": 0,
        "MALICIOUS": 0,
        "SANE": 0,
        "VALID": 0,
        "total": 100.00353960031303
    }
}