{
    "counter": {
        "ACTIVE": 13981,
        "INACTIVE": 789,
        "INVALID": 0,
        "MALICIOUS": 0,
        "SANE": 0,
        "VALID": 0,
        "total": 14770
    },
    "percentage": {
        "ACTIVE": 94.65809072444144,
        "INACTIVE": 5.341909275558565,
        "INVALID": 0.0,
        "MALICIOUS": 0.0,
        "SANE": 0.0,
        "VALID": 0.0,
        "total": 100.0
    }
}