{
    "counter": {
        "ACTIVE": 5858,
        "INACTIVE": 1,
        "INVALID": 0,
        "MALICIOUS": 0,
        "SANE": 0,
        "VALID": 0,
        "total": 5859
    },
    "percentage": {
        "ACTIVE": 99.98293224099676,
        "INACTIVE": 0.01774622892635315,
        "INVALID": 0,
        "MALICIOUS": 0,
        "SANE": 0,
        "VALID": 0,
        "total": 100.00067846992312
    }
}