{
    "counter": {
        "ACTIVE": 34858,
        "INACTIVE": 7,
        "INVALID": 0,
        "MALICIOUS": 0,
        "SANE": 0,
        "VALID": 0,
        "total": 34865
    },
    "percentage": {
        "ACTIVE": 99.9799225584397,
        "INACTIVE": 0.02007744156030403,
        "INVALID": 0.0,
        "MALICIOUS": 0.0,
        "SANE": 0.0,
        "VALID": 0.0,
        "total": 100.0
    }
}