{
    "counter": {
        "ACTIVE": 5945,
        "INACTIVE": 2,
        "INVALID": 0,
        "MALICIOUS": 0,
        "SANE": 0,
        "VALID": 0,
        "total": 5947
    },
    "percentage": {
        "ACTIVE": 99.9663695981167,
        "INACTIVE": 0.035143208574942894,
        "INVALID": 0,
        "MALICIOUS": 0,
        "SANE": 0,
        "VALID": 0,
        "total": 100.00151280669164
    }
}