{
    "counter": {
        "ACTIVE": 12713,
        "INACTIVE": 3,
        "INVALID": 0,
        "MALICIOUS": 0,
        "SANE": 0,
        "VALID": 0,
        "total": 12716
    },
    "percentage": {
        "ACTIVE": 99.97640767536961,
        "INACTIVE": 0.024303305249513935,
        "INVALID": 0,
        "MALICIOUS": 0,
        "SANE": 0,
        "VALID": 0,
        "total": 100.00071098061913
    }
}