{
    "counter": {
        "ACTIVE": 39380,
        "INACTIVE": 11,
        "INVALID": 0,
        "MALICIOUS": 0,
        "SANE": 0,
        "VALID": 0,
        "total": 39391
    },
    "percentage": {
        "ACTIVE": 99.97207483943032,
        "INACTIVE": 0.027925160569673275,
        "INVALID": 0.0,
        "MALICIOUS": 0.0,
        "SANE": 0.0,
        "VALID": 0.0,
        "total": 100.0
    }
}