{
    "counter": {
        "ACTIVE": 7077,
        "INACTIVE": 3,
        "INVALID": 0,
        "MALICIOUS": 0,
        "SANE": 0,
        "VALID": 0,
        "total": 7080
    },
    "percentage": {
        "ACTIVE": 99.95762711864407,
        "INACTIVE": 0.1139384732244588,
        "INVALID": 0,
        "MALICIOUS": 0,
        "SANE": 0,
        "VALID": 0,
        "total": 100.07156559186853
    }
}