{
    "counter": {
        "ACTIVE": 30930,
        "INACTIVE": 1,
        "INVALID": 0,
        "MALICIOUS": 0,
        "SANE": 0,
        "VALID": 0,
        "total": 30931
    },
    "percentage": {
        "ACTIVE": 99.99676699751059,
        "INACTIVE": 0.003233002489411917,
        "INVALID": 0.0,
        "MALICIOUS": 0.0,
        "SANE": 0.0,
        "VALID": 0.0,
        "total": 100.0
    }
}