{
    "counter": {
        "ACTIVE": 17780,
        "INACTIVE": 11,
        "INVALID": 0,
        "MALICIOUS": 0,
        "SANE": 0,
        "VALID": 0,
        "total": 17791
    },
    "percentage": {
        "ACTIVE": 99.93817098532966,
        "INACTIVE": 0.06352873231302339,
        "INVALID": 0,
        "MALICIOUS": 0,
        "SANE": 0,
        "VALID": 0,
        "total": 100.00169971764268
    }
}