{
    "counter": {
        "ACTIVE": 7466,
        "INACTIVE": 3,
        "INVALID": 0,
        "MALICIOUS": 0,
        "SANE": 0,
        "VALID": 0,
        "total": 7469
    },
    "percentage": {
        "ACTIVE": 99.95983398045254,
        "INACTIVE": 0.06370779358674877,
        "INVALID": 0,
        "MALICIOUS": 0,
        "SANE": 0,
        "VALID": 0,
        "total": 100.02354177403929
    }
}