{
    "counter": {
        "ACTIVE": 9274,
        "INACTIVE": 2,
        "INVALID": 0,
        "MALICIOUS": 0,
        "SANE": 0,
        "VALID": 0,
        "total": 9276
    },
    "percentage": {
        "ACTIVE": 99.97843898231997,
        "INACTIVE": 0.029994001199760048,
        "INVALID": 0,
        "MALICIOUS": 0,
        "SANE": 0,
        "VALID": 0,
        "total": 100.00843298351973
    }
}