{
    "counter": {
        "ACTIVE": 11723,
        "INACTIVE": 4,
        "INVALID": 0,
        "MALICIOUS": 0,
        "SANE": 0,
        "VALID": 0,
        "total": 11727
    },
    "percentage": {
        "ACTIVE": 99.9658906796282,
        "INACTIVE": 0.04179728317659352,
        "INVALID": 0,
        "MALICIOUS": 0,
        "SANE": 0,
        "VALID": 0,
        "total": 100.0076879628048
    }
}