{
    "counter": {
        "ACTIVE": 44347,
        "INACTIVE": 2,
        "INVALID": 0,
        "MALICIOUS": 0,
        "SANE": 0,
        "VALID": 0,
        "total": 44349
    },
    "percentage": {
        "ACTIVE": 99.99549031545243,
        "INACTIVE": 0.004509684547565898,
        "INVALID": 0.0,
        "MALICIOUS": 0.0,
        "SANE": 0.0,
        "VALID": 0.0,
        "total": 100.0
    }
}