{
    "counter": {
        "ACTIVE": 44422,
        "INACTIVE": 1,
        "INVALID": 0,
        "MALICIOUS": 0,
        "SANE": 0,
        "VALID": 0,
        "total": 44423
    },
    "percentage": {
        "ACTIVE": 99.99774891385093,
        "INACTIVE": 0.002251086149066925,
        "INVALID": 0.0,
        "MALICIOUS": 0.0,
        "SANE": 0.0,
        "VALID": 0.0,
        "total": 100.0
    }
}