{
    "counter": {
        "ACTIVE": 16938,
        "INACTIVE": 918,
        "INVALID": 0,
        "MALICIOUS": 0,
        "SANE": 0,
        "VALID": 0,
        "total": 17856
    },
    "percentage": {
        "ACTIVE": 94.85887096774194,
        "INACTIVE": 5.141129032258065,
        "INVALID": 0.0,
        "MALICIOUS": 0.0,
        "SANE": 0.0,
        "VALID": 0.0,
        "total": 100.0
    }
}