{
    "counter": {
        "ACTIVE": 10944,
        "INACTIVE": 5,
        "INVALID": 0,
        "MALICIOUS": 0,
        "SANE": 0,
        "VALID": 0,
        "total": 10949
    },
    "percentage": {
        "ACTIVE": 99.95433372910769,
        "INACTIVE": 0.05465078150617554,
        "INVALID": 0,
        "MALICIOUS": 0,
        "SANE": 0,
        "VALID": 0,
        "total": 100.00898451061386
    }
}