{
    "counter": {
        "ACTIVE": 16264,
        "INACTIVE": 23,
        "INVALID": 0,
        "MALICIOUS": 0,
        "SANE": 0,
        "VALID": 0,
        "total": 16287
    },
    "percentage": {
        "ACTIVE": 99.85878307852889,
        "INACTIVE": 0.15419683561276482,
        "INVALID": 0,
        "MALICIOUS": 0,
        "SANE": 0,
        "VALID": 0,
        "total": 100.01297991414165
    }
}