{
    "counter": {
        "ACTIVE": 44524,
        "INACTIVE": 1,
        "INVALID": 0,
        "MALICIOUS": 0,
        "SANE": 0,
        "VALID": 0,
        "total": 44525
    },
    "percentage": {
        "ACTIVE": 99.99775407074677,
        "INACTIVE": 0.0022459292532285235,
        "INVALID": 0.0,
        "MALICIOUS": 0.0,
        "SANE": 0.0,
        "VALID": 0.0,
        "total": 100.0
    }
}