{
    "counter": {
        "ACTIVE": 11021,
        "INACTIVE": 2,
        "INVALID": 0,
        "MALICIOUS": 0,
        "SANE": 0,
        "VALID": 0,
        "total": 11023
    },
    "percentage": {
        "ACTIVE": 99.98185611902386,
        "INACTIVE": 0.029994001199760048,
        "INVALID": 0,
        "MALICIOUS": 0,
        "SANE": 0,
        "VALID": 0,
        "total": 100.01185012022361
    }
}