{
    "counter": {
        "ACTIVE": 17602,
        "INACTIVE": 11,
        "INVALID": 0,
        "MALICIOUS": 0,
        "SANE": 0,
        "VALID": 0,
        "total": 17613
    },
    "percentage": {
        "ACTIVE": 99.93754613069892,
        "INACTIVE": 0.06245386930108442,
        "INVALID": 0.0,
        "MALICIOUS": 0.0,
        "SANE": 0.0,
        "VALID": 0.0,
        "total": 100.0
    }
}