{
    "counter": {
        "ACTIVE": 10501,
        "INACTIVE": 3,
        "INVALID": 0,
        "MALICIOUS": 0,
        "SANE": 0,
        "VALID": 0,
        "total": 10504
    },
    "percentage": {
        "ACTIVE": 99.97143945163747,
        "INACTIVE": 0.03657198585883213,
        "INVALID": 0,
        "MALICIOUS": 0,
        "SANE": 0,
        "VALID": 0,
        "total": 100.0080114374963
    }
}