{
    "counter": {
        "ACTIVE": 8636,
        "INACTIVE": 2,
        "INVALID": 0,
        "MALICIOUS": 0,
        "SANE": 0,
        "VALID": 0,
        "total": 8638
    },
    "percentage": {
        "ACTIVE": 99.97684649224358,
        "INACTIVE": 0.0258364552383413,
        "INVALID": 0,
        "MALICIOUS": 0,
        "SANE": 0,
        "VALID": 0,
        "total": 100.00268294748193
    }
}