{
    "counter": {
        "ACTIVE": 11719,
        "INACTIVE": 3,
        "INVALID": 0,
        "MALICIOUS": 0,
        "SANE": 0,
        "VALID": 0,
        "total": 11722
    },
    "percentage": {
        "ACTIVE": 99.97440709776488,
        "INACTIVE": 0.030937403320614624,
        "INVALID": 0,
        "MALICIOUS": 0,
        "SANE": 0,
        "VALID": 0,
        "total": 100.0053445010855
    }
}