{
    "counter": {
        "ACTIVE": 36383,
        "INACTIVE": 16,
        "INVALID": 0,
        "MALICIOUS": 0,
        "SANE": 0,
        "VALID": 0,
        "total": 36399
    },
    "percentage": {
        "ACTIVE": 99.95604274842715,
        "INACTIVE": 0.043957251572845406,
        "INVALID": 0.0,
        "MALICIOUS": 0.0,
        "SANE": 0.0,
        "VALID": 0.0,
        "total": 100.0
    }
}