{
    "counter": {
        "ACTIVE": 16667,
        "INACTIVE": 898,
        "INVALID": 0,
        "MALICIOUS": 0,
        "SANE": 0,
        "VALID": 0,
        "total": 17565
    },
    "percentage": {
        "ACTIVE": 94.88756048961002,
        "INACTIVE": 5.11243951038998,
        "INVALID": 0.0,
        "MALICIOUS": 0.0,
        "SANE": 0.0,
        "VALID": 0.0,
        "total": 100.0
    }
}