{
    "counter": {
        "ACTIVE": 45464,
        "INACTIVE": 2,
        "INVALID": 0,
        "MALICIOUS": 0,
        "SANE": 0,
        "VALID": 0,
        "total": 45466
    },
    "percentage": {
        "ACTIVE": 99.99560110852066,
        "INACTIVE": 0.0043988914793472046,
        "INVALID": 0.0,
        "MALICIOUS": 0.0,
        "SANE": 0.0,
        "VALID": 0.0,
        "total": 100.0
    }
}