{
    "counter": {
        "ACTIVE": 11834,
        "INACTIVE": 1,
        "INVALID": 0,
        "MALICIOUS": 0,
        "SANE": 0,
        "VALID": 0,
        "total": 11835
    },
    "percentage": {
        "ACTIVE": 99.99155048584706,
        "INACTIVE": 0.032499187520311994,
        "INVALID": 0,
        "MALICIOUS": 0,
        "SANE": 0,
        "VALID": 0,
        "total": 100.02404967336737
    }
}