{
    "counter": {
        "ACTIVE": 16113,
        "INACTIVE": 882,
        "INVALID": 0,
        "MALICIOUS": 0,
        "SANE": 0,
        "VALID": 0,
        "total": 16995
    },
    "percentage": {
        "ACTIVE": 94.81023830538393,
        "INACTIVE": 5.189761694616063,
        "INVALID": 0.0,
        "MALICIOUS": 0.0,
        "SANE": 0.0,
        "VALID": 0.0,
        "total": 100.0
    }
}