{
    "counter": {
        "ACTIVE": 15966,
        "INACTIVE": 8,
        "INVALID": 0,
        "MALICIOUS": 0,
        "SANE": 0,
        "VALID": 0,
        "total": 15974
    },
    "percentage": {
        "ACTIVE": 99.94991861775385,
        "INACTIVE": 0.05047955577990914,
        "INVALID": 0,
        "MALICIOUS": 0,
        "SANE": 0,
        "VALID": 0,
        "total": 100.00039817353377
    }
}