{
    "counter": {
        "ACTIVE": 45980,
        "INACTIVE": 13,
        "INVALID": 0,
        "MALICIOUS": 0,
        "SANE": 0,
        "VALID": 0,
        "total": 45993
    },
    "percentage": {
        "ACTIVE": 99.97173482921315,
        "INACTIVE": 0.02826517078685887,
        "INVALID": 0.0,
        "MALICIOUS": 0.0,
        "SANE": 0.0,
        "VALID": 0.0,
        "total": 100.0
    }
}