{
    "counter": {
        "ACTIVE": 12868,
        "INACTIVE": 124,
        "INVALID": 0,
        "MALICIOUS": 0,
        "SANE": 0,
        "VALID": 0,
        "total": 12992
    },
    "percentage": {
        "ACTIVE": 99.04556650246306,
        "INACTIVE": 0.955389475306264,
        "INVALID": 0,
        "MALICIOUS": 0,
        "SANE": 0,
        "VALID": 0,
        "total": 100.00095597776932
    }
}