{
    "counter": {
        "ACTIVE": 17775,
        "INACTIVE": 25,
        "INVALID": 0,
        "MALICIOUS": 0,
        "SANE": 0,
        "VALID": 0,
        "total": 17800
    },
    "percentage": {
        "ACTIVE": 99.85955056179775,
        "INACTIVE": 0.14317622129316762,
        "INVALID": 0,
        "MALICIOUS": 0,
        "SANE": 0,
        "VALID": 0,
        "total": 100.00272678309092
    }
}