{
    "counter": {
        "ACTIVE": 10368,
        "INACTIVE": 2,
        "INVALID": 0,
        "MALICIOUS": 0,
        "SANE": 0,
        "VALID": 0,
        "total": 10370
    },
    "percentage": {
        "ACTIVE": 99.98071359691417,
        "INACTIVE": 0.02644453259288642,
        "INVALID": 0,
        "MALICIOUS": 0,
        "SANE": 0,
        "VALID": 0,
        "total": 100.00715812950706
    }
}