{
    "counter": {
        "ACTIVE": 9095,
        "INACTIVE": 3,
        "INVALID": 0,
        "MALICIOUS": 0,
        "SANE": 0,
        "VALID": 0,
        "total": 9098
    },
    "percentage": {
        "ACTIVE": 99.96702571993845,
        "INACTIVE": 0.03600144005760231,
        "INVALID": 0,
        "MALICIOUS": 0,
        "SANE": 0,
        "VALID": 0,
        "total": 100.00302715999605
    }
}