{
    "counter": {
        "ACTIVE": 7873,
        "INACTIVE": 1,
        "INVALID": 0,
        "MALICIOUS": 0,
        "SANE": 0,
        "VALID": 0,
        "total": 7874
    },
    "percentage": {
        "ACTIVE": 99.98729997459995,
        "INACTIVE": 0.26881720430107525,
        "INVALID": 0,
        "MALICIOUS": 0,
        "SANE": 0,
        "VALID": 0,
        "total": 100.25611717890102
    }
}