{
    "counter": {
        "ACTIVE": 7574,
        "INACTIVE": 85,
        "INVALID": 0,
        "MALICIOUS": 0,
        "SANE": 0,
        "VALID": 0,
        "total": 7659
    },
    "percentage": {
        "ACTIVE": 98.89019454236846,
        "INACTIVE": 2.135678391959799,
        "INVALID": 0,
        "MALICIOUS": 0,
        "SANE": 0,
        "VALID": 0,
        "total": 101.02587293432826
    }
}