{
    "counter": {
        "ACTIVE": 39150,
        "INACTIVE": 1,
        "INVALID": 0,
        "MALICIOUS": 0,
        "SANE": 0,
        "VALID": 0,
        "total": 39151
    },
    "percentage": {
        "ACTIVE": 99.99744578682537,
        "INACTIVE": 0.002554213174631555,
        "INVALID": 0.0,
        "MALICIOUS": 0.0,
        "SANE": 0.0,
        "VALID": 0.0,
        "total": 100.0
    }
}