{
    "counter": {
        "ACTIVE": 9643,
        "INACTIVE": 85,
        "INVALID": 0,
        "MALICIOUS": 0,
        "SANE": 0,
        "VALID": 0,
        "total": 9728
    },
    "percentage": {
        "ACTIVE": 99.12623355263158,
        "INACTIVE": 2.135678391959799,
        "INVALID": 0,
        "MALICIOUS": 0,
        "SANE": 0,
        "VALID": 0,
        "total": 101.26191194459138
    }
}