{
    "counter": {
        "ACTIVE": 45552,
        "INACTIVE": 1,
        "INVALID": 0,
        "MALICIOUS": 0,
        "SANE": 0,
        "VALID": 0,
        "total": 45553
    },
    "percentage": {
        "ACTIVE": 99.99780475490088,
        "INACTIVE": 0.0021952450991153164,
        "INVALID": 0.0,
        "MALICIOUS": 0.0,
        "SANE": 0.0,
        "VALID": 0.0,
        "total": 100.0
    }
}