{
    "counter": {
        "ACTIVE": 10273,
        "INACTIVE": 1,
        "INVALID": 0,
        "MALICIOUS": 0,
        "SANE": 0,
        "VALID": 0,
        "total": 10274
    },
    "percentage": {
        "ACTIVE": 99.99026669262216,
        "INACTIVE": 0.15503875968992248,
        "INVALID": 0,
        "MALICIOUS": 0,
        "SANE": 0,
        "VALID": 0,
        "total": 100.14530545231207
    }
}