{
    "counter": {
        "ACTIVE": 45549,
        "INACTIVE": 3,
        "INVALID": 0,
        "MALICIOUS": 0,
        "SANE": 0,
        "VALID": 0,
        "total": 45552
    },
    "percentage": {
        "ACTIVE": 99.99341412012645,
        "INACTIVE": 0.006585879873551107,
        "INVALID": 0.0,
        "MALICIOUS": 0.0,
        "SANE": 0.0,
        "VALID": 0.0,
        "total": 100.0
    }
}