{
    "counter": {
        "ACTIVE": 46168,
        "INACTIVE": 25,
        "INVALID": 0,
        "MALICIOUS": 0,
        "SANE": 0,
        "VALID": 0,
        "total": 46193
    },
    "percentage": {
        "ACTIVE": 99.94587924577317,
        "INACTIVE": 0.05412075422683091,
        "INVALID": 0.0,
        "MALICIOUS": 0.0,
        "SANE": 0.0,
        "VALID": 0.0,
        "total": 100.0
    }
}