{
    "counter": {
        "ACTIVE": 34490,
        "INACTIVE": 29,
        "INVALID": 0,
        "MALICIOUS": 0,
        "SANE": 0,
        "VALID": 0,
        "total": 34519
    },
    "percentage": {
        "ACTIVE": 99.91598829630058,
        "INACTIVE": 0.08401170369941192,
        "INVALID": 0.0,
        "MALICIOUS": 0.0,
        "SANE": 0.0,
        "VALID": 0.0,
        "total": 100.0
    }
}