{
    "counter": {
        "ACTIVE": 980,
        "INACTIVE": 39,
        "INVALID": 0,
        "MALICIOUS": 0,
        "SANE": 0,
        "VALID": 0,
        "total": 1019
    },
    "percentage": {
        "ACTIVE": 96.17271835132483,
        "INACTIVE": 4.482758620689655,
        "INVALID": 0,
        "MALICIOUS": 0,
        "SANE": 0,
        "VALID": 0,
        "total": 100.65547697201448
    }
}