{
    "counter": {
        "ACTIVE": 11920,
        "INACTIVE": 3,
        "INVALID": 0,
        "MALICIOUS": 0,
        "SANE": 0,
        "VALID": 0,
        "total": 11923
    },
    "percentage": {
        "ACTIVE": 99.97483854734547,
        "INACTIVE": 0.1139384732244588,
        "INVALID": 0,
        "MALICIOUS": 0,
        "SANE": 0,
        "VALID": 0,
        "total": 100.08877702056994
    }
}