{
    "counter": {
        "ACTIVE": 9847,
        "INACTIVE": 1,
        "INVALID": 0,
        "MALICIOUS": 0,
        "SANE": 0,
        "VALID": 0,
        "total": 9848
    },
    "percentage": {
        "ACTIVE": 99.98984565393988,
        "INACTIVE": 0.012000480019200769,
        "INVALID": 0,
        "MALICIOUS": 0,
        "SANE": 0,
        "VALID": 0,
        "total": 100.00184613395908
    }
}