{
    "counter": {
        "ACTIVE": 17665,
        "INACTIVE": 11,
        "INVALID": 0,
        "MALICIOUS": 0,
        "SANE": 0,
        "VALID": 0,
        "total": 17676
    },
    "percentage": {
        "ACTIVE": 99.9377687259561,
        "INACTIVE": 0.06223127404390134,
        "INVALID": 0.0,
        "MALICIOUS": 0.0,
        "SANE": 0.0,
        "VALID": 0.0,
        "total": 100.0
    }
}