{
    "counter": {
        "ACTIVE": 15336,
        "INACTIVE": 1,
        "INVALID": 0,
        "MALICIOUS": 0,
        "SANE": 0,
        "VALID": 0,
        "total": 15337
    },
    "percentage": {
        "ACTIVE": 99.99347982004304,
        "INACTIVE": 0.006520179956966812,
        "INVALID": 0.0,
        "MALICIOUS": 0.0,
        "SANE": 0.0,
        "VALID": 0.0,
        "total": 100.0
    }
}