{
    "counter": {
        "ACTIVE": 43115,
        "INACTIVE": 10,
        "INVALID": 0,
        "MALICIOUS": 0,
        "SANE": 0,
        "VALID": 0,
        "total": 43125
    },
    "percentage": {
        "ACTIVE": 99.9768115942029,
        "INACTIVE": 0.02318840579710145,
        "INVALID": 0.0,
        "MALICIOUS": 0.0,
        "SANE": 0.0,
        "VALID": 0.0,
        "total": 100.0
    }
}