{
    "counter": {
        "ACTIVE": 28986,
        "INACTIVE": 17,
        "INVALID": 1,
        "MALICIOUS": 0,
        "SANE": 0,
        "VALID": 0,
        "total": 29004
    },
    "percentage": {
        "ACTIVE": 99.93793959453869,
        "INACTIVE": 0.07523122538390052,
        "INVALID": 0.00543685097591475,
        "MALICIOUS": 0,
        "SANE": 0,
        "VALID": 0,
        "total": 100.0186076708985
    }
}