{
    "counter": {
        "ACTIVE": 45989,
        "INACTIVE": 6,
        "INVALID": 0,
        "MALICIOUS": 0,
        "SANE": 0,
        "VALID": 0,
        "total": 45995
    },
    "percentage": {
        "ACTIVE": 99.98695510381563,
        "INACTIVE": 0.013044896184367867,
        "INVALID": 0.0,
        "MALICIOUS": 0.0,
        "SANE": 0.0,
        "VALID": 0.0,
        "total": 100.0
    }
}