{
    "counter": {
        "ACTIVE": 31671,
        "INACTIVE": 2,
        "INVALID": 0,
        "MALICIOUS": 0,
        "SANE": 0,
        "VALID": 0,
        "total": 31673
    },
    "percentage": {
        "ACTIVE": 99.99368547343163,
        "INACTIVE": 0.006314526568370536,
        "INVALID": 0.0,
        "MALICIOUS": 0.0,
        "SANE": 0.0,
        "VALID": 0.0,
        "total": 100.0
    }
}