{
    "counter": {
        "ACTIVE": 10719,
        "INACTIVE": 2,
        "INVALID": 0,
        "MALICIOUS": 0,
        "SANE": 0,
        "VALID": 0,
        "total": 10721
    },
    "percentage": {
        "ACTIVE": 99.9813450237851,
        "INACTIVE": 0.0258364552383413,
        "INVALID": 0,
        "MALICIOUS": 0,
        "SANE": 0,
        "VALID": 0,
        "total": 100.00718147902344
    }
}