{
    "counter": {
        "ACTIVE": 11816,
        "INACTIVE": 1,
        "INVALID": 0,
        "MALICIOUS": 0,
        "SANE": 0,
        "VALID": 0,
        "total": 11817
    },
    "percentage": {
        "ACTIVE": 99.99153761529999,
        "INACTIVE": 0.013553808620222282,
        "INVALID": 0,
        "MALICIOUS": 0,
        "SANE": 0,
        "VALID": 0,
        "total": 100.0050914239202
    }
}