{
    "counter": {
        "ACTIVE": 12028,
        "INACTIVE": 1,
        "INVALID": 0,
        "MALICIOUS": 0,
        "SANE": 0,
        "VALID": 0,
        "total": 12029
    },
    "percentage": {
        "ACTIVE": 99.9916867570039,
        "INACTIVE": 0.012325896708985578,
        "INVALID": 0,
        "MALICIOUS": 0,
        "SANE": 0,
        "VALID": 0,
        "total": 100.00401265371289
    }
}