{
    "counter": {
        "ACTIVE": 10479,
        "INACTIVE": 1,
        "INVALID": 0,
        "MALICIOUS": 0,
        "SANE": 0,
        "VALID": 0,
        "total": 10480
    },
    "percentage": {
        "ACTIVE": 99.99045801526718,
        "INACTIVE": 0.012000480019200769,
        "INVALID": 0,
        "MALICIOUS": 0,
        "SANE": 0,
        "VALID": 0,
        "total": 100.00245849528638
    }
}