{
    "counter": {
        "ACTIVE": 9567,
        "INACTIVE": 2,
        "INVALID": 0,
        "MALICIOUS": 0,
        "SANE": 0,
        "VALID": 0,
        "total": 9569
    },
    "percentage": {
        "ACTIVE": 99.97909917441739,
        "INACTIVE": 0.025839793281653745,
        "INVALID": 0,
        "MALICIOUS": 0,
        "SANE": 0,
        "VALID": 0,
        "total": 100.00493896769903
    }
}