{
    "counter": {
        "ACTIVE": 45403,
        "INACTIVE": 2,
        "INVALID": 0,
        "MALICIOUS": 0,
        "SANE": 0,
        "VALID": 0,
        "total": 45405
    },
    "percentage": {
        "ACTIVE": 99.99559519876665,
        "INACTIVE": 0.0044048012333443454,
        "INVALID": 0.0,
        "MALICIOUS": 0.0,
        "SANE": 0.0,
        "VALID": 0.0,
        "total": 100.0
    }
}