{
    "counter": {
        "ACTIVE": 5810,
        "INACTIVE": 2,
        "INVALID": 0,
        "MALICIOUS": 0,
        "SANE": 0,
        "VALID": 0,
        "total": 5812
    },
    "percentage": {
        "ACTIVE": 99.96558843771507,
        "INACTIVE": 0.06234413965087282,
        "INVALID": 0,
        "MALICIOUS": 0,
        "SANE": 0,
        "VALID": 0,
        "total": 100.02793257736595
    }
}