{
    "counter": {
        "ACTIVE": 44168,
        "INACTIVE": 1,
        "INVALID": 0,
        "MALICIOUS": 0,
        "SANE": 0,
        "VALID": 0,
        "total": 44169
    },
    "percentage": {
        "ACTIVE": 99.99773596866581,
        "INACTIVE": 0.002264031334193665,
        "INVALID": 0.0,
        "MALICIOUS": 0.0,
        "SANE": 0.0,
        "VALID": 0.0,
        "total": 100.0
    }
}