{
    "counter": {
        "ACTIVE": 9268,
        "INACTIVE": 2,
        "INVALID": 0,
        "MALICIOUS": 0,
        "SANE": 0,
        "VALID": 0,
        "total": 9270
    },
    "percentage": {
        "ACTIVE": 99.97842502696872,
        "INACTIVE": 0.05142710208279763,
        "INVALID": 0,
        "MALICIOUS": 0,
        "SANE": 0,
        "VALID": 0,
        "total": 100.02985212905152
    }
}