{
    "counter": {
        "ACTIVE": 11877,
        "INACTIVE": 6,
        "INVALID": 0,
        "MALICIOUS": 0,
        "SANE": 0,
        "VALID": 0,
        "total": 11883
    },
    "percentage": {
        "ACTIVE": 99.94950770007574,
        "INACTIVE": 0.05049229992426155,
        "INVALID": 0.0,
        "MALICIOUS": 0.0,
        "SANE": 0.0,
        "VALID": 0.0,
        "total": 100.0
    }
}