{
    "counter": {
        "ACTIVE": 18204,
        "INACTIVE": 11,
        "INVALID": 0,
        "MALICIOUS": 0,
        "SANE": 0,
        "VALID": 0,
        "total": 18215
    },
    "percentage": {
        "ACTIVE": 99.93961021136425,
        "INACTIVE": 0.06352873231302339,
        "INVALID": 0,
        "MALICIOUS": 0,
        "SANE": 0,
        "VALID": 0,
        "total": 100.00313894367727
    }
}