{
    "counter": {
        "ACTIVE": 13658,
        "INACTIVE": 2,
        "INVALID": 0,
        "MALICIOUS": 0,
        "SANE": 0,
        "VALID": 0,
        "total": 13660
    },
    "percentage": {
        "ACTIVE": 99.98535871156662,
        "INACTIVE": 0.0258364552383413,
        "INVALID": 0,
        "MALICIOUS": 0,
        "SANE": 0,
        "VALID": 0,
        "total": 100.01119516680497
    }
}