{
    "counter": {
        "ACTIVE": 9847,
        "INACTIVE": 2,
        "INVALID": 0,
        "MALICIOUS": 0,
        "SANE": 0,
        "VALID": 0,
        "total": 9849
    },
    "percentage": {
        "ACTIVE": 99.97969336988527,
        "INACTIVE": 0.025412960609911054,
        "INVALID": 0,
        "MALICIOUS": 0,
        "SANE": 0,
        "VALID": 0,
        "total": 100.00510633049518
    }
}