{
    "counter": {
        "ACTIVE": 29305,
        "INACTIVE": 18,
        "INVALID": 1,
        "MALICIOUS": 0,
        "SANE": 0,
        "VALID": 0,
        "total": 29324
    },
    "percentage": {
        "ACTIVE": 99.93520665666348,
        "INACTIVE": 0.06174745291756715,
        "INVALID": 0.00543685097591475,
        "MALICIOUS": 0,
        "SANE": 0,
        "VALID": 0,
        "total": 100.00239096055697
    }
}