{
    "counter": {
        "ACTIVE": 8543,
        "INACTIVE": 85,
        "INVALID": 0,
        "MALICIOUS": 0,
        "SANE": 0,
        "VALID": 0,
        "total": 8628
    },
    "percentage": {
        "ACTIVE": 99.0148354195642,
        "INACTIVE": 2.135678391959799,
        "INVALID": 0,
        "MALICIOUS": 0,
        "SANE": 0,
        "VALID": 0,
        "total": 101.15051381152401
    }
}