{
    "counter": {
        "ACTIVE": 1728,
        "INACTIVE": 2,
        "INVALID": 0,
        "MALICIOUS": 0,
        "SANE": 0,
        "VALID": 0,
        "total": 1730
    },
    "percentage": {
        "ACTIVE": 99.88439306358381,
        "INACTIVE": 0.1654259718775848,
        "INVALID": 0,
        "MALICIOUS": 0,
        "SANE": 0,
        "VALID": 0,
        "total": 100.0498190354614
    }
}