{
    "counter": {
        "ACTIVE": 12382,
        "INACTIVE": 17,
        "INVALID": 0,
        "MALICIOUS": 0,
        "SANE": 0,
        "VALID": 0,
        "total": 12399
    },
    "percentage": {
        "ACTIVE": 99.86289216872328,
        "INACTIVE": 0.20366598778004075,
        "INVALID": 0,
        "MALICIOUS": 0,
        "SANE": 0,
        "VALID": 0,
        "total": 100.06655815650332
    }
}