{
    "counter": {
        "ACTIVE": 45425,
        "INACTIVE": 1,
        "INVALID": 0,
        "MALICIOUS": 0,
        "SANE": 0,
        "VALID": 0,
        "total": 45426
    },
    "percentage": {
        "ACTIVE": 99.99779861753181,
        "INACTIVE": 0.002201382468190023,
        "INVALID": 0.0,
        "MALICIOUS": 0.0,
        "SANE": 0.0,
        "VALID": 0.0,
        "total": 100.0
    }
}