{
    "counter": {
        "ACTIVE": 17688,
        "INACTIVE": 1,
        "INVALID": 0,
        "MALICIOUS": 0,
        "SANE": 0,
        "VALID": 0,
        "total": 17689
    },
    "percentage": {
        "ACTIVE": 99.99434676917859,
        "INACTIVE": 0.005653230821414439,
        "INVALID": 0.0,
        "MALICIOUS": 0.0,
        "SANE": 0.0,
        "VALID": 0.0,
        "total": 100.0
    }
}