{
    "counter": {
        "ACTIVE": 11936,
        "INACTIVE": 1,
        "INVALID": 0,
        "MALICIOUS": 0,
        "SANE": 0,
        "VALID": 0,
        "total": 11937
    },
    "percentage": {
        "ACTIVE": 99.99162268576694,
        "INACTIVE": 0.17985611510791366,
        "INVALID": 0,
        "MALICIOUS": 0,
        "SANE": 0,
        "VALID": 0,
        "total": 100.17147880087485
    }
}