{
    "counter": {
        "ACTIVE": 11576,
        "INACTIVE": 2,
        "INVALID": 0,
        "MALICIOUS": 0,
        "SANE": 0,
        "VALID": 0,
        "total": 11578
    },
    "percentage": {
        "ACTIVE": 99.9827258593885,
        "INACTIVE": 0.025412960609911054,
        "INVALID": 0,
        "MALICIOUS": 0,
        "SANE": 0,
        "VALID": 0,
        "total": 100.00813881999841
    }
}