{
    "counter": {
        "ACTIVE": 5834,
        "INACTIVE": 2,
        "INVALID": 0,
        "MALICIOUS": 0,
        "SANE": 0,
        "VALID": 0,
        "total": 5836
    },
    "percentage": {
        "ACTIVE": 99.96572995202193,
        "INACTIVE": 0.03550505947097461,
        "INVALID": 0,
        "MALICIOUS": 0,
        "SANE": 0,
        "VALID": 0,
        "total": 100.00123501149291
    }
}