{
    "counter": {
        "ACTIVE": 15920,
        "INACTIVE": 1048,
        "INVALID": 0,
        "MALICIOUS": 0,
        "SANE": 0,
        "VALID": 0,
        "total": 16968
    },
    "percentage": {
        "ACTIVE": 93.82366808109383,
        "INACTIVE": 6.176331918906176,
        "INVALID": 0.0,
        "MALICIOUS": 0.0,
        "SANE": 0.0,
        "VALID": 0.0,
        "total": 100.0
    }
}