{
    "counter": {
        "ACTIVE": 16352,
        "INACTIVE": 11,
        "INVALID": 0,
        "MALICIOUS": 0,
        "SANE": 0,
        "VALID": 0,
        "total": 16363
    },
    "percentage": {
        "ACTIVE": 99.93277516347858,
        "INACTIVE": 0.06722483652142028,
        "INVALID": 0.0,
        "MALICIOUS": 0.0,
        "SANE": 0.0,
        "VALID": 0.0,
        "total": 100.0
    }
}