{
    "counter": {
        "ACTIVE": 11384,
        "INACTIVE": 2,
        "INVALID": 0,
        "MALICIOUS": 0,
        "SANE": 0,
        "VALID": 0,
        "total": 11386
    },
    "percentage": {
        "ACTIVE": 99.98243456876867,
        "INACTIVE": 0.0258364552383413,
        "INVALID": 0,
        "MALICIOUS": 0,
        "SANE": 0,
        "VALID": 0,
        "total": 100.00827102400702
    }
}