{
    "counter": {
        "ACTIVE": 45406,
        "INACTIVE": 2,
        "INVALID": 0,
        "MALICIOUS": 0,
        "SANE": 0,
        "VALID": 0,
        "total": 45408
    },
    "percentage": {
        "ACTIVE": 99.99559548978154,
        "INACTIVE": 0.004404510218463707,
        "INVALID": 0.0,
        "MALICIOUS": 0.0,
        "SANE": 0.0,
        "VALID": 0.0,
        "total": 100.0
    }
}