{
    "counter": {
        "ACTIVE": 7481,
        "INACTIVE": 1,
        "INVALID": 0,
        "MALICIOUS": 0,
        "SANE": 0,
        "VALID": 0,
        "total": 7482
    },
    "percentage": {
        "ACTIVE": 99.9866345896819,
        "INACTIVE": 0.15503875968992248,
        "INVALID": 0,
        "MALICIOUS": 0,
        "SANE": 0,
        "VALID": 0,
        "total": 100.14167334937181
    }
}