{
    "counter": {
        "ACTIVE": 29013,
        "INACTIVE": 17,
        "INVALID": 1,
        "MALICIOUS": 0,
        "SANE": 0,
        "VALID": 0,
        "total": 29031
    },
    "percentage": {
        "ACTIVE": 99.93799731321691,
        "INACTIVE": 0.07523122538390052,
        "INVALID": 0.00543685097591475,
        "MALICIOUS": 0,
        "SANE": 0,
        "VALID": 0,
        "total": 100.01866538957673
    }
}