{
    "counter": {
        "ACTIVE": 17225,
        "INACTIVE": 1,
        "INVALID": 0,
        "MALICIOUS": 0,
        "SANE": 0,
        "VALID": 0,
        "total": 17226
    },
    "percentage": {
        "ACTIVE": 99.99419482178102,
        "INACTIVE": 0.005805178218971322,
        "INVALID": 0.0,
        "MALICIOUS": 0.0,
        "SANE": 0.0,
        "VALID": 0.0,
        "total": 100.0
    }
}