{
    "counter": {
        "ACTIVE": 45475,
        "INACTIVE": 3,
        "INVALID": 0,
        "MALICIOUS": 0,
        "SANE": 0,
        "VALID": 0,
        "total": 45478
    },
    "percentage": {
        "ACTIVE": 99.99340340384362,
        "INACTIVE": 0.006596596156383306,
        "INVALID": 0.0,
        "MALICIOUS": 0.0,
        "SANE": 0.0,
        "VALID": 0.0,
        "total": 100.0
    }
}