{
    "counter": {
        "ACTIVE": 17247,
        "INACTIVE": 11,
        "INVALID": 0,
        "MALICIOUS": 0,
        "SANE": 0,
        "VALID": 0,
        "total": 17258
    },
    "percentage": {
        "ACTIVE": 99.93626144396802,
        "INACTIVE": 0.06373855603198517,
        "INVALID": 0.0,
        "MALICIOUS": 0.0,
        "SANE": 0.0,
        "VALID": 0.0,
        "total": 100.0
    }
}