{
    "counter": {
        "ACTIVE": 46145,
        "INACTIVE": 23,
        "INVALID": 0,
        "MALICIOUS": 0,
        "SANE": 0,
        "VALID": 0,
        "total": 46168
    },
    "percentage": {
        "ACTIVE": 99.95018194420378,
        "INACTIVE": 0.04981805579622249,
        "INVALID": 0.0,
        "MALICIOUS": 0.0,
        "SANE": 0.0,
        "VALID": 0.0,
        "total": 100.0
    }
}