{
    "counter": {
        "ACTIVE": 2128,
        "INACTIVE": 1,
        "INVALID": 0,
        "MALICIOUS": 0,
        "SANE": 0,
        "VALID": 0,
        "total": 2129
    },
    "percentage": {
        "ACTIVE": 99.95302959135745,
        "INACTIVE": 0.24630541871921183,
        "INVALID": 0,
        "MALICIOUS": 0,
        "SANE": 0,
        "VALID": 0,
        "total": 100.19933501007667
    }
}