{
    "counter": {
        "ACTIVE": 10932,
        "INACTIVE": 8,
        "INVALID": 0,
        "MALICIOUS": 0,
        "SANE": 0,
        "VALID": 0,
        "total": 10940
    },
    "percentage": {
        "ACTIVE": 99.92687385740402,
        "INACTIVE": 0.09616540449573266,
        "INVALID": 0,
        "MALICIOUS": 0,
        "SANE": 0,
        "VALID": 0,
        "total": 100.02303926189975
    }
}