{
    "counter": {
        "ACTIVE": 7822,
        "INACTIVE": 1,
        "INVALID": 0,
        "MALICIOUS": 0,
        "SANE": 0,
        "VALID": 0,
        "total": 7823
    },
    "percentage": {
        "ACTIVE": 99.98721718010994,
        "INACTIVE": 0.032499187520311994,
        "INVALID": 0,
        "MALICIOUS": 0,
        "SANE": 0,
        "VALID": 0,
        "total": 100.01971636763025
    }
}