{
    "counter": {
        "ACTIVE": 17454,
        "INACTIVE": 148,
        "INVALID": 0,
        "MALICIOUS": 0,
        "SANE": 0,
        "VALID": 0,
        "total": 17602
    },
    "percentage": {
        "ACTIVE": 99.15918645608454,
        "INACTIVE": 0.8408135439154641,
        "INVALID": 0.0,
        "MALICIOUS": 0.0,
        "SANE": 0.0,
        "VALID": 0.0,
        "total": 100.0
    }
}