{
    "counter": {
        "ACTIVE": 5848,
        "INACTIVE": 1,
        "INVALID": 0,
        "MALICIOUS": 0,
        "SANE": 0,
        "VALID": 0,
        "total": 5849
    },
    "percentage": {
        "ACTIVE": 99.9829030603522,
        "INACTIVE": 0.017780938833570414,
        "INVALID": 0,
        "MALICIOUS": 0,
        "SANE": 0,
        "VALID": 0,
        "total": 100.00068399918577
    }
}