{
    "counter": {
        "ACTIVE": 13130,
        "INACTIVE": 3,
        "INVALID": 0,
        "MALICIOUS": 0,
        "SANE": 0,
        "VALID": 0,
        "total": 13133
    },
    "percentage": {
        "ACTIVE": 99.97715678062895,
        "INACTIVE": 0.03600144005760231,
        "INVALID": 0,
        "MALICIOUS": 0,
        "SANE": 0,
        "VALID": 0,
        "total": 100.01315822068655
    }
}