{
    "counter": {
        "ACTIVE": 17667,
        "INACTIVE": 11,
        "INVALID": 0,
        "MALICIOUS": 0,
        "SANE": 0,
        "VALID": 0,
        "total": 17678
    },
    "percentage": {
        "ACTIVE": 99.93777576648942,
        "INACTIVE": 0.06222423351057812,
        "INVALID": 0.0,
        "MALICIOUS": 0.0,
        "SANE": 0.0,
        "VALID": 0.0,
        "total": 100.0
    }
}