{
    "counter": {
        "ACTIVE": 16863,
        "INACTIVE": 917,
        "INVALID": 0,
        "MALICIOUS": 0,
        "SANE": 0,
        "VALID": 0,
        "total": 17780
    },
    "percentage": {
        "ACTIVE": 94.84251968503936,
        "INACTIVE": 5.15748031496063,
        "INVALID": 0.0,
        "MALICIOUS": 0.0,
        "SANE": 0.0,
        "VALID": 0.0,
        "total": 100.0
    }
}