{
    "counter": {
        "ACTIVE": 42216,
        "INACTIVE": 1,
        "INVALID": 0,
        "MALICIOUS": 0,
        "SANE": 0,
        "VALID": 0,
        "total": 42217
    },
    "percentage": {
        "ACTIVE": 99.99763128597485,
        "INACTIVE": 0.002368714025155743,
        "INVALID": 0.0,
        "MALICIOUS": 0.0,
        "SANE": 0.0,
        "VALID": 0.0,
        "total": 100.0
    }
}