{
    "counter": {
        "ACTIVE": 16011,
        "INACTIVE": 879,
        "INVALID": 0,
        "MALICIOUS": 0,
        "SANE": 0,
        "VALID": 0,
        "total": 16890
    },
    "percentage": {
        "ACTIVE": 94.79573712255772,
        "INACTIVE": 5.2042628774422734,
        "INVALID": 0.0,
        "MALICIOUS": 0.0,
        "SANE": 0.0,
        "VALID": 0.0,
        "total": 100.0
    }
}