{
    "counter": {
        "ACTIVE": 12325,
        "INACTIVE": 2,
        "INVALID": 0,
        "MALICIOUS": 0,
        "SANE": 0,
        "VALID": 0,
        "total": 12327
    },
    "percentage": {
        "ACTIVE": 99.98377545225927,
        "INACTIVE": 0.025412960609911054,
        "INVALID": 0,
        "MALICIOUS": 0,
        "SANE": 0,
        "VALID": 0,
        "total": 100.00918841286918
    }
}