{
    "counter": {
        "ACTIVE": 15600,
        "INACTIVE": 860,
        "INVALID": 0,
        "MALICIOUS": 0,
        "SANE": 0,
        "VALID": 0,
        "total": 16460
    },
    "percentage": {
        "ACTIVE": 94.77521263669502,
        "INACTIVE": 5.224787363304982,
        "INVALID": 0.0,
        "MALICIOUS": 0.0,
        "SANE": 0.0,
        "VALID": 0.0,
        "total": 100.0
    }
}