{
    "counter": {
        "ACTIVE": 12265,
        "INACTIVE": 5,
        "INVALID": 0,
        "MALICIOUS": 0,
        "SANE": 0,
        "VALID": 0,
        "total": 12270
    },
    "percentage": {
        "ACTIVE": 99.95925020374898,
        "INACTIVE": 0.04131548504379441,
        "INVALID": 0,
        "MALICIOUS": 0,
        "SANE": 0,
        "VALID": 0,
        "total": 100.00056568879278
    }
}