{
    "counter": {
        "ACTIVE": 2414,
        "INACTIVE": 8,
        "INVALID": 0,
        "MALICIOUS": 0,
        "SANE": 0,
        "VALID": 0,
        "total": 2422
    },
    "percentage": {
        "ACTIVE": 99.66969446738233,
        "INACTIVE": 0.3460207612456747,
        "INVALID": 0,
        "MALICIOUS": 0,
        "SANE": 0,
        "VALID": 0,
        "total": 100.015715228628
    }
}