{
    "counter": {
        "ACTIVE": 37442,
        "INACTIVE": 34,
        "INVALID": 0,
        "MALICIOUS": 0,
        "SANE": 0,
        "VALID": 0,
        "total": 37476
    },
    "percentage": {
        "ACTIVE": 99.90927526950581,
        "INACTIVE": 0.09072473049418295,
        "INVALID": 0.0,
        "MALICIOUS": 0.0,
        "SANE": 0.0,
        "VALID": 0.0,
        "total": 100.0
    }
}