{
    "counter": {
        "ACTIVE": 10522,
        "INACTIVE": 13,
        "INVALID": 0,
        "MALICIOUS": 0,
        "SANE": 0,
        "VALID": 0,
        "total": 10535
    },
    "percentage": {
        "ACTIVE": 99.8766018035121,
        "INACTIVE": 0.22279348757497858,
        "INVALID": 0,
        "MALICIOUS": 0,
        "SANE": 0,
        "VALID": 0,
        "total": 100.09939529108708
    }
}