{
    "counter": {
        "ACTIVE": 16926,
        "INACTIVE": 918,
        "INVALID": 0,
        "MALICIOUS": 0,
        "SANE": 0,
        "VALID": 0,
        "total": 17844
    },
    "percentage": {
        "ACTIVE": 94.85541358439812,
        "INACTIVE": 5.144586415601883,
        "INVALID": 0.0,
        "MALICIOUS": 0.0,
        "SANE": 0.0,
        "VALID": 0.0,
        "total": 100.0
    }
}