{
    "counter": {
        "ACTIVE": 39270,
        "INACTIVE": 1,
        "INVALID": 0,
        "MALICIOUS": 0,
        "SANE": 0,
        "VALID": 0,
        "total": 39271
    },
    "percentage": {
        "ACTIVE": 99.99745359170889,
        "INACTIVE": 0.002546408291105396,
        "INVALID": 0.0,
        "MALICIOUS": 0.0,
        "SANE": 0.0,
        "VALID": 0.0,
        "total": 100.0
    }
}