{
    "counter": {
        "ACTIVE": 8487,
        "INACTIVE": 2,
        "INVALID": 0,
        "MALICIOUS": 0,
        "SANE": 0,
        "VALID": 0,
        "total": 8489
    },
    "percentage": {
        "ACTIVE": 99.97644009895158,
        "INACTIVE": 0.05142710208279763,
        "INVALID": 0,
        "MALICIOUS": 0,
        "SANE": 0,
        "VALID": 0,
        "total": 100.02786720103438
    }
}