{
    "counter": {
        "ACTIVE": 18001,
        "INACTIVE": 26,
        "INVALID": 1,
        "MALICIOUS": 0,
        "SANE": 0,
        "VALID": 0,
        "total": 18028
    },
    "percentage": {
        "ACTIVE": 99.8502329709341,
        "INACTIVE": 0.14690925528308282,
        "INVALID": 0.0067856415824116174,
        "MALICIOUS": 0,
        "SANE": 0,
        "VALID": 0,
        "total": 100.00392786779959
    }
}