{
    "counter": {
        "ACTIVE": 17757,
        "INACTIVE": 11,
        "INVALID": 0,
        "MALICIOUS": 0,
        "SANE": 0,
        "VALID": 0,
        "total": 17768
    },
    "percentage": {
        "ACTIVE": 99.93809095002251,
        "INACTIVE": 0.06352873231302339,
        "INVALID": 0,
        "MALICIOUS": 0,
        "SANE": 0,
        "VALID": 0,
        "total": 100.00161968233553
    }
}