{
    "counter": {
        "ACTIVE": 8977,
        "INACTIVE": 1,
        "INVALID": 0,
        "MALICIOUS": 0,
        "SANE": 0,
        "VALID": 0,
        "total": 8978
    },
    "percentage": {
        "ACTIVE": 99.98886166184005,
        "INACTIVE": 0.011138338159946536,
        "INVALID": 0.0,
        "MALICIOUS": 0.0,
        "SANE": 0.0,
        "VALID": 0.0,
        "total": 100.0
    }
}