{
    "counter": {
        "ACTIVE": 16775,
        "INACTIVE": 11,
        "INVALID": 0,
        "MALICIOUS": 0,
        "SANE": 0,
        "VALID": 0,
        "total": 16786
    },
    "percentage": {
        "ACTIVE": 99.93446920052425,
        "INACTIVE": 0.0655307994757536,
        "INVALID": 0.0,
        "MALICIOUS": 0.0,
        "SANE": 0.0,
        "VALID": 0.0,
        "total": 100.0
    }
}