{
    "counter": {
        "ACTIVE": 11072,
        "INACTIVE": 5,
        "INVALID": 0,
        "MALICIOUS": 0,
        "SANE": 0,
        "VALID": 0,
        "total": 11077
    },
    "percentage": {
        "ACTIVE": 99.95486142457344,
        "INACTIVE": 0.04513857542655954,
        "INVALID": 0.0,
        "MALICIOUS": 0.0,
        "SANE": 0.0,
        "VALID": 0.0,
        "total": 100.0
    }
}