{
    "counter": {
        "ACTIVE": 10448,
        "INACTIVE": 1,
        "INVALID": 0,
        "MALICIOUS": 0,
        "SANE": 0,
        "VALID": 0,
        "total": 10449
    },
    "percentage": {
        "ACTIVE": 99.99042970619197,
        "INACTIVE": 0.01774622892635315,
        "INVALID": 0,
        "MALICIOUS": 0,
        "SANE": 0,
        "VALID": 0,
        "total": 100.00817593511833
    }
}