{
    "counter": {
        "ACTIVE": 4104,
        "INACTIVE": 1,
        "INVALID": 0,
        "MALICIOUS": 0,
        "SANE": 0,
        "VALID": 0,
        "total": 4105
    },
    "percentage": {
        "ACTIVE": 99.97563946406821,
        "INACTIVE": 0.26881720430107525,
        "INVALID": 0,
        "MALICIOUS": 0,
        "SANE": 0,
        "VALID": 0,
        "total": 100.24445666836928
    }
}