{
    "counter": {
        "ACTIVE": 4053,
        "INACTIVE": 1,
        "INVALID": 0,
        "MALICIOUS": 0,
        "SANE": 0,
        "VALID": 0,
        "total": 4054
    },
    "percentage": {
        "ACTIVE": 99.97533300444006,
        "INACTIVE": 0.1466275659824047,
        "INVALID": 0,
        "MALICIOUS": 0,
        "SANE": 0,
        "VALID": 0,
        "total": 100.12196057042246
    }
}