{
    "counter": {
        "ACTIVE": 17432,
        "INACTIVE": 1,
        "INVALID": 0,
        "MALICIOUS": 0,
        "SANE": 0,
        "VALID": 0,
        "total": 17433
    },
    "percentage": {
        "ACTIVE": 99.99426375265301,
        "INACTIVE": 0.0057362473469856025,
        "INVALID": 0.0,
        "MALICIOUS": 0.0,
        "SANE": 0.0,
        "VALID": 0.0,
        "total": 100.0
    }
}