{
    "counter": {
        "ACTIVE": 12255,
        "INACTIVE": 3,
        "INVALID": 0,
        "MALICIOUS": 0,
        "SANE": 0,
        "VALID": 0,
        "total": 12258
    },
    "percentage": {
        "ACTIVE": 99.97552618697993,
        "INACTIVE": 0.03657198585883213,
        "INVALID": 0,
        "MALICIOUS": 0,
        "SANE": 0,
        "VALID": 0,
        "total": 100.01209817283876
    }
}