{
    "counter": {
        "ACTIVE": 13938,
        "INACTIVE": 1,
        "INVALID": 0,
        "MALICIOUS": 0,
        "SANE": 0,
        "VALID": 0,
        "total": 13939
    },
    "percentage": {
        "ACTIVE": 99.99282588420976,
        "INACTIVE": 0.01774622892635315,
        "INVALID": 0,
        "MALICIOUS": 0,
        "SANE": 0,
        "VALID": 0,
        "total": 100.01057211313612
    }
}