{
    "counter": {
        "ACTIVE": 12783,
        "INACTIVE": 1,
        "INVALID": 0,
        "MALICIOUS": 0,
        "SANE": 0,
        "VALID": 0,
        "total": 12784
    },
    "percentage": {
        "ACTIVE": 99.99217772215269,
        "INACTIVE": 0.008466683600033867,
        "INVALID": 0,
        "MALICIOUS": 0,
        "SANE": 0,
        "VALID": 0,
        "total": 100.00064440575272
    }
}