{
    "counter": {
        "ACTIVE": 11234,
        "INACTIVE": 1,
        "INVALID": 0,
        "MALICIOUS": 0,
        "SANE": 0,
        "VALID": 0,
        "total": 11235
    },
    "percentage": {
        "ACTIVE": 99.9910992434357,
        "INACTIVE": 0.014781966001478197,
        "INVALID": 0,
        "MALICIOUS": 0,
        "SANE": 0,
        "VALID": 0,
        "total": 100.00588120943718
    }
}