{
    "counter": {
        "ACTIVE": 14559,
        "INACTIVE": 22,
        "INVALID": 0,
        "MALICIOUS": 0,
        "SANE": 0,
        "VALID": 0,
        "total": 14581
    },
    "percentage": {
        "ACTIVE": 99.84911871613744,
        "INACTIVE": 0.15423443634324172,
        "INVALID": 0,
        "MALICIOUS": 0,
        "SANE": 0,
        "VALID": 0,
        "total": 100.00335315248068
    }
}