{
    "counter": {
        "ACTIVE": 9790,
        "INACTIVE": 3,
        "INVALID": 0,
        "MALICIOUS": 0,
        "SANE": 0,
        "VALID": 0,
        "total": 9793
    },
    "percentage": {
        "ACTIVE": 99.96936587358317,
        "INACTIVE": 0.1139384732244588,
        "INVALID": 0,
        "MALICIOUS": 0,
        "SANE": 0,
        "VALID": 0,
        "total": 100.08330434680764
    }
}