{
    "counter": {
        "ACTIVE": 12866,
        "INACTIVE": 3,
        "INVALID": 0,
        "MALICIOUS": 0,
        "SANE": 0,
        "VALID": 0,
        "total": 12869
    },
    "percentage": {
        "ACTIVE": 99.97668816535861,
        "INACTIVE": 0.1139384732244588,
        "INVALID": 0,
        "MALICIOUS": 0,
        "SANE": 0,
        "VALID": 0,
        "total": 100.09062663858307
    }
}