{
    "counter": {
        "ACTIVE": 40162,
        "INACTIVE": 4,
        "INVALID": 0,
        "MALICIOUS": 0,
        "SANE": 0,
        "VALID": 0,
        "total": 40166
    },
    "percentage": {
        "ACTIVE": 99.99004132848678,
        "INACTIVE": 0.009958671513220137,
        "INVALID": 0.0,
        "MALICIOUS": 0.0,
        "SANE": 0.0,
        "VALID": 0.0,
        "total": 100.0
    }
}