{
    "counter": {
        "ACTIVE": 12128,
        "INACTIVE": 17,
        "INVALID": 0,
        "MALICIOUS": 0,
        "SANE": 0,
        "VALID": 0,
        "total": 12145
    },
    "percentage": {
        "ACTIVE": 99.86002470152326,
        "INACTIVE": 0.20366598778004075,
        "INVALID": 0,
        "MALICIOUS": 0,
        "SANE": 0,
        "VALID": 0,
        "total": 100.0636906893033
    }
}