{
    "counter": {
        "ACTIVE": 15995,
        "INACTIVE": 1048,
        "INVALID": 0,
        "MALICIOUS": 0,
        "SANE": 0,
        "VALID": 0,
        "total": 17043
    },
    "percentage": {
        "ACTIVE": 93.85084785542452,
        "INACTIVE": 6.149152144575486,
        "INVALID": 0.0,
        "MALICIOUS": 0.0,
        "SANE": 0.0,
        "VALID": 0.0,
        "total": 100.0
    }
}