{
    "counter": {
        "ACTIVE": 17445,
        "INACTIVE": 11,
        "INVALID": 0,
        "MALICIOUS": 0,
        "SANE": 0,
        "VALID": 0,
        "total": 17456
    },
    "percentage": {
        "ACTIVE": 99.93698441796516,
        "INACTIVE": 0.06301558203483043,
        "INVALID": 0.0,
        "MALICIOUS": 0.0,
        "SANE": 0.0,
        "VALID": 0.0,
        "total": 100.0
    }
}