{
    "counter": {
        "ACTIVE": 17397,
        "INACTIVE": 148,
        "INVALID": 0,
        "MALICIOUS": 0,
        "SANE": 0,
        "VALID": 0,
        "total": 17545
    },
    "percentage": {
        "ACTIVE": 99.15645483043602,
        "INACTIVE": 0.8435451695639783,
        "INVALID": 0.0,
        "MALICIOUS": 0.0,
        "SANE": 0.0,
        "VALID": 0.0,
        "total": 100.0
    }
}