{
    "counter": {
        "ACTIVE": 17350,
        "INACTIVE": 146,
        "INVALID": 0,
        "MALICIOUS": 0,
        "SANE": 0,
        "VALID": 0,
        "total": 17496
    },
    "percentage": {
        "ACTIVE": 99.16552354823959,
        "INACTIVE": 0.8344764517604024,
        "INVALID": 0.0,
        "MALICIOUS": 0.0,
        "SANE": 0.0,
        "VALID": 0.0,
        "total": 100.0
    }
}