{
    "counter": {
        "ACTIVE": 45538,
        "INACTIVE": 2,
        "INVALID": 0,
        "MALICIOUS": 0,
        "SANE": 0,
        "VALID": 0,
        "total": 45540
    },
    "percentage": {
        "ACTIVE": 99.99560825647782,
        "INACTIVE": 0.004391743522178305,
        "INVALID": 0.0,
        "MALICIOUS": 0.0,
        "SANE": 0.0,
        "VALID": 0.0,
        "total": 100.0
    }
}