{
    "counter": {
        "ACTIVE": 33233,
        "INACTIVE": 1,
        "INVALID": 0,
        "MALICIOUS": 0,
        "SANE": 0,
        "VALID": 0,
        "total": 33234
    },
    "percentage": {
        "ACTIVE": 99.99699103327917,
        "INACTIVE": 0.0030089667208280674,
        "INVALID": 0.0,
        "MALICIOUS": 0.0,
        "SANE": 0.0,
        "VALID": 0.0,
        "total": 100.0
    }
}