{
    "counter": {
        "ACTIVE": 13896,
        "INACTIVE": 2,
        "INVALID": 0,
        "MALICIOUS": 0,
        "SANE": 0,
        "VALID": 0,
        "total": 13898
    },
    "percentage": {
        "ACTIVE": 99.98560944020723,
        "INACTIVE": 0.025157232704402517,
        "INVALID": 0,
        "MALICIOUS": 0,
        "SANE": 0,
        "VALID": 0,
        "total": 100.01076667291163
    }
}