{
    "counter": {
        "ACTIVE": 5014,
        "INACTIVE": 1,
        "INVALID": 0,
        "MALICIOUS": 0,
        "SANE": 0,
        "VALID": 0,
        "total": 5015
    },
    "percentage": {
        "ACTIVE": 99.98005982053839,
        "INACTIVE": 0.02541942043721403,
        "INVALID": 0,
        "MALICIOUS": 0,
        "SANE": 0,
        "VALID": 0,
        "total": 100.0054792409756
    }
}