{
    "counter": {
        "ACTIVE": 17438,
        "INACTIVE": 148,
        "INVALID": 0,
        "MALICIOUS": 0,
        "SANE": 0,
        "VALID": 0,
        "total": 17586
    },
    "percentage": {
        "ACTIVE": 99.15842147162516,
        "INACTIVE": 0.8415785283748436,
        "INVALID": 0.0,
        "MALICIOUS": 0.0,
        "SANE": 0.0,
        "VALID": 0.0,
        "total": 100.0
    }
}