{
    "counter": {
        "ACTIVE": 11523,
        "INACTIVE": 998,
        "INVALID": 0,
        "MALICIOUS": 0,
        "SANE": 0,
        "VALID": 0,
        "total": 12521
    },
    "percentage": {
        "ACTIVE": 92.02939062375209,
        "INACTIVE": 7.9706093762479036,
        "INVALID": 0.0,
        "MALICIOUS": 0.0,
        "SANE": 0.0,
        "VALID": 0.0,
        "total": 100.0
    }
}