{
    "counter": {
        "ACTIVE": 17895,
        "INACTIVE": 11,
        "INVALID": 0,
        "MALICIOUS": 0,
        "SANE": 0,
        "VALID": 0,
        "total": 17906
    },
    "percentage": {
        "ACTIVE": 99.9385680777393,
        "INACTIVE": 0.06352873231302339,
        "INVALID": 0,
        "MALICIOUS": 0,
        "SANE": 0,
        "VALID": 0,
        "total": 100.00209681005232
    }
}