{
    "counter": {
        "ACTIVE": 17645,
        "INACTIVE": 11,
        "INVALID": 0,
        "MALICIOUS": 0,
        "SANE": 0,
        "VALID": 0,
        "total": 17656
    },
    "percentage": {
        "ACTIVE": 99.93769823289533,
        "INACTIVE": 0.06230176710466697,
        "INVALID": 0.0,
        "MALICIOUS": 0.0,
        "SANE": 0.0,
        "VALID": 0.0,
        "total": 100.0
    }
}