{
    "counter": {
        "ACTIVE": 46049,
        "INACTIVE": 16,
        "INVALID": 0,
        "MALICIOUS": 0,
        "SANE": 0,
        "VALID": 0,
        "total": 46065
    },
    "percentage": {
        "ACTIVE": 99.96526647129056,
        "INACTIVE": 0.034733528709432325,
        "INVALID": 0.0,
        "MALICIOUS": 0.0,
        "SANE": 0.0,
        "VALID": 0.0,
        "total": 100.0
    }
}