{
    "counter": {
        "ACTIVE": 4783,
        "INACTIVE": 4,
        "INVALID": 0,
        "MALICIOUS": 0,
        "SANE": 0,
        "VALID": 0,
        "total": 4787
    },
    "percentage": {
        "ACTIVE": 99.91644035930645,
        "INACTIVE": 0.4094165813715456,
        "INVALID": 0,
        "MALICIOUS": 0,
        "SANE": 0,
        "VALID": 0,
        "total": 100.325856940678
    }
}