{
    "counter": {
        "ACTIVE": 11194,
        "INACTIVE": 5,
        "INVALID": 0,
        "MALICIOUS": 0,
        "SANE": 0,
        "VALID": 0,
        "total": 11199
    },
    "percentage": {
        "ACTIVE": 99.95535315653183,
        "INACTIVE": 0.06383250351078769,
        "INVALID": 0,
        "MALICIOUS": 0,
        "SANE": 0,
        "VALID": 0,
        "total": 100.01918566004261
    }
}