{
    "counter": {
        "ACTIVE": 39713,
        "INACTIVE": 1742,
        "INVALID": 0,
        "MALICIOUS": 0,
        "SANE": 0,
        "VALID": 0,
        "total": 41455
    },
    "percentage": {
        "ACTIVE": 95.79785309371607,
        "INACTIVE": 4.2021469062839225,
        "INVALID": 0.0,
        "MALICIOUS": 0.0,
        "SANE": 0.0,
        "VALID": 0.0,
        "total": 100.0
    }
}