{
    "counter": {
        "ACTIVE": 17701,
        "INACTIVE": 2,
        "INVALID": 0,
        "MALICIOUS": 0,
        "SANE": 0,
        "VALID": 0,
        "total": 17703
    },
    "percentage": {
        "ACTIVE": 99.98870247980568,
        "INACTIVE": 0.011297520194317347,
        "INVALID": 0.0,
        "MALICIOUS": 0.0,
        "SANE": 0.0,
        "VALID": 0.0,
        "total": 100.0
    }
}