{
    "counter": {
        "ACTIVE": 15340,
        "INACTIVE": 1011,
        "INVALID": 0,
        "MALICIOUS": 0,
        "SANE": 0,
        "VALID": 0,
        "total": 16351
    },
    "percentage": {
        "ACTIVE": 93.81689193321509,
        "INACTIVE": 6.183108066784906,
        "INVALID": 0.0,
        "MALICIOUS": 0.0,
        "SANE": 0.0,
        "VALID": 0.0,
        "total": 100.0
    }
}