{
    "counter": {
        "ACTIVE": 11421,
        "INACTIVE": 2,
        "INVALID": 0,
        "MALICIOUS": 0,
        "SANE": 0,
        "VALID": 0,
        "total": 11423
    },
    "percentage": {
        "ACTIVE": 99.98249146458899,
        "INACTIVE": 0.02644453259288642,
        "INVALID": 0,
        "MALICIOUS": 0,
        "SANE": 0,
        "VALID": 0,
        "total": 100.00893599718188
    }
}