{
    "counter": {
        "ACTIVE": 10957,
        "INACTIVE": 2,
        "INVALID": 0,
        "MALICIOUS": 0,
        "SANE": 0,
        "VALID": 0,
        "total": 10959
    },
    "percentage": {
        "ACTIVE": 99.9817501596861,
        "INACTIVE": 0.025157232704402517,
        "INVALID": 0,
        "MALICIOUS": 0,
        "SANE": 0,
        "VALID": 0,
        "total": 100.0069073923905
    }
}