{
    "counter": {
        "ACTIVE": 12159,
        "INACTIVE": 3,
        "INVALID": 0,
        "MALICIOUS": 0,
        "SANE": 0,
        "VALID": 0,
        "total": 12162
    },
    "percentage": {
        "ACTIVE": 99.97533300444006,
        "INACTIVE": 0.036483035388544326,
        "INVALID": 0,
        "MALICIOUS": 0,
        "SANE": 0,
        "VALID": 0,
        "total": 100.0118160398286
    }
}