{
    "counter": {
        "ACTIVE": 4461,
        "INACTIVE": 10,
        "INVALID": 0,
        "MALICIOUS": 0,
        "SANE": 0,
        "VALID": 0,
        "total": 4471
    },
    "percentage": {
        "ACTIVE": 99.77633639006933,
        "INACTIVE": 0.22366360993066428,
        "INVALID": 0.0,
        "MALICIOUS": 0.0,
        "SANE": 0.0,
        "VALID": 0.0,
        "total": 100.0
    }
}