{
    "counter": {
        "ACTIVE": 13294,
        "INACTIVE": 1,
        "INVALID": 0,
        "MALICIOUS": 0,
        "SANE": 0,
        "VALID": 0,
        "total": 13295
    },
    "percentage": {
        "ACTIVE": 99.99247837532907,
        "INACTIVE": 0.26881720430107525,
        "INVALID": 0,
        "MALICIOUS": 0,
        "SANE": 0,
        "VALID": 0,
        "total": 100.26129557963014
    }
}