{
    "counter": {
        "ACTIVE": 32300,
        "INACTIVE": 1321,
        "INVALID": 0,
        "MALICIOUS": 0,
        "SANE": 0,
        "VALID": 0,
        "total": 33621
    },
    "percentage": {
        "ACTIVE": 96.07090806341274,
        "INACTIVE": 3.929091936587252,
        "INVALID": 0.0,
        "MALICIOUS": 0.0,
        "SANE": 0.0,
        "VALID": 0.0,
        "total": 100.0
    }
}