{
    "counter": {
        "ACTIVE": 9827,
        "INACTIVE": 1,
        "INVALID": 0,
        "MALICIOUS": 0,
        "SANE": 0,
        "VALID": 0,
        "total": 9828
    },
    "percentage": {
        "ACTIVE": 99.989824989825,
        "INACTIVE": 0.014781966001478197,
        "INVALID": 0,
        "MALICIOUS": 0,
        "SANE": 0,
        "VALID": 0,
        "total": 100.00460695582647
    }
}