{
    "counter": {
        "ACTIVE": 38516,
        "INACTIVE": 16,
        "INVALID": 0,
        "MALICIOUS": 0,
        "SANE": 0,
        "VALID": 0,
        "total": 38532
    },
    "percentage": {
        "ACTIVE": 99.9584760718364,
        "INACTIVE": 0.04152392816360428,
        "INVALID": 0.0,
        "MALICIOUS": 0.0,
        "SANE": 0.0,
        "VALID": 0.0,
        "total": 100.0
    }
}