{
    "counter": {
        "ACTIVE": 16728,
        "INACTIVE": 906,
        "INVALID": 0,
        "MALICIOUS": 0,
        "SANE": 0,
        "VALID": 0,
        "total": 17634
    },
    "percentage": {
        "ACTIVE": 94.86219802653964,
        "INACTIVE": 5.137801973460361,
        "INVALID": 0.0,
        "MALICIOUS": 0.0,
        "SANE": 0.0,
        "VALID": 0.0,
        "total": 100.0
    }
}