{
    "counter": {
        "ACTIVE": 16874,
        "INACTIVE": 917,
        "INVALID": 0,
        "MALICIOUS": 0,
        "SANE": 0,
        "VALID": 0,
        "total": 17791
    },
    "percentage": {
        "ACTIVE": 94.84570850429992,
        "INACTIVE": 5.154291495700073,
        "INVALID": 0.0,
        "MALICIOUS": 0.0,
        "SANE": 0.0,
        "VALID": 0.0,
        "total": 100.0
    }
}