{
    "counter": {
        "ACTIVE": 9190,
        "INACTIVE": 5,
        "INVALID": 0,
        "MALICIOUS": 0,
        "SANE": 0,
        "VALID": 0,
        "total": 9195
    },
    "percentage": {
        "ACTIVE": 99.94562262098967,
        "INACTIVE": 0.054377379010331704,
        "INVALID": 0.0,
        "MALICIOUS": 0.0,
        "SANE": 0.0,
        "VALID": 0.0,
        "total": 100.0
    }
}