{
    "counter": {
        "ACTIVE": 36304,
        "INACTIVE": 1,
        "INVALID": 0,
        "MALICIOUS": 0,
        "SANE": 0,
        "VALID": 0,
        "total": 36305
    },
    "percentage": {
        "ACTIVE": 99.99724555846302,
        "INACTIVE": 0.002754441536978378,
        "INVALID": 0.0,
        "MALICIOUS": 0.0,
        "SANE": 0.0,
        "VALID": 0.0,
        "total": 100.0
    }
}