{
    "counter": {
        "ACTIVE": 7517,
        "INACTIVE": 1,
        "INVALID": 0,
        "MALICIOUS": 0,
        "SANE": 0,
        "VALID": 0,
        "total": 7518
    },
    "percentage": {
        "ACTIVE": 99.98669859005055,
        "INACTIVE": 0.013553808620222282,
        "INVALID": 0,
        "MALICIOUS": 0,
        "SANE": 0,
        "VALID": 0,
        "total": 100.00025239867077
    }
}