{
    "counter": {
        "ACTIVE": 15846,
        "INACTIVE": 23,
        "INVALID": 0,
        "MALICIOUS": 0,
        "SANE": 0,
        "VALID": 0,
        "total": 15869
    },
    "percentage": {
        "ACTIVE": 99.85506333102275,
        "INACTIVE": 0.15419683561276482,
        "INVALID": 0,
        "MALICIOUS": 0,
        "SANE": 0,
        "VALID": 0,
        "total": 100.00926016663551
    }
}