{
    "counter": {
        "ACTIVE": 45484,
        "INACTIVE": 2,
        "INVALID": 0,
        "MALICIOUS": 0,
        "SANE": 0,
        "VALID": 0,
        "total": 45486
    },
    "percentage": {
        "ACTIVE": 99.99560304269446,
        "INACTIVE": 0.0043969573055445636,
        "INVALID": 0.0,
        "MALICIOUS": 0.0,
        "SANE": 0.0,
        "VALID": 0.0,
        "total": 100.0
    }
}