{
    "counter": {
        "ACTIVE": 37047,
        "INACTIVE": 6,
        "INVALID": 0,
        "MALICIOUS": 0,
        "SANE": 0,
        "VALID": 0,
        "total": 37053
    },
    "percentage": {
        "ACTIVE": 99.98380697919197,
        "INACTIVE": 0.016193020808031738,
        "INVALID": 0.0,
        "MALICIOUS": 0.0,
        "SANE": 0.0,
        "VALID": 0.0,
        "total": 100.0
    }
}