{
    "counter": {
        "ACTIVE": 11905,
        "INACTIVE": 12,
        "INVALID": 24,
        "MALICIOUS": 0,
        "SANE": 0,
        "VALID": 0,
        "total": 11941
    },
    "percentage": {
        "ACTIVE": 99.69851771208441,
        "INACTIVE": 0.10668563300142248,
        "INVALID": 0.24043277900220397,
        "MALICIOUS": 0,
        "SANE": 0,
        "VALID": 0,
        "total": 100.04563612408803
    }
}