{
    "counter": {
        "ACTIVE": 7948,
        "INACTIVE": 1,
        "INVALID": 0,
        "MALICIOUS": 0,
        "SANE": 0,
        "VALID": 0,
        "total": 7949
    },
    "percentage": {
        "ACTIVE": 99.98741980123286,
        "INACTIVE": 0.03178639542275906,
        "INVALID": 0,
        "MALICIOUS": 0,
        "SANE": 0,
        "VALID": 0,
        "total": 100.01920619665562
    }
}