{
    "counter": {
        "ACTIVE": 45551,
        "INACTIVE": 2,
        "INVALID": 0,
        "MALICIOUS": 0,
        "SANE": 0,
        "VALID": 0,
        "total": 45553
    },
    "percentage": {
        "ACTIVE": 99.99560950980177,
        "INACTIVE": 0.004390490198230633,
        "INVALID": 0.0,
        "MALICIOUS": 0.0,
        "SANE": 0.0,
        "VALID": 0.0,
        "total": 100.0
    }
}