{
    "counter": {
        "ACTIVE": 12194,
        "INACTIVE": 5,
        "INVALID": 0,
        "MALICIOUS": 0,
        "SANE": 0,
        "VALID": 0,
        "total": 12199
    },
    "percentage": {
        "ACTIVE": 99.95901303385523,
        "INACTIVE": 0.06383250351078769,
        "INVALID": 0,
        "MALICIOUS": 0,
        "SANE": 0,
        "VALID": 0,
        "total": 100.02284553736601
    }
}