{
    "counter": {
        "ACTIVE": 17023,
        "INACTIVE": 11,
        "INVALID": 0,
        "MALICIOUS": 0,
        "SANE": 0,
        "VALID": 0,
        "total": 17034
    },
    "percentage": {
        "ACTIVE": 99.93542327110485,
        "INACTIVE": 0.06457672889515087,
        "INVALID": 0.0,
        "MALICIOUS": 0.0,
        "SANE": 0.0,
        "VALID": 0.0,
        "total": 100.0
    }
}