{
    "counter": {
        "ACTIVE": 40424,
        "INACTIVE": 1,
        "INVALID": 0,
        "MALICIOUS": 0,
        "SANE": 0,
        "VALID": 0,
        "total": 40425
    },
    "percentage": {
        "ACTIVE": 99.99752628324057,
        "INACTIVE": 0.0024737167594310453,
        "INVALID": 0.0,
        "MALICIOUS": 0.0,
        "SANE": 0.0,
        "VALID": 0.0,
        "total": 100.0
    }
}