{
    "counter": {
        "ACTIVE": 17336,
        "INACTIVE": 11,
        "INVALID": 0,
        "MALICIOUS": 0,
        "SANE": 0,
        "VALID": 0,
        "total": 17347
    },
    "percentage": {
        "ACTIVE": 99.93658845909955,
        "INACTIVE": 0.06341154090044387,
        "INVALID": 0.0,
        "MALICIOUS": 0.0,
        "SANE": 0.0,
        "VALID": 0.0,
        "total": 100.0
    }
}