{
    "counter": {
        "ACTIVE": 15426,
        "INACTIVE": 23,
        "INVALID": 0,
        "MALICIOUS": 0,
        "SANE": 0,
        "VALID": 0,
        "total": 15449
    },
    "percentage": {
        "ACTIVE": 99.8511230500356,
        "INACTIVE": 0.15419683561276482,
        "INVALID": 0,
        "MALICIOUS": 0,
        "SANE": 0,
        "VALID": 0,
        "total": 100.00531988564836
    }
}