{
    "counter": {
        "ACTIVE": 6035,
        "INACTIVE": 16,
        "INVALID": 0,
        "MALICIOUS": 0,
        "SANE": 0,
        "VALID": 0,
        "total": 6051
    },
    "percentage": {
        "ACTIVE": 99.73558089571972,
        "INACTIVE": 0.27453671928620454,
        "INVALID": 0,
        "MALICIOUS": 0,
        "SANE": 0,
        "VALID": 0,
        "total": 100.01011761500592
    }
}