{
    "counter": {
        "ACTIVE": 17079,
        "INACTIVE": 135,
        "INVALID": 0,
        "MALICIOUS": 0,
        "SANE": 0,
        "VALID": 0,
        "total": 17214
    },
    "percentage": {
        "ACTIVE": 99.21575461833392,
        "INACTIVE": 0.7842453816660857,
        "INVALID": 0.0,
        "MALICIOUS": 0.0,
        "SANE": 0.0,
        "VALID": 0.0,
        "total": 100.0
    }
}