{
    "counter": {
        "ACTIVE": 8478,
        "INACTIVE": 3,
        "INVALID": 0,
        "MALICIOUS": 0,
        "SANE": 0,
        "VALID": 0,
        "total": 8481
    },
    "percentage": {
        "ACTIVE": 99.96462681287584,
        "INACTIVE": 0.036483035388544326,
        "INVALID": 0,
        "MALICIOUS": 0,
        "SANE": 0,
        "VALID": 0,
        "total": 100.00110984826438
    }
}