{
    "counter": {
        "ACTIVE": 15131,
        "INACTIVE": 1011,
        "INVALID": 0,
        "MALICIOUS": 0,
        "SANE": 0,
        "VALID": 0,
        "total": 16142
    },
    "percentage": {
        "ACTIVE": 93.73683558419032,
        "INACTIVE": 6.263164415809689,
        "INVALID": 0.0,
        "MALICIOUS": 0.0,
        "SANE": 0.0,
        "VALID": 0.0,
        "total": 100.0
    }
}