{
    "counter": {
        "ACTIVE": 46033,
        "INACTIVE": 12,
        "INVALID": 0,
        "MALICIOUS": 0,
        "SANE": 0,
        "VALID": 0,
        "total": 46045
    },
    "percentage": {
        "ACTIVE": 99.97393853838636,
        "INACTIVE": 0.026061461613638832,
        "INVALID": 0.0,
        "MALICIOUS": 0.0,
        "SANE": 0.0,
        "VALID": 0.0,
        "total": 100.0
    }
}