{
    "counter": {
        "ACTIVE": 18038,
        "INACTIVE": 26,
        "INVALID": 1,
        "MALICIOUS": 0,
        "SANE": 0,
        "VALID": 0,
        "total": 18065
    },
    "percentage": {
        "ACTIVE": 99.85053971768613,
        "INACTIVE": 0.14690925528308282,
        "INVALID": 0.0067856415824116174,
        "MALICIOUS": 0,
        "SANE": 0,
        "VALID": 0,
        "total": 100.00423461455162
    }
}