{
    "counter": {
        "ACTIVE": 39765,
        "INACTIVE": 1,
        "INVALID": 0,
        "MALICIOUS": 0,
        "SANE": 0,
        "VALID": 0,
        "total": 39766
    },
    "percentage": {
        "ACTIVE": 99.9974852889403,
        "INACTIVE": 0.0025147110596992405,
        "INVALID": 0.0,
        "MALICIOUS": 0.0,
        "SANE": 0.0,
        "VALID": 0.0,
        "total": 100.0
    }
}