{
    "counter": {
        "ACTIVE": 45423,
        "INACTIVE": 1,
        "INVALID": 0,
        "MALICIOUS": 0,
        "SANE": 0,
        "VALID": 0,
        "total": 45424
    },
    "percentage": {
        "ACTIVE": 99.99779852060584,
        "INACTIVE": 0.0022014793941528706,
        "INVALID": 0.0,
        "MALICIOUS": 0.0,
        "SANE": 0.0,
        "VALID": 0.0,
        "total": 100.0
    }
}