{
    "counter": {
        "ACTIVE": 10510,
        "INACTIVE": 3,
        "INVALID": 0,
        "MALICIOUS": 0,
        "SANE": 0,
        "VALID": 0,
        "total": 10513
    },
    "percentage": {
        "ACTIVE": 99.97146390183582,
        "INACTIVE": 0.03600144005760231,
        "INVALID": 0,
        "MALICIOUS": 0,
        "SANE": 0,
        "VALID": 0,
        "total": 100.00746534189342
    }
}