{
    "counter": {
        "ACTIVE": 39382,
        "INACTIVE": 5,
        "INVALID": 0,
        "MALICIOUS": 0,
        "SANE": 0,
        "VALID": 0,
        "total": 39387
    },
    "percentage": {
        "ACTIVE": 99.98730545611497,
        "INACTIVE": 0.01269454388503821,
        "INVALID": 0.0,
        "MALICIOUS": 0.0,
        "SANE": 0.0,
        "VALID": 0.0,
        "total": 100.0
    }
}