{
    "counter": {
        "ACTIVE": 8211,
        "INACTIVE": 7,
        "INVALID": 0,
        "MALICIOUS": 0,
        "SANE": 0,
        "VALID": 0,
        "total": 8218
    },
    "percentage": {
        "ACTIVE": 99.91482112436115,
        "INACTIVE": 0.10599636583888553,
        "INVALID": 0,
        "MALICIOUS": 0,
        "SANE": 0,
        "VALID": 0,
        "total": 100.02081749020005
    }
}