{
    "counter": {
        "ACTIVE": 8228,
        "INACTIVE": 1,
        "INVALID": 0,
        "MALICIOUS": 0,
        "SANE": 0,
        "VALID": 0,
        "total": 8229
    },
    "percentage": {
        "ACTIVE": 99.98784785514643,
        "INACTIVE": 0.01757469244288225,
        "INVALID": 0,
        "MALICIOUS": 0,
        "SANE": 0,
        "VALID": 0,
        "total": 100.0054225475893
    }
}