{
    "counter": {
        "ACTIVE": 17919,
        "INACTIVE": 25,
        "INVALID": 0,
        "MALICIOUS": 0,
        "SANE": 0,
        "VALID": 0,
        "total": 17944
    },
    "percentage": {
        "ACTIVE": 99.86067766384306,
        "INACTIVE": 0.13932233615693268,
        "INVALID": 0.0,
        "MALICIOUS": 0.0,
        "SANE": 0.0,
        "VALID": 0.0,
        "total": 100.0
    }
}