{
    "counter": {
        "ACTIVE": 11937,
        "INACTIVE": 2,
        "INVALID": 0,
        "MALICIOUS": 0,
        "SANE": 0,
        "VALID": 0,
        "total": 11939
    },
    "percentage": {
        "ACTIVE": 99.98324817823938,
        "INACTIVE": 0.025412960609911054,
        "INVALID": 0,
        "MALICIOUS": 0,
        "SANE": 0,
        "VALID": 0,
        "total": 100.00866113884929
    }
}