{
    "counter": {
        "ACTIVE": 12791,
        "INACTIVE": 2,
        "INVALID": 0,
        "MALICIOUS": 0,
        "SANE": 0,
        "VALID": 0,
        "total": 12793
    },
    "percentage": {
        "ACTIVE": 99.98436645040256,
        "INACTIVE": 0.0258364552383413,
        "INVALID": 0,
        "MALICIOUS": 0,
        "SANE": 0,
        "VALID": 0,
        "total": 100.01020290564091
    }
}