{
    "counter": {
        "ACTIVE": 16411,
        "INACTIVE": 9,
        "INVALID": 0,
        "MALICIOUS": 0,
        "SANE": 0,
        "VALID": 0,
        "total": 16420
    },
    "percentage": {
        "ACTIVE": 99.94518879415347,
        "INACTIVE": 0.05525879535826119,
        "INVALID": 0,
        "MALICIOUS": 0,
        "SANE": 0,
        "VALID": 0,
        "total": 100.00044758951172
    }
}