{
    "counter": {
        "ACTIVE": 45501,
        "INACTIVE": 1,
        "INVALID": 0,
        "MALICIOUS": 0,
        "SANE": 0,
        "VALID": 0,
        "total": 45502
    },
    "percentage": {
        "ACTIVE": 99.99780229440464,
        "INACTIVE": 0.0021977055953584456,
        "INVALID": 0.0,
        "MALICIOUS": 0.0,
        "SANE": 0.0,
        "VALID": 0.0,
        "total": 100.0
    }
}