{
    "counter": {
        "ACTIVE": 45417,
        "INACTIVE": 4,
        "INVALID": 0,
        "MALICIOUS": 0,
        "SANE": 0,
        "VALID": 0,
        "total": 45421
    },
    "percentage": {
        "ACTIVE": 99.99119350080359,
        "INACTIVE": 0.008806499196406949,
        "INVALID": 0.0,
        "MALICIOUS": 0.0,
        "SANE": 0.0,
        "VALID": 0.0,
        "total": 100.0
    }
}