{
    "counter": {
        "ACTIVE": 8968,
        "INACTIVE": 1,
        "INVALID": 0,
        "MALICIOUS": 0,
        "SANE": 0,
        "VALID": 0,
        "total": 8969
    },
    "percentage": {
        "ACTIVE": 99.98885048500391,
        "INACTIVE": 0.012325896708985578,
        "INVALID": 0,
        "MALICIOUS": 0,
        "SANE": 0,
        "VALID": 0,
        "total": 100.0011763817129
    }
}