{
    "counter": {
        "ACTIVE": 45385,
        "INACTIVE": 1,
        "INVALID": 0,
        "MALICIOUS": 0,
        "SANE": 0,
        "VALID": 0,
        "total": 45386
    },
    "percentage": {
        "ACTIVE": 99.9977966773895,
        "INACTIVE": 0.002203322610496629,
        "INVALID": 0.0,
        "MALICIOUS": 0.0,
        "SANE": 0.0,
        "VALID": 0.0,
        "total": 100.0
    }
}