{
    "counter": {
        "ACTIVE": 14767,
        "INACTIVE": 115,
        "INVALID": 0,
        "MALICIOUS": 0,
        "SANE": 0,
        "VALID": 0,
        "total": 14882
    },
    "percentage": {
        "ACTIVE": 99.22725440129015,
        "INACTIVE": 0.7727455987098508,
        "INVALID": 0.0,
        "MALICIOUS": 0.0,
        "SANE": 0.0,
        "VALID": 0.0,
        "total": 100.0
    }
}