{
    "counter": {
        "ACTIVE": 6852,
        "INACTIVE": 2,
        "INVALID": 0,
        "MALICIOUS": 0,
        "SANE": 0,
        "VALID": 0,
        "total": 6854
    },
    "percentage": {
        "ACTIVE": 99.97081995914795,
        "INACTIVE": 0.05142710208279763,
        "INVALID": 0,
        "MALICIOUS": 0,
        "SANE": 0,
        "VALID": 0,
        "total": 100.02224706123074
    }
}