{
    "counter": {
        "ACTIVE": 39074,
        "INACTIVE": 1,
        "INVALID": 0,
        "MALICIOUS": 0,
        "SANE": 0,
        "VALID": 0,
        "total": 39075
    },
    "percentage": {
        "ACTIVE": 99.99744081893795,
        "INACTIVE": 0.0025591810620601407,
        "INVALID": 0.0,
        "MALICIOUS": 0.0,
        "SANE": 0.0,
        "VALID": 0.0,
        "total": 100.0
    }
}