{
    "counter": {
        "ACTIVE": 40004,
        "INACTIVE": 1,
        "INVALID": 0,
        "MALICIOUS": 0,
        "SANE": 0,
        "VALID": 0,
        "total": 40005
    },
    "percentage": {
        "ACTIVE": 99.99750031246094,
        "INACTIVE": 0.002499687539057618,
        "INVALID": 0.0,
        "MALICIOUS": 0.0,
        "SANE": 0.0,
        "VALID": 0.0,
        "total": 100.0
    }
}