{
    "counter": {
        "ACTIVE": 2795,
        "INACTIVE": 11,
        "INVALID": 0,
        "MALICIOUS": 0,
        "SANE": 0,
        "VALID": 0,
        "total": 2806
    },
    "percentage": {
        "ACTIVE": 99.607982893799,
        "INACTIVE": 0.42834890965732086,
        "INVALID": 0,
        "MALICIOUS": 0,
        "SANE": 0,
        "VALID": 0,
        "total": 100.03633180345632
    }
}