{
    "counter": {
        "ACTIVE": 12961,
        "INACTIVE": 107,
        "INVALID": 0,
        "MALICIOUS": 0,
        "SANE": 0,
        "VALID": 0,
        "total": 13068
    },
    "percentage": {
        "ACTIVE": 99.18120599938781,
        "INACTIVE": 0.8187940006121824,
        "INVALID": 0.0,
        "MALICIOUS": 0.0,
        "SANE": 0.0,
        "VALID": 0.0,
        "total": 100.0
    }
}