{
    "counter": {
        "ACTIVE": 11096,
        "INACTIVE": 1,
        "INVALID": 0,
        "MALICIOUS": 0,
        "SANE": 0,
        "VALID": 0,
        "total": 11097
    },
    "percentage": {
        "ACTIVE": 99.99098855546544,
        "INACTIVE": 0.01757469244288225,
        "INVALID": 0,
        "MALICIOUS": 0,
        "SANE": 0,
        "VALID": 0,
        "total": 100.00856324790831
    }
}