{
    "counter": {
        "ACTIVE": 17358,
        "INACTIVE": 23,
        "INVALID": 0,
        "MALICIOUS": 0,
        "SANE": 0,
        "VALID": 0,
        "total": 17381
    },
    "percentage": {
        "ACTIVE": 99.86767159542029,
        "INACTIVE": 0.15419683561276482,
        "INVALID": 0,
        "MALICIOUS": 0,
        "SANE": 0,
        "VALID": 0,
        "total": 100.02186843103306
    }
}