{
    "counter": {
        "ACTIVE": 7727,
        "INACTIVE": 16,
        "INVALID": 0,
        "MALICIOUS": 0,
        "SANE": 0,
        "VALID": 0,
        "total": 7743
    },
    "percentage": {
        "ACTIVE": 99.79336174609324,
        "INACTIVE": 0.27453671928620454,
        "INVALID": 0,
        "MALICIOUS": 0,
        "SANE": 0,
        "VALID": 0,
        "total": 100.06789846537944
    }
}