{
    "counter": {
        "ACTIVE": 17458,
        "INACTIVE": 148,
        "INVALID": 0,
        "MALICIOUS": 0,
        "SANE": 0,
        "VALID": 0,
        "total": 17606
    },
    "percentage": {
        "ACTIVE": 99.15937748494831,
        "INACTIVE": 0.840622515051687,
        "INVALID": 0.0,
        "MALICIOUS": 0.0,
        "SANE": 0.0,
        "VALID": 0.0,
        "total": 100.0
    }
}