{
    "counter": {
        "ACTIVE": 17143,
        "INACTIVE": 1,
        "INVALID": 0,
        "MALICIOUS": 0,
        "SANE": 0,
        "VALID": 0,
        "total": 17144
    },
    "percentage": {
        "ACTIVE": 99.99416705552963,
        "INACTIVE": 0.005832944470368642,
        "INVALID": 0.0,
        "MALICIOUS": 0.0,
        "SANE": 0.0,
        "VALID": 0.0,
        "total": 100.0
    }
}