{
    "counter": {
        "ACTIVE": 2085,
        "INACTIVE": 2,
        "INVALID": 0,
        "MALICIOUS": 0,
        "SANE": 0,
        "VALID": 0,
        "total": 2087
    },
    "percentage": {
        "ACTIVE": 99.90416866315284,
        "INACTIVE": 0.2621231979030144,
        "INVALID": 0,
        "MALICIOUS": 0,
        "SANE": 0,
        "VALID": 0,
        "total": 100.16629186105585
    }
}