{
    "counter": {
        "ACTIVE": 38902,
        "INACTIVE": 1,
        "INVALID": 0,
        "MALICIOUS": 0,
        "SANE": 0,
        "VALID": 0,
        "total": 38903
    },
    "percentage": {
        "ACTIVE": 99.99742950415136,
        "INACTIVE": 0.0025704958486492046,
        "INVALID": 0.0,
        "MALICIOUS": 0.0,
        "SANE": 0.0,
        "VALID": 0.0,
        "total": 100.0
    }
}