{
    "counter": {
        "ACTIVE": 17248,
        "INACTIVE": 23,
        "INVALID": 0,
        "MALICIOUS": 0,
        "SANE": 0,
        "VALID": 0,
        "total": 17271
    },
    "percentage": {
        "ACTIVE": 99.86682878814197,
        "INACTIVE": 0.15419683561276482,
        "INVALID": 0,
        "MALICIOUS": 0,
        "SANE": 0,
        "VALID": 0,
        "total": 100.02102562375474
    }
}