{
    "counter": {
        "ACTIVE": 37723,
        "INACTIVE": 4,
        "INVALID": 0,
        "MALICIOUS": 0,
        "SANE": 0,
        "VALID": 0,
        "total": 37727
    },
    "percentage": {
        "ACTIVE": 99.98939751371697,
        "INACTIVE": 0.01060248628303337,
        "INVALID": 0.0,
        "MALICIOUS": 0.0,
        "SANE": 0.0,
        "VALID": 0.0,
        "total": 100.0
    }
}