{
    "counter": {
        "ACTIVE": 16615,
        "INACTIVE": 23,
        "INVALID": 0,
        "MALICIOUS": 0,
        "SANE": 0,
        "VALID": 0,
        "total": 16638
    },
    "percentage": {
        "ACTIVE": 99.86176223103739,
        "INACTIVE": 0.15419683561276482,
        "INVALID": 0,
        "MALICIOUS": 0,
        "SANE": 0,
        "VALID": 0,
        "total": 100.01595906665015
    }
}