{
    "counter": {
        "ACTIVE": 45466,
        "INACTIVE": 1,
        "INVALID": 0,
        "MALICIOUS": 0,
        "SANE": 0,
        "VALID": 0,
        "total": 45467
    },
    "percentage": {
        "ACTIVE": 99.99780060263488,
        "INACTIVE": 0.0021993973651219566,
        "INVALID": 0.0,
        "MALICIOUS": 0.0,
        "SANE": 0.0,
        "VALID": 0.0,
        "total": 100.0
    }
}