{
    "counter": {
        "ACTIVE": 17434,
        "INACTIVE": 11,
        "INVALID": 0,
        "MALICIOUS": 0,
        "SANE": 0,
        "VALID": 0,
        "total": 17445
    },
    "percentage": {
        "ACTIVE": 99.93694468329033,
        "INACTIVE": 0.06305531670965893,
        "INVALID": 0.0,
        "MALICIOUS": 0.0,
        "SANE": 0.0,
        "VALID": 0.0,
        "total": 100.0
    }
}