{
    "counter": {
        "ACTIVE": 22091,
        "INACTIVE": 16,
        "INVALID": 1,
        "MALICIOUS": 0,
        "SANE": 0,
        "VALID": 0,
        "total": 22108
    },
    "percentage": {
        "ACTIVE": 99.92310475845848,
        "INACTIVE": 0.07240474251063445,
        "INVALID": 0.00543685097591475,
        "MALICIOUS": 0,
        "SANE": 0,
        "VALID": 0,
        "total": 100.00094635194502
    }
}