{
    "counter": {
        "ACTIVE": 39033,
        "INACTIVE": 13,
        "INVALID": 0,
        "MALICIOUS": 0,
        "SANE": 0,
        "VALID": 0,
        "total": 39046
    },
    "percentage": {
        "ACTIVE": 99.96670593658762,
        "INACTIVE": 0.03329406341238539,
        "INVALID": 0.0,
        "MALICIOUS": 0.0,
        "SANE": 0.0,
        "VALID": 0.0,
        "total": 100.0
    }
}