{
    "counter": {
        "ACTIVE": 33270,
        "INACTIVE": 2,
        "INVALID": 0,
        "MALICIOUS": 0,
        "SANE": 0,
        "VALID": 0,
        "total": 33272
    },
    "percentage": {
        "ACTIVE": 99.99398893964896,
        "INACTIVE": 0.0060110603510459245,
        "INVALID": 0.0,
        "MALICIOUS": 0.0,
        "SANE": 0.0,
        "VALID": 0.0,
        "total": 100.0
    }
}