{
    "counter": {
        "ACTIVE": 5929,
        "INACTIVE": 2,
        "INVALID": 0,
        "MALICIOUS": 0,
        "SANE": 0,
        "VALID": 0,
        "total": 5931
    },
    "percentage": {
        "ACTIVE": 99.96627887371439,
        "INACTIVE": 0.03506926179203928,
        "INVALID": 0,
        "MALICIOUS": 0,
        "SANE": 0,
        "VALID": 0,
        "total": 100.00134813550643
    }
}