{
    "counter": {
        "ACTIVE": 16970,
        "INACTIVE": 1,
        "INVALID": 0,
        "MALICIOUS": 0,
        "SANE": 0,
        "VALID": 0,
        "total": 16971
    },
    "percentage": {
        "ACTIVE": 99.99410759530964,
        "INACTIVE": 0.005892404690354134,
        "INVALID": 0.0,
        "MALICIOUS": 0.0,
        "SANE": 0.0,
        "VALID": 0.0,
        "total": 100.0
    }
}