{
    "counter": {
        "ACTIVE": 12226,
        "INACTIVE": 2,
        "INVALID": 0,
        "MALICIOUS": 0,
        "SANE": 0,
        "VALID": 0,
        "total": 12228
    },
    "percentage": {
        "ACTIVE": 99.98364409551849,
        "INACTIVE": 0.01966568338249754,
        "INVALID": 0,
        "MALICIOUS": 0,
        "SANE": 0,
        "VALID": 0,
        "total": 100.00330977890098
    }
}