{
    "counter": {
        "ACTIVE": 46002,
        "INACTIVE": 14,
        "INVALID": 0,
        "MALICIOUS": 0,
        "SANE": 0,
        "VALID": 0,
        "total": 46016
    },
    "percentage": {
        "ACTIVE": 99.96957579972184,
        "INACTIVE": 0.030424200278164115,
        "INVALID": 0.0,
        "MALICIOUS": 0.0,
        "SANE": 0.0,
        "VALID": 0.0,
        "total": 100.0
    }
}