{
    "counter": {
        "ACTIVE": 21644,
        "INACTIVE": 15,
        "INVALID": 1,
        "MALICIOUS": 0,
        "SANE": 0,
        "VALID": 0,
        "total": 21660
    },
    "percentage": {
        "ACTIVE": 99.92613111726685,
        "INACTIVE": 0.0799190153977303,
        "INVALID": 0.00543685097591475,
        "MALICIOUS": 0,
        "SANE": 0,
        "VALID": 0,
        "total": 100.0114869836405
    }
}