{
    "counter": {
        "ACTIVE": 45435,
        "INACTIVE": 1,
        "INVALID": 0,
        "MALICIOUS": 0,
        "SANE": 0,
        "VALID": 0,
        "total": 45436
    },
    "percentage": {
        "ACTIVE": 99.99779910203362,
        "INACTIVE": 0.002200897966370279,
        "INVALID": 0.0,
        "MALICIOUS": 0.0,
        "SANE": 0.0,
        "VALID": 0.0,
        "total": 100.0
    }
}