{
    "counter": {
        "ACTIVE": 4238,
        "INACTIVE": 1,
        "INVALID": 0,
        "MALICIOUS": 0,
        "SANE": 0,
        "VALID": 0,
        "total": 4239
    },
    "percentage": {
        "ACTIVE": 99.97640953054966,
        "INACTIVE": 0.15503875968992248,
        "INVALID": 0,
        "MALICIOUS": 0,
        "SANE": 0,
        "VALID": 0,
        "total": 100.13144829023958
    }
}