{
    "counter": {
        "ACTIVE": 12268,
        "INACTIVE": 4,
        "INVALID": 0,
        "MALICIOUS": 0,
        "SANE": 0,
        "VALID": 0,
        "total": 12272
    },
    "percentage": {
        "ACTIVE": 99.96740547588006,
        "INACTIVE": 0.04179728317659352,
        "INVALID": 0,
        "MALICIOUS": 0,
        "SANE": 0,
        "VALID": 0,
        "total": 100.00920275905665
    }
}