{
    "counter": {
        "ACTIVE": 38060,
        "INACTIVE": 4,
        "INVALID": 0,
        "MALICIOUS": 0,
        "SANE": 0,
        "VALID": 0,
        "total": 38064
    },
    "percentage": {
        "ACTIVE": 99.989491382934,
        "INACTIVE": 0.010508617065994116,
        "INVALID": 0.0,
        "MALICIOUS": 0.0,
        "SANE": 0.0,
        "VALID": 0.0,
        "total": 100.0
    }
}