{
    "counter": {
        "ACTIVE": 17599,
        "INACTIVE": 11,
        "INVALID": 0,
        "MALICIOUS": 0,
        "SANE": 0,
        "VALID": 0,
        "total": 17610
    },
    "percentage": {
        "ACTIVE": 99.93753549119818,
        "INACTIVE": 0.06246450880181715,
        "INVALID": 0.0,
        "MALICIOUS": 0.0,
        "SANE": 0.0,
        "VALID": 0.0,
        "total": 100.0
    }
}