{
    "counter": {
        "ACTIVE": 8384,
        "INACTIVE": 56,
        "INVALID": 0,
        "MALICIOUS": 0,
        "SANE": 0,
        "VALID": 0,
        "total": 8440
    },
    "percentage": {
        "ACTIVE": 99.33649289099526,
        "INACTIVE": 0.6696962449174838,
        "INVALID": 0,
        "MALICIOUS": 0,
        "SANE": 0,
        "VALID": 0,
        "total": 100.00618913591275
    }
}