{
    "counter": {
        "ACTIVE": 17224,
        "INACTIVE": 10,
        "INVALID": 0,
        "MALICIOUS": 0,
        "SANE": 0,
        "VALID": 0,
        "total": 17234
    },
    "percentage": {
        "ACTIVE": 99.94197516537078,
        "INACTIVE": 0.0602627455706882,
        "INVALID": 0,
        "MALICIOUS": 0,
        "SANE": 0,
        "VALID": 0,
        "total": 100.00223791094146
    }
}