{
    "counter": {
        "ACTIVE": 10285,
        "INACTIVE": 5,
        "INVALID": 0,
        "MALICIOUS": 0,
        "SANE": 0,
        "VALID": 0,
        "total": 10290
    },
    "percentage": {
        "ACTIVE": 99.9514091350826,
        "INACTIVE": 0.05465078150617554,
        "INVALID": 0,
        "MALICIOUS": 0,
        "SANE": 0,
        "VALID": 0,
        "total": 100.00605991658877
    }
}