{
    "counter": {
        "ACTIVE": 45407,
        "INACTIVE": 1,
        "INVALID": 0,
        "MALICIOUS": 0,
        "SANE": 0,
        "VALID": 0,
        "total": 45408
    },
    "percentage": {
        "ACTIVE": 99.99779774489078,
        "INACTIVE": 0.0022022551092318533,
        "INVALID": 0.0,
        "MALICIOUS": 0.0,
        "SANE": 0.0,
        "VALID": 0.0,
        "total": 100.0
    }
}