{
    "counter": {
        "ACTIVE": 11240,
        "INACTIVE": 1,
        "INVALID": 0,
        "MALICIOUS": 0,
        "SANE": 0,
        "VALID": 0,
        "total": 11241
    },
    "percentage": {
        "ACTIVE": 99.99110399430656,
        "INACTIVE": 0.013553808620222282,
        "INVALID": 0,
        "MALICIOUS": 0,
        "SANE": 0,
        "VALID": 0,
        "total": 100.00465780292677
    }
}