{
    "counter": {
        "ACTIVE": 4558,
        "INACTIVE": 1,
        "INVALID": 0,
        "MALICIOUS": 0,
        "SANE": 0,
        "VALID": 0,
        "total": 4559
    },
    "percentage": {
        "ACTIVE": 99.97806536521166,
        "INACTIVE": 0.02608242044861763,
        "INVALID": 0,
        "MALICIOUS": 0,
        "SANE": 0,
        "VALID": 0,
        "total": 100.00414778566028
    }
}