{
    "counter": {
        "ACTIVE": 10438,
        "INACTIVE": 37,
        "INVALID": 0,
        "MALICIOUS": 0,
        "SANE": 0,
        "VALID": 0,
        "total": 10475
    },
    "percentage": {
        "ACTIVE": 99.64677804295943,
        "INACTIVE": 0.3532219570405728,
        "INVALID": 0.0,
        "MALICIOUS": 0.0,
        "SANE": 0.0,
        "VALID": 0.0,
        "total": 100.0
    }
}