{
    "counter": {
        "ACTIVE": 14834,
        "INACTIVE": 7,
        "INVALID": 1,
        "MALICIOUS": 0,
        "SANE": 0,
        "VALID": 0,
        "total": 14842
    },
    "percentage": {
        "ACTIVE": 99.9460989085029,
        "INACTIVE": 0.04845967462789893,
        "INVALID": 0.0067856415824116174,
        "MALICIOUS": 0,
        "SANE": 0,
        "VALID": 0,
        "total": 100.00134422471321
    }
}