{
    "counter": {
        "ACTIVE": 17716,
        "INACTIVE": 2,
        "INVALID": 0,
        "MALICIOUS": 0,
        "SANE": 0,
        "VALID": 0,
        "total": 17718
    },
    "percentage": {
        "ACTIVE": 99.98871204424879,
        "INACTIVE": 0.011287955751213455,
        "INVALID": 0.0,
        "MALICIOUS": 0.0,
        "SANE": 0.0,
        "VALID": 0.0,
        "total": 100.0
    }
}