{
    "counter": {
        "ACTIVE": 17774,
        "INACTIVE": 25,
        "INVALID": 0,
        "MALICIOUS": 0,
        "SANE": 0,
        "VALID": 0,
        "total": 17799
    },
    "percentage": {
        "ACTIVE": 99.85954267093656,
        "INACTIVE": 0.14317622129316762,
        "INVALID": 0,
        "MALICIOUS": 0,
        "SANE": 0,
        "VALID": 0,
        "total": 100.00271889222974
    }
}