{
    "counter": {
        "ACTIVE": 9103,
        "INACTIVE": 3,
        "INVALID": 0,
        "MALICIOUS": 0,
        "SANE": 0,
        "VALID": 0,
        "total": 9106
    },
    "percentage": {
        "ACTIVE": 99.9670546892159,
        "INACTIVE": 0.03657198585883213,
        "INVALID": 0,
        "MALICIOUS": 0,
        "SANE": 0,
        "VALID": 0,
        "total": 100.00362667507473
    }
}