{
    "counter": {
        "ACTIVE": 39037,
        "INACTIVE": 6,
        "INVALID": 0,
        "MALICIOUS": 0,
        "SANE": 0,
        "VALID": 0,
        "total": 39043
    },
    "percentage": {
        "ACTIVE": 99.98463232845836,
        "INACTIVE": 0.015367671541633583,
        "INVALID": 0.0,
        "MALICIOUS": 0.0,
        "SANE": 0.0,
        "VALID": 0.0,
        "total": 100.0
    }
}