{
    "counter": {
        "ACTIVE": 37173,
        "INACTIVE": 2,
        "INVALID": 0,
        "MALICIOUS": 0,
        "SANE": 0,
        "VALID": 0,
        "total": 37175
    },
    "percentage": {
        "ACTIVE": 99.9946200403497,
        "INACTIVE": 0.005379959650302623,
        "INVALID": 0.0,
        "MALICIOUS": 0.0,
        "SANE": 0.0,
        "VALID": 0.0,
        "total": 100.0
    }
}