{
    "counter": {
        "ACTIVE": 7575,
        "INACTIVE": 3,
        "INVALID": 0,
        "MALICIOUS": 0,
        "SANE": 0,
        "VALID": 0,
        "total": 7578
    },
    "percentage": {
        "ACTIVE": 99.96041171813144,
        "INACTIVE": 0.04505180958101817,
        "INVALID": 0,
        "MALICIOUS": 0,
        "SANE": 0,
        "VALID": 0,
        "total": 100.00546352771245
    }
}