{
    "counter": {
        "ACTIVE": 12010,
        "INACTIVE": 8,
        "INVALID": 0,
        "MALICIOUS": 0,
        "SANE": 0,
        "VALID": 0,
        "total": 12018
    },
    "percentage": {
        "ACTIVE": 99.933433183558,
        "INACTIVE": 0.09616540449573266,
        "INVALID": 0,
        "MALICIOUS": 0,
        "SANE": 0,
        "VALID": 0,
        "total": 100.02959858805373
    }
}