{
    "counter": {
        "ACTIVE": 12779,
        "INACTIVE": 1,
        "INVALID": 0,
        "MALICIOUS": 0,
        "SANE": 0,
        "VALID": 0,
        "total": 12780
    },
    "percentage": {
        "ACTIVE": 99.99217527386541,
        "INACTIVE": 0.013190871916633689,
        "INVALID": 0,
        "MALICIOUS": 0,
        "SANE": 0,
        "VALID": 0,
        "total": 100.00536614578205
    }
}