{
    "counter": {
        "ACTIVE": 45396,
        "INACTIVE": 7,
        "INVALID": 0,
        "MALICIOUS": 0,
        "SANE": 0,
        "VALID": 0,
        "total": 45403
    },
    "percentage": {
        "ACTIVE": 99.9845825165738,
        "INACTIVE": 0.015417483426205317,
        "INVALID": 0.0,
        "MALICIOUS": 0.0,
        "SANE": 0.0,
        "VALID": 0.0,
        "total": 100.0
    }
}