{
    "counter": {
        "ACTIVE": 43447,
        "INACTIVE": 1,
        "INVALID": 0,
        "MALICIOUS": 0,
        "SANE": 0,
        "VALID": 0,
        "total": 43448
    },
    "percentage": {
        "ACTIVE": 99.99769839808506,
        "INACTIVE": 0.002301601914932793,
        "INVALID": 0.0,
        "MALICIOUS": 0.0,
        "SANE": 0.0,
        "VALID": 0.0,
        "total": 100.0
    }
}