{
    "counter": {
        "ACTIVE": 12336,
        "INACTIVE": 1003,
        "INVALID": 0,
        "MALICIOUS": 0,
        "SANE": 0,
        "VALID": 0,
        "total": 13339
    },
    "percentage": {
        "ACTIVE": 92.48069570432565,
        "INACTIVE": 7.519304295674338,
        "INVALID": 0.0,
        "MALICIOUS": 0.0,
        "SANE": 0.0,
        "VALID": 0.0,
        "total": 100.0
    }
}