{
    "counter": {
        "ACTIVE": 1238,
        "INACTIVE": 1,
        "INVALID": 0,
        "MALICIOUS": 0,
        "SANE": 0,
        "VALID": 0,
        "total": 1239
    },
    "percentage": {
        "ACTIVE": 99.91928974979822,
        "INACTIVE": 0.10245901639344263,
        "INVALID": 0,
        "MALICIOUS": 0,
        "SANE": 0,
        "VALID": 0,
        "total": 100.02174876619166
    }
}