{
    "counter": {
        "ACTIVE": 44927,
        "INACTIVE": 2,
        "INVALID": 0,
        "MALICIOUS": 0,
        "SANE": 0,
        "VALID": 0,
        "total": 44929
    },
    "percentage": {
        "ACTIVE": 99.99554853212847,
        "INACTIVE": 0.004451467871530637,
        "INVALID": 0.0,
        "MALICIOUS": 0.0,
        "SANE": 0.0,
        "VALID": 0.0,
        "total": 100.0
    }
}