{
    "counter": {
        "ACTIVE": 3108,
        "INACTIVE": 3,
        "INVALID": 8,
        "MALICIOUS": 0,
        "SANE": 0,
        "VALID": 0,
        "total": 3119
    },
    "percentage": {
        "ACTIVE": 99.64732285989099,
        "INACTIVE": 0.09693053311793215,
        "INVALID": 0.26542800265428,
        "MALICIOUS": 0,
        "SANE": 0,
        "VALID": 0,
        "total": 100.0096813956632
    }
}