{
    "counter": {
        "ACTIVE": 17102,
        "INACTIVE": 1,
        "INVALID": 0,
        "MALICIOUS": 0,
        "SANE": 0,
        "VALID": 0,
        "total": 17103
    },
    "percentage": {
        "ACTIVE": 99.99415307256037,
        "INACTIVE": 0.005846927439630474,
        "INVALID": 0.0,
        "MALICIOUS": 0.0,
        "SANE": 0.0,
        "VALID": 0.0,
        "total": 100.0
    }
}