{
    "counter": {
        "ACTIVE": 12381,
        "INACTIVE": 15,
        "INVALID": 0,
        "MALICIOUS": 0,
        "SANE": 0,
        "VALID": 0,
        "total": 12396
    },
    "percentage": {
        "ACTIVE": 99.87899322362053,
        "INACTIVE": 0.13293158454448778,
        "INVALID": 0,
        "MALICIOUS": 0,
        "SANE": 0,
        "VALID": 0,
        "total": 100.01192480816502
    }
}