{
    "counter": {
        "ACTIVE": 17921,
        "INACTIVE": 25,
        "INVALID": 0,
        "MALICIOUS": 0,
        "SANE": 0,
        "VALID": 0,
        "total": 17946
    },
    "percentage": {
        "ACTIVE": 99.86069319068316,
        "INACTIVE": 0.13930680931683942,
        "INVALID": 0.0,
        "MALICIOUS": 0.0,
        "SANE": 0.0,
        "VALID": 0.0,
        "total": 100.0
    }
}