{
    "counter": {
        "ACTIVE": 5699,
        "INACTIVE": 12,
        "INVALID": 0,
        "MALICIOUS": 0,
        "SANE": 0,
        "VALID": 0,
        "total": 5711
    },
    "percentage": {
        "ACTIVE": 99.7898791805288,
        "INACTIVE": 0.3192338387869114,
        "INVALID": 0,
        "MALICIOUS": 0,
        "SANE": 0,
        "VALID": 0,
        "total": 100.10911301931571
    }
}