{
    "counter": {
        "ACTIVE": 45405,
        "INACTIVE": 7,
        "INVALID": 0,
        "MALICIOUS": 0,
        "SANE": 0,
        "VALID": 0,
        "total": 45412
    },
    "percentage": {
        "ACTIVE": 99.98458557209548,
        "INACTIVE": 0.01541442790451863,
        "INVALID": 0.0,
        "MALICIOUS": 0.0,
        "SANE": 0.0,
        "VALID": 0.0,
        "total": 100.0
    }
}