{
    "counter": {
        "Alibaba Cloud Computing Ltd. d/b/a HiChina (www.net.cn)": 14,
        "CHENGDU WEST DIMENSION DIGITAL TECHNOLOGY CO., LTD.": 2,
        "Chengdu West Dimension Digital Technology Co., Ltd.": 2,
        "CommuniGal Communication Ltd.": 2,
        "Communigal Communications Ltd": 12,
        "Danesco Trading Ltd.": 2,
        "Dynadot Inc": 6,
        "Dynadot LLC": 12,
        "Gname.com Pte. Ltd.": 4,
        "GoDaddy.com, LLC": 12,
        "Hosting Concepts B.V. d/b/a Registrar.eu": 2,
        "NameCheap, Inc.": 12,
        "NameSilo, LLC": 12,
        "Namecheap": 16,
        "Names Stop Here LLC": 2,
        "OVH": 2,
        "Porkbun": 4,
        "Sav.com, LLC - 32": 2,
        "Sav.com, LLC- 6": 2,
        "TLD Registrar Solutions Ltd.": 2,
        "Tucows Domains Inc.": 2,
        "VIRTUA DRUG Kutatási Szolgáltató Korlátolt Felelősségű Társaság": 2,
        "West263 International Limited": 8,
        "total": 136
    },
    "percentage": {
        "Alibaba Cloud Computing Ltd. d/b/a HiChina (www.net.cn)": 10.294117647058824,
        "CHENGDU WEST DIMENSION DIGITAL TECHNOLOGY CO., LTD.": 1.4705882352941178,
        "Chengdu West Dimension Digital Technology Co., Ltd.": 1.4705882352941178,
        "CommuniGal Communication Ltd.": 1.4705882352941178,
        "Communigal Communications Ltd": 8.823529411764707,
        "Danesco Trading Ltd.": 1.4705882352941178,
        "Dynadot Inc": 4.411764705882353,
        "Dynadot LLC": 8.823529411764707,
        "Gname.com Pte. Ltd.": 2.9411764705882355,
        "GoDaddy.com, LLC": 8.823529411764707,
        "Hosting Concepts B.V. d/b/a Registrar.eu": 1.4705882352941178,
        "NameCheap, Inc.": 8.823529411764707,
        "NameSilo, LLC": 8.823529411764707,
        "Namecheap": 11.764705882352942,
        "Names Stop Here LLC": 1.4705882352941178,
        "OVH": 1.4705882352941178,
        "Porkbun": 2.9411764705882355,
        "Sav.com, LLC - 32": 1.4705882352941178,
        "Sav.com, LLC- 6": 1.4705882352941178,
        "TLD Registrar Solutions Ltd.": 1.4705882352941178,
        "Tucows Domains Inc.": 1.4705882352941178,
        "VIRTUA DRUG Kutatási Szolgáltató Korlátolt Felelősségű Társaság": 1.4705882352941178,
        "West263 International Limited": 5.882352941176471,
        "total": 100.0
    }
}