{
    "counter": {
        "Big Dipper Domains, LLC": 2,
        "Cloudflare, Inc.": 4,
        "CommuniGal Communication Ltd.": 10,
        "Danesco Trading Ltd.": 4,
        "Domain Science Kutatási Szolgáltató Korlátolt Felelősségű Társaság": 2,
        "Dynadot Inc": 14,
        "Dynadot LLC": 10,
        "GMO Internet Group, Inc. d/b/a Onamae.com": 14,
        "GMO Internet, Inc. d/b/a Onamae.com": 2,
        "Gandi SAS": 2,
        "GoDaddy.com, LLC": 4,
        "HOSTINGER operations, UAB": 4,
        "NAMECHEAP": 2,
        "NETIM SAS": 2,
        "NETIM.com": 2,
        "NameCheap, Inc.": 22,
        "NameSilo, LLC": 20,
        "Namecheap": 6,
        "OVH": 2,
        "One.com": 2,
        "One.com A/S": 2,
        "PDR Ltd. d/b/a PublicDomainRegistry.com": 2,
        "Porkbun": 2,
        "Porkbun LLC": 2,
        "Spaceship, Inc.": 6,
        "TLD Registrar Solutions Ltd.": 2,
        "Tucows Domains Inc.": 2,
        "TuringSign Inc. d/b/a Cosmotown": 2,
        "West263 International Limited": 36,
        "total": 186
    },
    "percentage": {
        "Big Dipper Domains, LLC": 1.075268817204301,
        "Cloudflare, Inc.": 2.150537634408602,
        "CommuniGal Communication Ltd.": 5.376344086021505,
        "Danesco Trading Ltd.": 2.150537634408602,
        "Domain Science Kutatási Szolgáltató Korlátolt Felelősségű Társaság": 1.075268817204301,
        "Dynadot Inc": 7.526881720430108,
        "Dynadot LLC": 5.376344086021505,
        "GMO Internet Group, Inc. d/b/a Onamae.com": 7.526881720430108,
        "GMO Internet, Inc. d/b/a Onamae.com": 1.075268817204301,
        "Gandi SAS": 1.075268817204301,
        "GoDaddy.com, LLC": 2.150537634408602,
        "HOSTINGER operations, UAB": 2.150537634408602,
        "NAMECHEAP": 1.075268817204301,
        "NETIM SAS": 1.075268817204301,
        "NETIM.com": 1.075268817204301,
        "NameCheap, Inc.": 11.827956989247312,
        "NameSilo, LLC": 10.75268817204301,
        "Namecheap": 3.225806451612903,
        "OVH": 1.075268817204301,
        "One.com": 1.075268817204301,
        "One.com A/S": 1.075268817204301,
        "PDR Ltd. d/b/a PublicDomainRegistry.com": 1.075268817204301,
        "Porkbun": 1.075268817204301,
        "Porkbun LLC": 1.075268817204301,
        "Spaceship, Inc.": 3.225806451612903,
        "TLD Registrar Solutions Ltd.": 1.075268817204301,
        "Tucows Domains Inc.": 1.075268817204301,
        "TuringSign Inc. d/b/a Cosmotown": 1.075268817204301,
        "West263 International Limited": 19.35483870967742,
        "total": 100.0
    }
}