{
    "counter": {
        "Atak Domain Bilgi Teknolojileri A.Ş.": 2,
        "Big Dipper Domains, LLC": 2,
        "CommuniGal Communication Ltd.": 4,
        "Communigal Communications Ltd": 22,
        "Danesco Trading Ltd.": 6,
        "Dynadot Inc": 14,
        "Dynadot LLC": 12,
        "GMO Internet Group, Inc. d/b/a Onamae.com": 18,
        "GoDaddy.com, LLC": 4,
        "HOSTINGER operations, UAB": 4,
        "NAMECHEAP": 2,
        "NETIM.com": 2,
        "Name.com, Inc.": 2,
        "NameCheap, Inc.": 14,
        "NameSilo, LLC": 88,
        "Namecheap": 6,
        "Nicnames, Inc.": 2,
        "OVH": 2,
        "PDR Ltd. d/b/a PublicDomainRegistry.com": 4,
        "Porkbun": 2,
        "Porkbun, LLC": 2,
        "Spaceship, Inc.": 4,
        "TLD Registrar Solutions Ltd.": 2,
        "Tucows Domains Inc.": 2,
        "VIRTUA DRUG Kutatási Szolgáltató Korlátolt Felelősségű Társaság": 2,
        "West263 International Limited": 38,
        "total": 262
    },
    "percentage": {
        "Atak Domain Bilgi Teknolojileri A.Ş.": 0.7633587786259542,
        "Big Dipper Domains, LLC": 0.7633587786259542,
        "CommuniGal Communication Ltd.": 1.5267175572519085,
        "Communigal Communications Ltd": 8.396946564885496,
        "Danesco Trading Ltd.": 2.2900763358778624,
        "Dynadot Inc": 5.343511450381679,
        "Dynadot LLC": 4.580152671755725,
        "GMO Internet Group, Inc. d/b/a Onamae.com": 6.870229007633588,
        "GoDaddy.com, LLC": 1.5267175572519085,
        "HOSTINGER operations, UAB": 1.5267175572519085,
        "NAMECHEAP": 0.7633587786259542,
        "NETIM.com": 0.7633587786259542,
        "Name.com, Inc.": 0.7633587786259542,
        "NameCheap, Inc.": 5.343511450381679,
        "NameSilo, LLC": 33.587786259541986,
        "Namecheap": 2.2900763358778624,
        "Nicnames, Inc.": 0.7633587786259542,
        "OVH": 0.7633587786259542,
        "PDR Ltd. d/b/a PublicDomainRegistry.com": 1.5267175572519085,
        "Porkbun": 0.7633587786259542,
        "Porkbun, LLC": 0.7633587786259542,
        "Spaceship, Inc.": 1.5267175572519085,
        "TLD Registrar Solutions Ltd.": 0.7633587786259542,
        "Tucows Domains Inc.": 0.7633587786259542,
        "VIRTUA DRUG Kutatási Szolgáltató Korlátolt Felelősségű Társaság": 0.7633587786259542,
        "West263 International Limited": 14.50381679389313,
        "total": 100.0
    }
}