{
    "counter": {
        "Atak Domain Bilgi Teknolojileri A.Ş.": 2,
        "CommuniGal Communication Ltd.": 2,
        "Danesco Trading Ltd.": 4,
        "Dynadot Inc": 14,
        "Dynadot LLC": 12,
        "GoDaddy.com, LLC": 4,
        "HOSTINGER operations, UAB": 4,
        "Hosting Concepts B.V. d/b/a Registrar.eu": 2,
        "Lucky Elephant Domains, LLC": 2,
        "Name.com, Inc.": 2,
        "NameCheap, Inc.": 20,
        "NameSilo, LLC": 68,
        "Namecheap": 8,
        "OVH": 2,
        "PDR Ltd. d/b/a PublicDomainRegistry.com": 8,
        "Sav.com, LLC - 32": 2,
        "Sav.com, LLC- 6": 2,
        "TLD Registrar Solutions Ltd.": 2,
        "Tucows Domains Inc.": 2,
        "VIRTUA DRUG Kutatási Szolgáltató Korlátolt Felelősségű Társaság": 4,
        "total": 166
    },
    "percentage": {
        "Atak Domain Bilgi Teknolojileri A.Ş.": 1.2048192771084338,
        "CommuniGal Communication Ltd.": 1.2048192771084338,
        "Danesco Trading Ltd.": 2.4096385542168677,
        "Dynadot Inc": 8.433734939759036,
        "Dynadot LLC": 7.228915662650603,
        "GoDaddy.com, LLC": 2.4096385542168677,
        "HOSTINGER operations, UAB": 2.4096385542168677,
        "Hosting Concepts B.V. d/b/a Registrar.eu": 1.2048192771084338,
        "Lucky Elephant Domains, LLC": 1.2048192771084338,
        "Name.com, Inc.": 1.2048192771084338,
        "NameCheap, Inc.": 12.048192771084338,
        "NameSilo, LLC": 40.963855421686745,
        "Namecheap": 4.819277108433735,
        "OVH": 1.2048192771084338,
        "PDR Ltd. d/b/a PublicDomainRegistry.com": 4.819277108433735,
        "Sav.com, LLC - 32": 1.2048192771084338,
        "Sav.com, LLC- 6": 1.2048192771084338,
        "TLD Registrar Solutions Ltd.": 1.2048192771084338,
        "Tucows Domains Inc.": 1.2048192771084338,
        "VIRTUA DRUG Kutatási Szolgáltató Korlátolt Felelősségű Társaság": 2.4096385542168677,
        "total": 100.0
    }
}