{
    "counter": {
        "Atak Domain Bilgi Teknolojileri A.Ş.": 2,
        "Big Dipper Domains, LLC": 2,
        "Communigal Communications Ltd": 2,
        "Danesco Trading Ltd.": 4,
        "Dynadot Inc": 10,
        "Dynadot LLC": 12,
        "GoDaddy.com, LLC": 4,
        "HOSTINGER operations, UAB": 4,
        "Lucky Elephant Domains, LLC": 2,
        "Name.com, Inc.": 2,
        "NameCheap, Inc.": 18,
        "NameSilo, LLC": 26,
        "Namecheap": 8,
        "OVH": 2,
        "PDR Ltd. d/b/a PublicDomainRegistry.com": 8,
        "Porkbun": 2,
        "Porkbun, LLC": 2,
        "TLD Registrar Solutions Ltd.": 2,
        "Tucows Domains Inc.": 2,
        "VIRTUA DRUG Kutatási Szolgáltató Korlátolt Felelősségű Társaság": 4,
        "total": 118
    },
    "percentage": {
        "Atak Domain Bilgi Teknolojileri A.Ş.": 1.694915254237288,
        "Big Dipper Domains, LLC": 1.694915254237288,
        "Communigal Communications Ltd": 1.694915254237288,
        "Danesco Trading Ltd.": 3.389830508474576,
        "Dynadot Inc": 8.474576271186441,
        "Dynadot LLC": 10.169491525423728,
        "GoDaddy.com, LLC": 3.389830508474576,
        "HOSTINGER operations, UAB": 3.389830508474576,
        "Lucky Elephant Domains, LLC": 1.694915254237288,
        "Name.com, Inc.": 1.694915254237288,
        "NameCheap, Inc.": 15.254237288135593,
        "NameSilo, LLC": 22.033898305084747,
        "Namecheap": 6.779661016949152,
        "OVH": 1.694915254237288,
        "PDR Ltd. d/b/a PublicDomainRegistry.com": 6.779661016949152,
        "Porkbun": 1.694915254237288,
        "Porkbun, LLC": 1.694915254237288,
        "TLD Registrar Solutions Ltd.": 1.694915254237288,
        "Tucows Domains Inc.": 1.694915254237288,
        "VIRTUA DRUG Kutatási Szolgáltató Korlátolt Felelősségű Társaság": 3.389830508474576,
        "total": 100.0
    }
}