{
    "counter": {
        "101domain GRS Limited": 2,
        "Big Dipper Domains, LLC": 2,
        "CommuniGal Communication Ltd.": 4,
        "Danesco Trading Ltd.": 4,
        "Devexpanse Ltd": 2,
        "Domain Science Kutatási Szolgáltató Korlátolt Felelősségű Társaság": 2,
        "Dynadot Inc": 16,
        "Dynadot LLC": 10,
        "GMO Internet Group, Inc. d/b/a Onamae.com": 8,
        "Gandi SAS": 2,
        "GoDaddy.com, LLC": 4,
        "Gransy, s.r.o.": 2,
        "HOSTINGER operations, UAB": 4,
        "NAMECHEAP": 2,
        "NETIM SAS": 2,
        "NameCheap, Inc.": 24,
        "NameSilo, LLC": 50,
        "Namecheap": 4,
        "OVH": 2,
        "One.com": 2,
        "One.com A/S": 2,
        "PDR Ltd. d/b/a PublicDomainRegistry.com": 2,
        "Porkbun": 4,
        "Porkbun LLC": 2,
        "Sav.com, LLC - 46": 2,
        "Spaceship, Inc.": 6,
        "TLD Registrar Solutions Ltd.": 2,
        "Tucows Domains Inc.": 2,
        "TuringSign Inc. d/b/a Cosmotown": 2,
        "total": 172
    },
    "percentage": {
        "101domain GRS Limited": 1.1627906976744187,
        "Big Dipper Domains, LLC": 1.1627906976744187,
        "CommuniGal Communication Ltd.": 2.3255813953488373,
        "Danesco Trading Ltd.": 2.3255813953488373,
        "Devexpanse Ltd": 1.1627906976744187,
        "Domain Science Kutatási Szolgáltató Korlátolt Felelősségű Társaság": 1.1627906976744187,
        "Dynadot Inc": 9.30232558139535,
        "Dynadot LLC": 5.813953488372093,
        "GMO Internet Group, Inc. d/b/a Onamae.com": 4.651162790697675,
        "Gandi SAS": 1.1627906976744187,
        "GoDaddy.com, LLC": 2.3255813953488373,
        "Gransy, s.r.o.": 1.1627906976744187,
        "HOSTINGER operations, UAB": 2.3255813953488373,
        "NAMECHEAP": 1.1627906976744187,
        "NETIM SAS": 1.1627906976744187,
        "NameCheap, Inc.": 13.953488372093023,
        "NameSilo, LLC": 29.069767441860463,
        "Namecheap": 2.3255813953488373,
        "OVH": 1.1627906976744187,
        "One.com": 1.1627906976744187,
        "One.com A/S": 1.1627906976744187,
        "PDR Ltd. d/b/a PublicDomainRegistry.com": 1.1627906976744187,
        "Porkbun": 2.3255813953488373,
        "Porkbun LLC": 1.1627906976744187,
        "Sav.com, LLC - 46": 1.1627906976744187,
        "Spaceship, Inc.": 3.488372093023256,
        "TLD Registrar Solutions Ltd.": 1.1627906976744187,
        "Tucows Domains Inc.": 1.1627906976744187,
        "TuringSign Inc. d/b/a Cosmotown": 1.1627906976744187,
        "total": 100.0
    }
}