{
    "counter": {
        "101domain GRS Limited": 2,
        "Cloudflare, Inc.": 2,
        "CommuniGal Communication Ltd.": 14,
        "CoreRegistry 1": 2,
        "Danesco Trading Ltd.": 4,
        "Domain Science Kutatási Szolgáltató Korlátolt Felelősségű Társaság": 2,
        "Dynadot Inc": 12,
        "Dynadot LLC": 10,
        "GMO Internet Group, Inc. d/b/a Onamae.com": 8,
        "GMO Internet, Inc. d/b/a Onamae.com": 2,
        "Gandi SAS": 2,
        "GoDaddy.com, LLC": 4,
        "Gransy, s.r.o.": 2,
        "HOSTINGER operations, UAB": 4,
        "NAMECHEAP": 4,
        "NETIM SAS": 2,
        "NameCheap, Inc.": 22,
        "NameSilo, LLC": 20,
        "Namecheap": 6,
        "OVH": 2,
        "One.com": 2,
        "One.com A/S": 2,
        "PDR Ltd. d/b/a PublicDomainRegistry.com": 2,
        "Porkbun": 4,
        "Porkbun LLC": 2,
        "Spaceship, Inc.": 6,
        "TLD Registrar Solutions Ltd.": 2,
        "Tucows Domains Inc.": 2,
        "TuringSign Inc. d/b/a Cosmotown": 2,
        "total": 150
    },
    "percentage": {
        "101domain GRS Limited": 1.3333333333333333,
        "Cloudflare, Inc.": 1.3333333333333333,
        "CommuniGal Communication Ltd.": 9.333333333333334,
        "CoreRegistry 1": 1.3333333333333333,
        "Danesco Trading Ltd.": 2.6666666666666665,
        "Domain Science Kutatási Szolgáltató Korlátolt Felelősségű Társaság": 1.3333333333333333,
        "Dynadot Inc": 8.0,
        "Dynadot LLC": 6.666666666666667,
        "GMO Internet Group, Inc. d/b/a Onamae.com": 5.333333333333333,
        "GMO Internet, Inc. d/b/a Onamae.com": 1.3333333333333333,
        "Gandi SAS": 1.3333333333333333,
        "GoDaddy.com, LLC": 2.6666666666666665,
        "Gransy, s.r.o.": 1.3333333333333333,
        "HOSTINGER operations, UAB": 2.6666666666666665,
        "NAMECHEAP": 2.6666666666666665,
        "NETIM SAS": 1.3333333333333333,
        "NameCheap, Inc.": 14.666666666666666,
        "NameSilo, LLC": 13.333333333333334,
        "Namecheap": 4.0,
        "OVH": 1.3333333333333333,
        "One.com": 1.3333333333333333,
        "One.com A/S": 1.3333333333333333,
        "PDR Ltd. d/b/a PublicDomainRegistry.com": 1.3333333333333333,
        "Porkbun": 2.6666666666666665,
        "Porkbun LLC": 1.3333333333333333,
        "Spaceship, Inc.": 4.0,
        "TLD Registrar Solutions Ltd.": 1.3333333333333333,
        "Tucows Domains Inc.": 1.3333333333333333,
        "TuringSign Inc. d/b/a Cosmotown": 1.3333333333333333,
        "total": 100.0
    }
}