{
    "counter": {
        "Big Dipper Domains, LLC": 2,
        "Cloudflare, Inc.": 4,
        "CommuniGal Communication Ltd.": 32,
        "Danesco Trading Ltd.": 8,
        "Dynadot Inc": 18,
        "Dynadot LLC": 8,
        "GMO Internet Group, Inc. d/b/a Onamae.com": 20,
        "GMO Internet, Inc. d/b/a Onamae.com": 2,
        "Gandi SAS": 2,
        "GoDaddy.com, LLC": 4,
        "HOSTINGER operations, UAB": 4,
        "NAMECHEAP": 4,
        "NETIM SAS": 2,
        "NETIM.com": 2,
        "NameCheap, Inc.": 22,
        "NameSilo, LLC": 20,
        "Namecheap": 8,
        "Nicnames, Inc.": 2,
        "OVH": 2,
        "One.com": 2,
        "One.com A/S": 2,
        "PDR Ltd. d/b/a PublicDomainRegistry.com": 4,
        "Porkbun": 2,
        "Porkbun LLC": 2,
        "Sav.com LLC": 2,
        "Spaceship, Inc.": 4,
        "TLD Registrar Solutions Ltd.": 2,
        "Tucows Domains Inc.": 2,
        "TuringSign Inc. d/b/a Cosmotown": 2,
        "VIRTUA DRUG Kutatási Szolgáltató Korlátolt Felelősségű Társaság": 2,
        "West263 International Limited": 36,
        "total": 228
    },
    "percentage": {
        "Big Dipper Domains, LLC": 0.8771929824561403,
        "Cloudflare, Inc.": 1.7543859649122806,
        "CommuniGal Communication Ltd.": 14.035087719298245,
        "Danesco Trading Ltd.": 3.508771929824561,
        "Dynadot Inc": 7.894736842105263,
        "Dynadot LLC": 3.508771929824561,
        "GMO Internet Group, Inc. d/b/a Onamae.com": 8.771929824561404,
        "GMO Internet, Inc. d/b/a Onamae.com": 0.8771929824561403,
        "Gandi SAS": 0.8771929824561403,
        "GoDaddy.com, LLC": 1.7543859649122806,
        "HOSTINGER operations, UAB": 1.7543859649122806,
        "NAMECHEAP": 1.7543859649122806,
        "NETIM SAS": 0.8771929824561403,
        "NETIM.com": 0.8771929824561403,
        "NameCheap, Inc.": 9.649122807017545,
        "NameSilo, LLC": 8.771929824561404,
        "Namecheap": 3.508771929824561,
        "Nicnames, Inc.": 0.8771929824561403,
        "OVH": 0.8771929824561403,
        "One.com": 0.8771929824561403,
        "One.com A/S": 0.8771929824561403,
        "PDR Ltd. d/b/a PublicDomainRegistry.com": 1.7543859649122806,
        "Porkbun": 0.8771929824561403,
        "Porkbun LLC": 0.8771929824561403,
        "Sav.com LLC": 0.8771929824561403,
        "Spaceship, Inc.": 1.7543859649122806,
        "TLD Registrar Solutions Ltd.": 0.8771929824561403,
        "Tucows Domains Inc.": 0.8771929824561403,
        "TuringSign Inc. d/b/a Cosmotown": 0.8771929824561403,
        "VIRTUA DRUG Kutatási Szolgáltató Korlátolt Felelősségű Társaság": 0.8771929824561403,
        "West263 International Limited": 15.789473684210526,
        "total": 100.0
    }
}