{
    "counter": {
        "Atak Domain Bilgi Teknolojileri A.Ş.": 2,
        "Big Dipper Domains, LLC": 2,
        "CommuniGal Communication Ltd.": 4,
        "Communigal Communications Ltd": 22,
        "Danesco Trading Ltd.": 6,
        "Dynadot Inc": 14,
        "Dynadot LLC": 14,
        "GMO Internet Group, Inc. d/b/a Onamae.com": 18,
        "GoDaddy.com, LLC": 4,
        "HOSTINGER operations, UAB": 4,
        "NAMECHEAP": 2,
        "NETIM.com": 2,
        "Name.com, Inc.": 2,
        "NameCheap, Inc.": 16,
        "NameSilo, LLC": 18,
        "Namecheap": 4,
        "Nicnames, Inc.": 2,
        "OVH": 2,
        "PDR Ltd. d/b/a PublicDomainRegistry.com": 4,
        "Porkbun, LLC": 2,
        "Spaceship, Inc.": 4,
        "TLD Registrar Solutions Ltd.": 2,
        "Tucows Domains Inc.": 2,
        "VIRTUA DRUG Kutatási Szolgáltató Korlátolt Felelősségű Társaság": 2,
        "West263 International Limited": 38,
        "total": 192
    },
    "percentage": {
        "Atak Domain Bilgi Teknolojileri A.Ş.": 1.0416666666666667,
        "Big Dipper Domains, LLC": 1.0416666666666667,
        "CommuniGal Communication Ltd.": 2.0833333333333335,
        "Communigal Communications Ltd": 11.458333333333334,
        "Danesco Trading Ltd.": 3.125,
        "Dynadot Inc": 7.291666666666667,
        "Dynadot LLC": 7.291666666666667,
        "GMO Internet Group, Inc. d/b/a Onamae.com": 9.375,
        "GoDaddy.com, LLC": 2.0833333333333335,
        "HOSTINGER operations, UAB": 2.0833333333333335,
        "NAMECHEAP": 1.0416666666666667,
        "NETIM.com": 1.0416666666666667,
        "Name.com, Inc.": 1.0416666666666667,
        "NameCheap, Inc.": 8.333333333333334,
        "NameSilo, LLC": 9.375,
        "Namecheap": 2.0833333333333335,
        "Nicnames, Inc.": 1.0416666666666667,
        "OVH": 1.0416666666666667,
        "PDR Ltd. d/b/a PublicDomainRegistry.com": 2.0833333333333335,
        "Porkbun, LLC": 1.0416666666666667,
        "Spaceship, Inc.": 2.0833333333333335,
        "TLD Registrar Solutions Ltd.": 1.0416666666666667,
        "Tucows Domains Inc.": 1.0416666666666667,
        "VIRTUA DRUG Kutatási Szolgáltató Korlátolt Felelősségű Társaság": 1.0416666666666667,
        "West263 International Limited": 19.791666666666668,
        "total": 100.0
    }
}