{
    "counter": {
        "Atak Domain Bilgi Teknolojileri A.Ş.": 2,
        "Big Dipper Domains, LLC": 2,
        "Cloudflare, Inc.": 4,
        "CommuniGal Communication Ltd.": 32,
        "Danesco Trading Ltd.": 8,
        "Dynadot Inc": 16,
        "Dynadot LLC": 8,
        "GMO Internet Group, Inc. d/b/a Onamae.com": 20,
        "GMO Internet, Inc. d/b/a Onamae.com": 2,
        "GoDaddy.com, LLC": 4,
        "HOSTINGER operations, UAB": 4,
        "NAMECHEAP": 2,
        "NETIM SAS": 2,
        "NETIM.com": 2,
        "NameCheap, Inc.": 18,
        "NameSilo, LLC": 20,
        "Namecheap": 10,
        "Nicnames, Inc.": 2,
        "OVH": 2,
        "One.com": 2,
        "One.com A/S": 2,
        "PDR Ltd. d/b/a PublicDomainRegistry.com": 4,
        "Porkbun": 4,
        "Porkbun LLC": 2,
        "Porkbun, LLC": 2,
        "Spaceship, Inc.": 4,
        "TLD Registrar Solutions Ltd.": 2,
        "Tucows Domains Inc.": 2,
        "TuringSign Inc. d/b/a Cosmotown": 2,
        "VIRTUA DRUG Kutatási Szolgáltató Korlátolt Felelősségű Társaság": 2,
        "West263 International Limited": 36,
        "total": 224
    },
    "percentage": {
        "Atak Domain Bilgi Teknolojileri A.Ş.": 0.8928571428571429,
        "Big Dipper Domains, LLC": 0.8928571428571429,
        "Cloudflare, Inc.": 1.7857142857142858,
        "CommuniGal Communication Ltd.": 14.285714285714286,
        "Danesco Trading Ltd.": 3.5714285714285716,
        "Dynadot Inc": 7.142857142857143,
        "Dynadot LLC": 3.5714285714285716,
        "GMO Internet Group, Inc. d/b/a Onamae.com": 8.928571428571429,
        "GMO Internet, Inc. d/b/a Onamae.com": 0.8928571428571429,
        "GoDaddy.com, LLC": 1.7857142857142858,
        "HOSTINGER operations, UAB": 1.7857142857142858,
        "NAMECHEAP": 0.8928571428571429,
        "NETIM SAS": 0.8928571428571429,
        "NETIM.com": 0.8928571428571429,
        "NameCheap, Inc.": 8.035714285714286,
        "NameSilo, LLC": 8.928571428571429,
        "Namecheap": 4.464285714285714,
        "Nicnames, Inc.": 0.8928571428571429,
        "OVH": 0.8928571428571429,
        "One.com": 0.8928571428571429,
        "One.com A/S": 0.8928571428571429,
        "PDR Ltd. d/b/a PublicDomainRegistry.com": 1.7857142857142858,
        "Porkbun": 1.7857142857142858,
        "Porkbun LLC": 0.8928571428571429,
        "Porkbun, LLC": 0.8928571428571429,
        "Spaceship, Inc.": 1.7857142857142858,
        "TLD Registrar Solutions Ltd.": 0.8928571428571429,
        "Tucows Domains Inc.": 0.8928571428571429,
        "TuringSign Inc. d/b/a Cosmotown": 0.8928571428571429,
        "VIRTUA DRUG Kutatási Szolgáltató Korlátolt Felelősségű Társaság": 0.8928571428571429,
        "West263 International Limited": 16.071428571428573,
        "total": 100.0
    }
}