{
    "counter": {
        "Atak Domain Bilgi Teknolojileri A.Ş.": 2,
        "Danesco Trading Ltd.": 4,
        "Dynadot Inc": 14,
        "Dynadot LLC": 12,
        "GoDaddy.com, LLC": 2,
        "HOSTINGER operations, UAB": 4,
        "Lucky Elephant Domains, LLC": 2,
        "Name.com, Inc.": 2,
        "NameCheap, Inc.": 20,
        "NameSilo, LLC": 30,
        "Namecheap": 8,
        "OVH": 2,
        "PDR Ltd. d/b/a PublicDomainRegistry.com": 8,
        "Porkbun, LLC": 2,
        "TLD Registrar Solutions Ltd.": 2,
        "Tucows Domains Inc.": 2,
        "VIRTUA DRUG Kutatási Szolgáltató Korlátolt Felelősségű Társaság": 2,
        "total": 118
    },
    "percentage": {
        "Atak Domain Bilgi Teknolojileri A.Ş.": 1.694915254237288,
        "Danesco Trading Ltd.": 3.389830508474576,
        "Dynadot Inc": 11.864406779661017,
        "Dynadot LLC": 10.169491525423728,
        "GoDaddy.com, LLC": 1.694915254237288,
        "HOSTINGER operations, UAB": 3.389830508474576,
        "Lucky Elephant Domains, LLC": 1.694915254237288,
        "Name.com, Inc.": 1.694915254237288,
        "NameCheap, Inc.": 16.949152542372882,
        "NameSilo, LLC": 25.423728813559322,
        "Namecheap": 6.779661016949152,
        "OVH": 1.694915254237288,
        "PDR Ltd. d/b/a PublicDomainRegistry.com": 6.779661016949152,
        "Porkbun, LLC": 1.694915254237288,
        "TLD Registrar Solutions Ltd.": 1.694915254237288,
        "Tucows Domains Inc.": 1.694915254237288,
        "VIRTUA DRUG Kutatási Szolgáltató Korlátolt Felelősségű Társaság": 1.694915254237288,
        "total": 100.0
    }
}