{
    "counter": {
        "Alibaba Cloud Computing Ltd. d/b/a HiChina (www.net.cn)": 148,
        "Communigal Communications Ltd": 12,
        "Danesco Trading Ltd.": 2,
        "Dynadot Inc": 6,
        "Dynadot LLC": 16,
        "GMO Internet Group, Inc. d/b/a Onamae.com": 4,
        "GMO Internet, Inc. d/b/a Onamae.com": 2,
        "Gname.com Pte. Ltd.": 6,
        "Go Daddy, LLC": 4,
        "GoDaddy.com, LLC": 4,
        "NameCheap, Inc.": 6,
        "NameSilo, LLC": 4,
        "Namecheap": 6,
        "Openprovider": 2,
        "PDR Ltd. d/b/a PublicDomainRegistry.com": 2,
        "Porkbun": 2,
        "Sav.com, LLC": 2,
        "Spaceship, Inc.": 2,
        "Tucows Domains Inc.": 2,
        "Virtualia LLC": 2,
        "West263 International Limited": 12,
        "White Rhino Domains, LLC": 2,
        "total": 248
    },
    "percentage": {
        "Alibaba Cloud Computing Ltd. d/b/a HiChina (www.net.cn)": 59.67741935483871,
        "Communigal Communications Ltd": 4.838709677419355,
        "Danesco Trading Ltd.": 0.8064516129032258,
        "Dynadot Inc": 2.4193548387096775,
        "Dynadot LLC": 6.451612903225806,
        "GMO Internet Group, Inc. d/b/a Onamae.com": 1.6129032258064515,
        "GMO Internet, Inc. d/b/a Onamae.com": 0.8064516129032258,
        "Gname.com Pte. Ltd.": 2.4193548387096775,
        "Go Daddy, LLC": 1.6129032258064515,
        "GoDaddy.com, LLC": 1.6129032258064515,
        "NameCheap, Inc.": 2.4193548387096775,
        "NameSilo, LLC": 1.6129032258064515,
        "Namecheap": 2.4193548387096775,
        "Openprovider": 0.8064516129032258,
        "PDR Ltd. d/b/a PublicDomainRegistry.com": 0.8064516129032258,
        "Porkbun": 0.8064516129032258,
        "Sav.com, LLC": 0.8064516129032258,
        "Spaceship, Inc.": 0.8064516129032258,
        "Tucows Domains Inc.": 0.8064516129032258,
        "Virtualia LLC": 0.8064516129032258,
        "West263 International Limited": 4.838709677419355,
        "White Rhino Domains, LLC": 0.8064516129032258,
        "total": 100.0
    }
}