{
    "counter": {
        "Alibaba Cloud Computing Ltd. d/b/a HiChina (www.net.cn)": 160,
        "CHENGDU WEST DIMENSION DIGITAL TECHNOLOGY CO., LTD.": 2,
        "Communigal Communications Ltd": 14,
        "Danesco Trading Ltd.": 2,
        "Dynadot Inc": 6,
        "Dynadot LLC": 16,
        "GMO Internet Group, Inc. d/b/a Onamae.com": 2,
        "GMO Internet, Inc. d/b/a Onamae.com": 2,
        "Gname.com Pte. Ltd.": 6,
        "Go Daddy, LLC": 4,
        "GoDaddy.com, LLC": 6,
        "Name.com, Inc.": 2,
        "NameCheap, Inc.": 8,
        "NameSilo, LLC": 6,
        "Namecheap": 12,
        "Openprovider": 2,
        "PDR Ltd. d/b/a PublicDomainRegistry.com": 2,
        "Porkbun": 2,
        "Sav.com, LLC": 2,
        "Sav.com, LLC - 45": 2,
        "Spaceship, Inc.": 2,
        "Tucows Domains Inc.": 2,
        "West263 International Limited": 12,
        "White Rhino Domains, LLC": 2,
        "total": 276
    },
    "percentage": {
        "Alibaba Cloud Computing Ltd. d/b/a HiChina (www.net.cn)": 57.971014492753625,
        "CHENGDU WEST DIMENSION DIGITAL TECHNOLOGY CO., LTD.": 0.7246376811594203,
        "Communigal Communications Ltd": 5.072463768115942,
        "Danesco Trading Ltd.": 0.7246376811594203,
        "Dynadot Inc": 2.1739130434782608,
        "Dynadot LLC": 5.797101449275362,
        "GMO Internet Group, Inc. d/b/a Onamae.com": 0.7246376811594203,
        "GMO Internet, Inc. d/b/a Onamae.com": 0.7246376811594203,
        "Gname.com Pte. Ltd.": 2.1739130434782608,
        "Go Daddy, LLC": 1.4492753623188406,
        "GoDaddy.com, LLC": 2.1739130434782608,
        "Name.com, Inc.": 0.7246376811594203,
        "NameCheap, Inc.": 2.898550724637681,
        "NameSilo, LLC": 2.1739130434782608,
        "Namecheap": 4.3478260869565215,
        "Openprovider": 0.7246376811594203,
        "PDR Ltd. d/b/a PublicDomainRegistry.com": 0.7246376811594203,
        "Porkbun": 0.7246376811594203,
        "Sav.com, LLC": 0.7246376811594203,
        "Sav.com, LLC - 45": 0.7246376811594203,
        "Spaceship, Inc.": 0.7246376811594203,
        "Tucows Domains Inc.": 0.7246376811594203,
        "West263 International Limited": 4.3478260869565215,
        "White Rhino Domains, LLC": 0.7246376811594203,
        "total": 100.0
    }
}