{
    "counter": {
        "Alibaba Cloud Computing Ltd. d/b/a HiChina (www.net.cn)": 32,
        "CHENGDU WEST DIMENSION DIGITAL TECHNOLOGY CO., LTD.": 2,
        "Chengdu West Dimension Digital Technology Co., Ltd.": 2,
        "CommuniGal Communication Ltd.": 2,
        "Communigal Communications Ltd": 10,
        "Danesco Trading Ltd.": 2,
        "Dynadot Inc": 8,
        "Dynadot LLC": 12,
        "Gname.com Pte. Ltd.": 4,
        "Go Daddy, LLC": 4,
        "GoDaddy.com, LLC": 10,
        "NameCheap, Inc.": 10,
        "NameSilo, LLC": 16,
        "Namecheap": 16,
        "Names Stop Here LLC": 2,
        "OVH": 2,
        "Porkbun": 4,
        "Sav.com, LLC- 6": 2,
        "TLD Registrar Solutions Ltd.": 2,
        "Tucows Domains Inc.": 2,
        "VIRTUA DRUG Kutatási Szolgáltató Korlátolt Felelősségű Társaság": 2,
        "West263 International Limited": 18,
        "total": 164
    },
    "percentage": {
        "Alibaba Cloud Computing Ltd. d/b/a HiChina (www.net.cn)": 19.51219512195122,
        "CHENGDU WEST DIMENSION DIGITAL TECHNOLOGY CO., LTD.": 1.2195121951219512,
        "Chengdu West Dimension Digital Technology Co., Ltd.": 1.2195121951219512,
        "CommuniGal Communication Ltd.": 1.2195121951219512,
        "Communigal Communications Ltd": 6.097560975609756,
        "Danesco Trading Ltd.": 1.2195121951219512,
        "Dynadot Inc": 4.878048780487805,
        "Dynadot LLC": 7.317073170731708,
        "Gname.com Pte. Ltd.": 2.4390243902439024,
        "Go Daddy, LLC": 2.4390243902439024,
        "GoDaddy.com, LLC": 6.097560975609756,
        "NameCheap, Inc.": 6.097560975609756,
        "NameSilo, LLC": 9.75609756097561,
        "Namecheap": 9.75609756097561,
        "Names Stop Here LLC": 1.2195121951219512,
        "OVH": 1.2195121951219512,
        "Porkbun": 2.4390243902439024,
        "Sav.com, LLC- 6": 1.2195121951219512,
        "TLD Registrar Solutions Ltd.": 1.2195121951219512,
        "Tucows Domains Inc.": 1.2195121951219512,
        "VIRTUA DRUG Kutatási Szolgáltató Korlátolt Felelősségű Társaság": 1.2195121951219512,
        "West263 International Limited": 10.975609756097562,
        "total": 100.0
    }
}