{
    "counter": {
        "Alibaba Cloud Computing Ltd. d/b/a HiChina (www.net.cn)": 4,
        "CHENGDU WEST DIMENSION DIGITAL TECHNOLOGY CO., LTD.": 2,
        "Chengdu West Dimension Digital Technology Co., Ltd.": 2,
        "CommuniGal Communication Ltd.": 2,
        "Communigal Communications Ltd": 10,
        "Danesco Trading Ltd.": 2,
        "Dynadot Inc": 6,
        "Dynadot LLC": 14,
        "GMO Internet Group, Inc. d/b/a Onamae.com": 2,
        "Gname.com Pte. Ltd.": 4,
        "GoDaddy.com, LLC": 12,
        "Name.com, Inc.": 2,
        "NameCheap, Inc.": 12,
        "NameSilo, LLC": 10,
        "Namecheap": 16,
        "Names Stop Here LLC": 2,
        "OVH": 2,
        "Porkbun": 4,
        "Porkbun, LLC": 2,
        "Sav.com, LLC- 6": 2,
        "TLD Registrar Solutions Ltd.": 2,
        "Tucows Domains Inc.": 2,
        "VIRTUA DRUG Kutatási Szolgáltató Korlátolt Felelősségű Társaság": 2,
        "West263 International Limited": 6,
        "total": 124
    },
    "percentage": {
        "Alibaba Cloud Computing Ltd. d/b/a HiChina (www.net.cn)": 3.225806451612903,
        "CHENGDU WEST DIMENSION DIGITAL TECHNOLOGY CO., LTD.": 1.6129032258064515,
        "Chengdu West Dimension Digital Technology Co., Ltd.": 1.6129032258064515,
        "CommuniGal Communication Ltd.": 1.6129032258064515,
        "Communigal Communications Ltd": 8.064516129032258,
        "Danesco Trading Ltd.": 1.6129032258064515,
        "Dynadot Inc": 4.838709677419355,
        "Dynadot LLC": 11.290322580645162,
        "GMO Internet Group, Inc. d/b/a Onamae.com": 1.6129032258064515,
        "Gname.com Pte. Ltd.": 3.225806451612903,
        "GoDaddy.com, LLC": 9.67741935483871,
        "Name.com, Inc.": 1.6129032258064515,
        "NameCheap, Inc.": 9.67741935483871,
        "NameSilo, LLC": 8.064516129032258,
        "Namecheap": 12.903225806451612,
        "Names Stop Here LLC": 1.6129032258064515,
        "OVH": 1.6129032258064515,
        "Porkbun": 3.225806451612903,
        "Porkbun, LLC": 1.6129032258064515,
        "Sav.com, LLC- 6": 1.6129032258064515,
        "TLD Registrar Solutions Ltd.": 1.6129032258064515,
        "Tucows Domains Inc.": 1.6129032258064515,
        "VIRTUA DRUG Kutatási Szolgáltató Korlátolt Felelősségű Társaság": 1.6129032258064515,
        "West263 International Limited": 4.838709677419355,
        "total": 100.0
    }
}