{
    "counter": {
        "Atak Domain Bilgi Teknolojileri A.Ş.": 2,
        "CommuniGal Communication Ltd.": 2,
        "Danesco Trading Ltd.": 4,
        "Dynadot Inc": 14,
        "Dynadot LLC": 10,
        "GoDaddy.com, LLC": 4,
        "HOSTINGER operations, UAB": 4,
        "Hosting Concepts B.V. d/b/a Registrar.eu": 2,
        "Lucky Elephant Domains, LLC": 2,
        "Name.com, Inc.": 2,
        "NameCheap, Inc.": 20,
        "NameSilo, LLC": 84,
        "Namecheap": 8,
        "OVH": 2,
        "PDR Ltd. d/b/a PublicDomainRegistry.com": 8,
        "Sav.com, LLC - 32": 2,
        "Sav.com, LLC - 46": 2,
        "Sav.com, LLC- 6": 2,
        "TLD Registrar Solutions Ltd.": 2,
        "Tucows Domains Inc.": 2,
        "VIRTUA DRUG Kutatási Szolgáltató Korlátolt Felelősségű Társaság": 4,
        "total": 182
    },
    "percentage": {
        "Atak Domain Bilgi Teknolojileri A.Ş.": 1.098901098901099,
        "CommuniGal Communication Ltd.": 1.098901098901099,
        "Danesco Trading Ltd.": 2.197802197802198,
        "Dynadot Inc": 7.6923076923076925,
        "Dynadot LLC": 5.4945054945054945,
        "GoDaddy.com, LLC": 2.197802197802198,
        "HOSTINGER operations, UAB": 2.197802197802198,
        "Hosting Concepts B.V. d/b/a Registrar.eu": 1.098901098901099,
        "Lucky Elephant Domains, LLC": 1.098901098901099,
        "Name.com, Inc.": 1.098901098901099,
        "NameCheap, Inc.": 10.989010989010989,
        "NameSilo, LLC": 46.15384615384615,
        "Namecheap": 4.395604395604396,
        "OVH": 1.098901098901099,
        "PDR Ltd. d/b/a PublicDomainRegistry.com": 4.395604395604396,
        "Sav.com, LLC - 32": 1.098901098901099,
        "Sav.com, LLC - 46": 1.098901098901099,
        "Sav.com, LLC- 6": 1.098901098901099,
        "TLD Registrar Solutions Ltd.": 1.098901098901099,
        "Tucows Domains Inc.": 1.098901098901099,
        "VIRTUA DRUG Kutatási Szolgáltató Korlátolt Felelősségű Társaság": 2.197802197802198,
        "total": 100.0
    }
}