{
    "counter": {
        "Atak Domain Bilgi Teknolojileri A.Ş.": 2,
        "CommuniGal Communication Ltd.": 2,
        "Communigal Communications Ltd": 6,
        "Danesco Trading Ltd.": 4,
        "Dynadot Inc": 12,
        "Dynadot LLC": 18,
        "GMO Internet Group, Inc. d/b/a Onamae.com": 12,
        "GoDaddy.com, LLC": 8,
        "HOSTINGER operations, UAB": 4,
        "Lucky Elephant Domains, LLC": 2,
        "NAMECHEAP": 2,
        "NETIM.com": 2,
        "Name.com, Inc.": 2,
        "NameCheap, Inc.": 16,
        "NameSilo, LLC": 148,
        "Namecheap": 6,
        "Nicnames, Inc.": 2,
        "OVH": 2,
        "PDR Ltd. d/b/a PublicDomainRegistry.com": 4,
        "Porkbun": 2,
        "Porkbun, LLC": 2,
        "Spaceship, Inc.": 4,
        "TLD Registrar Solutions Ltd.": 2,
        "Tucows Domains Inc.": 2,
        "VIRTUA DRUG Kutatási Szolgáltató Korlátolt Felelősségű Társaság": 4,
        "West263 International Limited": 2,
        "total": 272
    },
    "percentage": {
        "Atak Domain Bilgi Teknolojileri A.Ş.": 0.7352941176470589,
        "CommuniGal Communication Ltd.": 0.7352941176470589,
        "Communigal Communications Ltd": 2.2058823529411766,
        "Danesco Trading Ltd.": 1.4705882352941178,
        "Dynadot Inc": 4.411764705882353,
        "Dynadot LLC": 6.617647058823529,
        "GMO Internet Group, Inc. d/b/a Onamae.com": 4.411764705882353,
        "GoDaddy.com, LLC": 2.9411764705882355,
        "HOSTINGER operations, UAB": 1.4705882352941178,
        "Lucky Elephant Domains, LLC": 0.7352941176470589,
        "NAMECHEAP": 0.7352941176470589,
        "NETIM.com": 0.7352941176470589,
        "Name.com, Inc.": 0.7352941176470589,
        "NameCheap, Inc.": 5.882352941176471,
        "NameSilo, LLC": 54.411764705882355,
        "Namecheap": 2.2058823529411766,
        "Nicnames, Inc.": 0.7352941176470589,
        "OVH": 0.7352941176470589,
        "PDR Ltd. d/b/a PublicDomainRegistry.com": 1.4705882352941178,
        "Porkbun": 0.7352941176470589,
        "Porkbun, LLC": 0.7352941176470589,
        "Spaceship, Inc.": 1.4705882352941178,
        "TLD Registrar Solutions Ltd.": 0.7352941176470589,
        "Tucows Domains Inc.": 0.7352941176470589,
        "VIRTUA DRUG Kutatási Szolgáltató Korlátolt Felelősségű Társaság": 1.4705882352941178,
        "West263 International Limited": 0.7352941176470589,
        "total": 100.0
    }
}