{
    "counter": {
        "Alibaba Cloud Computing Ltd. d/b/a HiChina (www.net.cn)": 160,
        "Chengdu West Dimension Digital Technology Co., Ltd.": 2,
        "CommuniGal Communication Ltd.": 2,
        "Communigal Communications Ltd": 14,
        "Danesco Trading Ltd.": 2,
        "Dynadot Inc": 6,
        "Dynadot LLC": 20,
        "Gname.com Pte. Ltd.": 4,
        "Go Daddy, LLC": 2,
        "GoDaddy.com, LLC": 10,
        "Name.com, Inc.": 2,
        "NameCheap, Inc.": 2,
        "NameSilo, LLC": 8,
        "Namecheap": 14,
        "Porkbun": 4,
        "Sav.com, LLC- 6": 2,
        "Tucows Domains Inc.": 2,
        "West263 International Limited": 14,
        "total": 270
    },
    "percentage": {
        "Alibaba Cloud Computing Ltd. d/b/a HiChina (www.net.cn)": 59.25925925925926,
        "Chengdu West Dimension Digital Technology Co., Ltd.": 0.7407407407407407,
        "CommuniGal Communication Ltd.": 0.7407407407407407,
        "Communigal Communications Ltd": 5.185185185185185,
        "Danesco Trading Ltd.": 0.7407407407407407,
        "Dynadot Inc": 2.2222222222222223,
        "Dynadot LLC": 7.407407407407407,
        "Gname.com Pte. Ltd.": 1.4814814814814814,
        "Go Daddy, LLC": 0.7407407407407407,
        "GoDaddy.com, LLC": 3.7037037037037037,
        "Name.com, Inc.": 0.7407407407407407,
        "NameCheap, Inc.": 0.7407407407407407,
        "NameSilo, LLC": 2.962962962962963,
        "Namecheap": 5.185185185185185,
        "Porkbun": 1.4814814814814814,
        "Sav.com, LLC- 6": 0.7407407407407407,
        "Tucows Domains Inc.": 0.7407407407407407,
        "West263 International Limited": 5.185185185185185,
        "total": 100.0
    }
}