{
    "counter": {
        "101domain GRS Limited": 2,
        "Big Dipper Domains, LLC": 2,
        "Chengdu West Dimension Digital Technology Co., Ltd.": 2,
        "CommuniGal Communication Ltd.": 8,
        "Danesco Trading Ltd.": 4,
        "Devexpanse Ltd": 2,
        "Domain Science Kutatási Szolgáltató Korlátolt Felelősségű Társaság": 2,
        "Dynadot Inc": 24,
        "Dynadot LLC": 10,
        "GMO Internet Group, Inc. d/b/a Onamae.com": 14,
        "Gandi SAS": 4,
        "GoDaddy.com, LLC": 4,
        "Gransy, s.r.o.": 2,
        "HOSTINGER operations, UAB": 4,
        "NAMECHEAP": 2,
        "NETIM SAS": 2,
        "NameCheap, Inc.": 26,
        "NameSilo, LLC": 56,
        "Namecheap": 4,
        "OVH": 2,
        "One.com": 2,
        "One.com A/S": 2,
        "PDR Ltd. d/b/a PublicDomainRegistry.com": 4,
        "Porkbun": 6,
        "Porkbun LLC": 4,
        "Sav.com, LLC - 32": 2,
        "Sav.com, LLC - 46": 2,
        "Spaceship, Inc.": 6,
        "TLD Registrar Solutions Ltd.": 2,
        "Tucows Domains Inc.": 2,
        "TuringSign Inc. d/b/a Cosmotown": 2,
        "total": 210
    },
    "percentage": {
        "101domain GRS Limited": 0.9523809523809523,
        "Big Dipper Domains, LLC": 0.9523809523809523,
        "Chengdu West Dimension Digital Technology Co., Ltd.": 0.9523809523809523,
        "CommuniGal Communication Ltd.": 3.8095238095238093,
        "Danesco Trading Ltd.": 1.9047619047619047,
        "Devexpanse Ltd": 0.9523809523809523,
        "Domain Science Kutatási Szolgáltató Korlátolt Felelősségű Társaság": 0.9523809523809523,
        "Dynadot Inc": 11.428571428571429,
        "Dynadot LLC": 4.761904761904762,
        "GMO Internet Group, Inc. d/b/a Onamae.com": 6.666666666666667,
        "Gandi SAS": 1.9047619047619047,
        "GoDaddy.com, LLC": 1.9047619047619047,
        "Gransy, s.r.o.": 0.9523809523809523,
        "HOSTINGER operations, UAB": 1.9047619047619047,
        "NAMECHEAP": 0.9523809523809523,
        "NETIM SAS": 0.9523809523809523,
        "NameCheap, Inc.": 12.380952380952381,
        "NameSilo, LLC": 26.666666666666668,
        "Namecheap": 1.9047619047619047,
        "OVH": 0.9523809523809523,
        "One.com": 0.9523809523809523,
        "One.com A/S": 0.9523809523809523,
        "PDR Ltd. d/b/a PublicDomainRegistry.com": 1.9047619047619047,
        "Porkbun": 2.857142857142857,
        "Porkbun LLC": 1.9047619047619047,
        "Sav.com, LLC - 32": 0.9523809523809523,
        "Sav.com, LLC - 46": 0.9523809523809523,
        "Spaceship, Inc.": 2.857142857142857,
        "TLD Registrar Solutions Ltd.": 0.9523809523809523,
        "Tucows Domains Inc.": 0.9523809523809523,
        "TuringSign Inc. d/b/a Cosmotown": 0.9523809523809523,
        "total": 100.0
    }
}