{
    "counter": {
        "Atak Domain Bilgi Teknolojileri A.Ş.": 2,
        "CommuniGal Communication Ltd.": 2,
        "Danesco Trading Ltd.": 4,
        "Dynadot Inc": 14,
        "Dynadot LLC": 10,
        "GoDaddy.com, LLC": 6,
        "HOSTINGER operations, UAB": 4,
        "Hosting Concepts B.V. d/b/a Registrar.eu": 2,
        "Lucky Elephant Domains, LLC": 2,
        "NAMECHEAP": 2,
        "NameCheap, Inc.": 22,
        "NameSilo, LLC": 156,
        "Namecheap": 8,
        "OVH": 2,
        "PDR Ltd. d/b/a PublicDomainRegistry.com": 8,
        "Porkbun": 2,
        "Sav.com, LLC - 32": 2,
        "Sav.com, LLC - 46": 2,
        "Sav.com, LLC- 6": 2,
        "TLD Registrar Solutions Ltd.": 2,
        "Tucows Domains Inc.": 2,
        "VIRTUA DRUG Kutatási Szolgáltató Korlátolt Felelősségű Társaság": 4,
        "total": 260
    },
    "percentage": {
        "Atak Domain Bilgi Teknolojileri A.Ş.": 0.7692307692307693,
        "CommuniGal Communication Ltd.": 0.7692307692307693,
        "Danesco Trading Ltd.": 1.5384615384615385,
        "Dynadot Inc": 5.384615384615385,
        "Dynadot LLC": 3.8461538461538463,
        "GoDaddy.com, LLC": 2.3076923076923075,
        "HOSTINGER operations, UAB": 1.5384615384615385,
        "Hosting Concepts B.V. d/b/a Registrar.eu": 0.7692307692307693,
        "Lucky Elephant Domains, LLC": 0.7692307692307693,
        "NAMECHEAP": 0.7692307692307693,
        "NameCheap, Inc.": 8.461538461538462,
        "NameSilo, LLC": 60.0,
        "Namecheap": 3.076923076923077,
        "OVH": 0.7692307692307693,
        "PDR Ltd. d/b/a PublicDomainRegistry.com": 3.076923076923077,
        "Porkbun": 0.7692307692307693,
        "Sav.com, LLC - 32": 0.7692307692307693,
        "Sav.com, LLC - 46": 0.7692307692307693,
        "Sav.com, LLC- 6": 0.7692307692307693,
        "TLD Registrar Solutions Ltd.": 0.7692307692307693,
        "Tucows Domains Inc.": 0.7692307692307693,
        "VIRTUA DRUG Kutatási Szolgáltató Korlátolt Felelősségű Társaság": 1.5384615384615385,
        "total": 100.0
    }
}