{
    "counter": {
        "CHENGDU WEST DIMENSION DIGITAL TECHNOLOGY CO., LTD.": 2,
        "Communigal Communications Ltd": 6,
        "Danesco Trading Ltd.": 4,
        "Dynadot Inc": 6,
        "Dynadot LLC": 16,
        "GoDaddy.com, LLC": 8,
        "HOSTINGER operations, UAB": 4,
        "Name.com, Inc.": 2,
        "NameCheap, Inc.": 16,
        "NameSilo, LLC": 12,
        "Namecheap": 8,
        "Names Stop Here LLC": 2,
        "OVH": 2,
        "PDR Ltd. d/b/a PublicDomainRegistry.com": 6,
        "Porkbun": 2,
        "Porkbun, LLC": 2,
        "TLD Registrar Solutions Ltd.": 2,
        "Tucows Domains Inc.": 2,
        "VIRTUA DRUG Kutatási Szolgáltató Korlátolt Felelősségű Társaság": 2,
        "West263 International Limited": 4,
        "total": 108
    },
    "percentage": {
        "CHENGDU WEST DIMENSION DIGITAL TECHNOLOGY CO., LTD.": 1.8518518518518519,
        "Communigal Communications Ltd": 5.555555555555555,
        "Danesco Trading Ltd.": 3.7037037037037037,
        "Dynadot Inc": 5.555555555555555,
        "Dynadot LLC": 14.814814814814815,
        "GoDaddy.com, LLC": 7.407407407407407,
        "HOSTINGER operations, UAB": 3.7037037037037037,
        "Name.com, Inc.": 1.8518518518518519,
        "NameCheap, Inc.": 14.814814814814815,
        "NameSilo, LLC": 11.11111111111111,
        "Namecheap": 7.407407407407407,
        "Names Stop Here LLC": 1.8518518518518519,
        "OVH": 1.8518518518518519,
        "PDR Ltd. d/b/a PublicDomainRegistry.com": 5.555555555555555,
        "Porkbun": 1.8518518518518519,
        "Porkbun, LLC": 1.8518518518518519,
        "TLD Registrar Solutions Ltd.": 1.8518518518518519,
        "Tucows Domains Inc.": 1.8518518518518519,
        "VIRTUA DRUG Kutatási Szolgáltató Korlátolt Felelősségű Társaság": 1.8518518518518519,
        "West263 International Limited": 3.7037037037037037,
        "total": 100.0
    }
}