{
    "counter": {
        "CHENGDU WEST DIMENSION DIGITAL TECHNOLOGY CO., LTD.": 2,
        "Chengdu West Dimension Digital Technology Co., Ltd.": 2,
        "CommuniGal Communication Ltd.": 2,
        "Communigal Communications Ltd": 8,
        "Danesco Trading Ltd.": 2,
        "Dynadot Inc": 2,
        "Dynadot LLC": 14,
        "Gname.com Pte. Ltd.": 4,
        "GoDaddy.com, LLC": 4,
        "GrepApps Technology Inc.": 2,
        "HOSTINGER operations, UAB": 2,
        "NAMECHEAP": 2,
        "NameCheap, Inc.": 8,
        "NameSilo, LLC": 106,
        "Namecheap": 10,
        "OVH": 2,
        "PDR Ltd. d/b/a PublicDomainRegistry.com": 2,
        "Porkbun": 4,
        "VIRTUA DRUG Kutatási Szolgáltató Korlátolt Felelősségű Társaság": 2,
        "West263 International Limited": 4,
        "total": 184
    },
    "percentage": {
        "CHENGDU WEST DIMENSION DIGITAL TECHNOLOGY CO., LTD.": 1.0869565217391304,
        "Chengdu West Dimension Digital Technology Co., Ltd.": 1.0869565217391304,
        "CommuniGal Communication Ltd.": 1.0869565217391304,
        "Communigal Communications Ltd": 4.3478260869565215,
        "Danesco Trading Ltd.": 1.0869565217391304,
        "Dynadot Inc": 1.0869565217391304,
        "Dynadot LLC": 7.608695652173913,
        "Gname.com Pte. Ltd.": 2.1739130434782608,
        "GoDaddy.com, LLC": 2.1739130434782608,
        "GrepApps Technology Inc.": 1.0869565217391304,
        "HOSTINGER operations, UAB": 1.0869565217391304,
        "NAMECHEAP": 1.0869565217391304,
        "NameCheap, Inc.": 4.3478260869565215,
        "NameSilo, LLC": 57.608695652173914,
        "Namecheap": 5.434782608695652,
        "OVH": 1.0869565217391304,
        "PDR Ltd. d/b/a PublicDomainRegistry.com": 1.0869565217391304,
        "Porkbun": 2.1739130434782608,
        "VIRTUA DRUG Kutatási Szolgáltató Korlátolt Felelősségű Társaság": 1.0869565217391304,
        "West263 International Limited": 2.1739130434782608,
        "total": 100.0
    }
}