{
    "counter": {
        "Big Dipper Domains, LLC": 2,
        "Chengdu West Dimension Digital Technology Co., Ltd.": 2,
        "Cloudflare, Inc.": 4,
        "CommuniGal Communication Ltd.": 32,
        "Danesco Trading Ltd.": 8,
        "Dynadot Inc": 18,
        "Dynadot LLC": 8,
        "GMO Internet Group, Inc. d/b/a Onamae.com": 22,
        "GMO Internet, Inc. d/b/a Onamae.com": 2,
        "Gandi SAS": 2,
        "GoDaddy.com, LLC": 4,
        "HOSTINGER operations, UAB": 4,
        "NAMECHEAP": 2,
        "NETIM SAS": 2,
        "NETIM.com": 2,
        "NameCheap, Inc.": 24,
        "NameSilo, LLC": 20,
        "Namecheap": 8,
        "Nicnames, Inc.": 2,
        "OVH": 2,
        "One.com": 2,
        "One.com A/S": 2,
        "PDR Ltd. d/b/a PublicDomainRegistry.com": 4,
        "Porkbun": 2,
        "Porkbun LLC": 2,
        "Sav.com LLC": 2,
        "Spaceship, Inc.": 4,
        "TLD Registrar Solutions Ltd.": 2,
        "Tucows Domains Inc.": 2,
        "TuringSign Inc. d/b/a Cosmotown": 2,
        "VIRTUA DRUG Kutatási Szolgáltató Korlátolt Felelősségű Társaság": 2,
        "West263 International Limited": 36,
        "total": 232
    },
    "percentage": {
        "Big Dipper Domains, LLC": 0.8620689655172413,
        "Chengdu West Dimension Digital Technology Co., Ltd.": 0.8620689655172413,
        "Cloudflare, Inc.": 1.7241379310344827,
        "CommuniGal Communication Ltd.": 13.793103448275861,
        "Danesco Trading Ltd.": 3.4482758620689653,
        "Dynadot Inc": 7.758620689655173,
        "Dynadot LLC": 3.4482758620689653,
        "GMO Internet Group, Inc. d/b/a Onamae.com": 9.482758620689655,
        "GMO Internet, Inc. d/b/a Onamae.com": 0.8620689655172413,
        "Gandi SAS": 0.8620689655172413,
        "GoDaddy.com, LLC": 1.7241379310344827,
        "HOSTINGER operations, UAB": 1.7241379310344827,
        "NAMECHEAP": 0.8620689655172413,
        "NETIM SAS": 0.8620689655172413,
        "NETIM.com": 0.8620689655172413,
        "NameCheap, Inc.": 10.344827586206897,
        "NameSilo, LLC": 8.620689655172415,
        "Namecheap": 3.4482758620689653,
        "Nicnames, Inc.": 0.8620689655172413,
        "OVH": 0.8620689655172413,
        "One.com": 0.8620689655172413,
        "One.com A/S": 0.8620689655172413,
        "PDR Ltd. d/b/a PublicDomainRegistry.com": 1.7241379310344827,
        "Porkbun": 0.8620689655172413,
        "Porkbun LLC": 0.8620689655172413,
        "Sav.com LLC": 0.8620689655172413,
        "Spaceship, Inc.": 1.7241379310344827,
        "TLD Registrar Solutions Ltd.": 0.8620689655172413,
        "Tucows Domains Inc.": 0.8620689655172413,
        "TuringSign Inc. d/b/a Cosmotown": 0.8620689655172413,
        "VIRTUA DRUG Kutatási Szolgáltató Korlátolt Felelősségű Társaság": 0.8620689655172413,
        "West263 International Limited": 15.517241379310345,
        "total": 100.0
    }
}