{
    "counter": {
        "Alibaba Cloud Computing Ltd. d/b/a HiChina (www.net.cn)": 8,
        "CHENGDU WEST DIMENSION DIGITAL TECHNOLOGY CO., LTD.": 2,
        "Chengdu West Dimension Digital Technology Co., Ltd.": 2,
        "CommuniGal Communication Ltd.": 2,
        "Communigal Communications Ltd": 12,
        "Danesco Trading Ltd.": 2,
        "Dynadot Inc": 6,
        "Dynadot LLC": 16,
        "Gname.com Pte. Ltd.": 4,
        "GoDaddy.com, LLC": 12,
        "NameCheap, Inc.": 12,
        "NameSilo, LLC": 12,
        "Namecheap": 16,
        "Names Stop Here LLC": 2,
        "OVH": 2,
        "Porkbun": 4,
        "Porkbun, LLC": 2,
        "Sav.com, LLC- 6": 2,
        "TLD Registrar Solutions Ltd.": 2,
        "Tucows Domains Inc.": 2,
        "VIRTUA DRUG Kutatási Szolgáltató Korlátolt Felelősségű Társaság": 2,
        "West263 International Limited": 8,
        "total": 132
    },
    "percentage": {
        "Alibaba Cloud Computing Ltd. d/b/a HiChina (www.net.cn)": 6.0606060606060606,
        "CHENGDU WEST DIMENSION DIGITAL TECHNOLOGY CO., LTD.": 1.5151515151515151,
        "Chengdu West Dimension Digital Technology Co., Ltd.": 1.5151515151515151,
        "CommuniGal Communication Ltd.": 1.5151515151515151,
        "Communigal Communications Ltd": 9.090909090909092,
        "Danesco Trading Ltd.": 1.5151515151515151,
        "Dynadot Inc": 4.545454545454546,
        "Dynadot LLC": 12.121212121212121,
        "Gname.com Pte. Ltd.": 3.0303030303030303,
        "GoDaddy.com, LLC": 9.090909090909092,
        "NameCheap, Inc.": 9.090909090909092,
        "NameSilo, LLC": 9.090909090909092,
        "Namecheap": 12.121212121212121,
        "Names Stop Here LLC": 1.5151515151515151,
        "OVH": 1.5151515151515151,
        "Porkbun": 3.0303030303030303,
        "Porkbun, LLC": 1.5151515151515151,
        "Sav.com, LLC- 6": 1.5151515151515151,
        "TLD Registrar Solutions Ltd.": 1.5151515151515151,
        "Tucows Domains Inc.": 1.5151515151515151,
        "VIRTUA DRUG Kutatási Szolgáltató Korlátolt Felelősségű Társaság": 1.5151515151515151,
        "West263 International Limited": 6.0606060606060606,
        "total": 100.0
    }
}