{
    "counter": {
        "Big Dipper Domains, LLC": 2,
        "Cloudflare, Inc.": 4,
        "CommuniGal Communication Ltd.": 12,
        "Danesco Trading Ltd.": 6,
        "Domain Science Kutatási Szolgáltató Korlátolt Felelősségű Társaság": 2,
        "Dynadot Inc": 14,
        "Dynadot LLC": 10,
        "GMO Internet Group, Inc. d/b/a Onamae.com": 14,
        "GMO Internet, Inc. d/b/a Onamae.com": 2,
        "Gandi SAS": 2,
        "GoDaddy.com, LLC": 4,
        "HOSTINGER operations, UAB": 4,
        "NAMECHEAP": 2,
        "NETIM SAS": 2,
        "NETIM.com": 2,
        "NameCheap, Inc.": 26,
        "NameSilo, LLC": 20,
        "Namecheap": 8,
        "OVH": 2,
        "One.com": 2,
        "One.com A/S": 2,
        "PDR Ltd. d/b/a PublicDomainRegistry.com": 2,
        "Porkbun": 2,
        "Porkbun LLC": 2,
        "Spaceship, Inc.": 6,
        "TLD Registrar Solutions Ltd.": 2,
        "Tucows Domains Inc.": 2,
        "TuringSign Inc. d/b/a Cosmotown": 2,
        "West263 International Limited": 36,
        "total": 196
    },
    "percentage": {
        "Big Dipper Domains, LLC": 1.0204081632653061,
        "Cloudflare, Inc.": 2.0408163265306123,
        "CommuniGal Communication Ltd.": 6.122448979591836,
        "Danesco Trading Ltd.": 3.061224489795918,
        "Domain Science Kutatási Szolgáltató Korlátolt Felelősségű Társaság": 1.0204081632653061,
        "Dynadot Inc": 7.142857142857143,
        "Dynadot LLC": 5.1020408163265305,
        "GMO Internet Group, Inc. d/b/a Onamae.com": 7.142857142857143,
        "GMO Internet, Inc. d/b/a Onamae.com": 1.0204081632653061,
        "Gandi SAS": 1.0204081632653061,
        "GoDaddy.com, LLC": 2.0408163265306123,
        "HOSTINGER operations, UAB": 2.0408163265306123,
        "NAMECHEAP": 1.0204081632653061,
        "NETIM SAS": 1.0204081632653061,
        "NETIM.com": 1.0204081632653061,
        "NameCheap, Inc.": 13.26530612244898,
        "NameSilo, LLC": 10.204081632653061,
        "Namecheap": 4.081632653061225,
        "OVH": 1.0204081632653061,
        "One.com": 1.0204081632653061,
        "One.com A/S": 1.0204081632653061,
        "PDR Ltd. d/b/a PublicDomainRegistry.com": 1.0204081632653061,
        "Porkbun": 1.0204081632653061,
        "Porkbun LLC": 1.0204081632653061,
        "Spaceship, Inc.": 3.061224489795918,
        "TLD Registrar Solutions Ltd.": 1.0204081632653061,
        "Tucows Domains Inc.": 1.0204081632653061,
        "TuringSign Inc. d/b/a Cosmotown": 1.0204081632653061,
        "West263 International Limited": 18.367346938775512,
        "total": 100.0
    }
}