{
    "counter": {
        "Atak Domain Bilgi Teknolojileri A.Ş.": 2,
        "Big Dipper Domains, LLC": 2,
        "CommuniGal Communication Ltd.": 4,
        "Communigal Communications Ltd": 18,
        "Danesco Trading Ltd.": 2,
        "Dynadot Inc": 2,
        "Dynadot LLC": 10,
        "GMO Internet Group, Inc. d/b/a Onamae.com": 8,
        "GoDaddy.com, LLC": 2,
        "NameCheap, Inc.": 4,
        "NameSilo, LLC": 12,
        "Namecheap": 2,
        "OVH": 2,
        "Porkbun": 2,
        "Porkbun, LLC": 2,
        "Spaceship, Inc.": 2,
        "VIRTUA DRUG Kutatási Szolgáltató Korlátolt Felelősségű Társaság": 2,
        "West263 International Limited": 38,
        "total": 116
    },
    "percentage": {
        "Atak Domain Bilgi Teknolojileri A.Ş.": 1.7241379310344827,
        "Big Dipper Domains, LLC": 1.7241379310344827,
        "CommuniGal Communication Ltd.": 3.4482758620689653,
        "Communigal Communications Ltd": 15.517241379310345,
        "Danesco Trading Ltd.": 1.7241379310344827,
        "Dynadot Inc": 1.7241379310344827,
        "Dynadot LLC": 8.620689655172415,
        "GMO Internet Group, Inc. d/b/a Onamae.com": 6.896551724137931,
        "GoDaddy.com, LLC": 1.7241379310344827,
        "NameCheap, Inc.": 3.4482758620689653,
        "NameSilo, LLC": 10.344827586206897,
        "Namecheap": 1.7241379310344827,
        "OVH": 1.7241379310344827,
        "Porkbun": 1.7241379310344827,
        "Porkbun, LLC": 1.7241379310344827,
        "Spaceship, Inc.": 1.7241379310344827,
        "VIRTUA DRUG Kutatási Szolgáltató Korlátolt Felelősségű Társaság": 1.7241379310344827,
        "West263 International Limited": 32.758620689655174,
        "total": 100.0
    }
}