{
    "counter": {
        "101domain GRS Limited": 2,
        "Big Dipper Domains, LLC": 2,
        "Chengdu West Dimension Digital Technology Co., Ltd.": 2,
        "CommuniGal Communication Ltd.": 8,
        "Danesco Trading Ltd.": 4,
        "Devexpanse Ltd": 2,
        "Domain Science Kutatási Szolgáltató Korlátolt Felelősségű Társaság": 2,
        "Dynadot Inc": 24,
        "Dynadot LLC": 10,
        "GMO Internet Group, Inc. d/b/a Onamae.com": 10,
        "Gandi SAS": 4,
        "GoDaddy.com, LLC": 4,
        "Gransy, s.r.o.": 2,
        "HOSTINGER operations, UAB": 4,
        "NAMECHEAP": 2,
        "NETIM SAS": 2,
        "NameCheap, Inc.": 26,
        "NameSilo, LLC": 56,
        "Namecheap": 4,
        "OVH": 2,
        "One.com": 2,
        "One.com A/S": 2,
        "PDR Ltd. d/b/a PublicDomainRegistry.com": 4,
        "Porkbun": 6,
        "Porkbun LLC": 4,
        "Sav.com, LLC - 32": 2,
        "Sav.com, LLC - 46": 2,
        "Spaceship, Inc.": 6,
        "TLD Registrar Solutions Ltd.": 2,
        "Tucows Domains Inc.": 2,
        "TuringSign Inc. d/b/a Cosmotown": 2,
        "total": 206
    },
    "percentage": {
        "101domain GRS Limited": 0.970873786407767,
        "Big Dipper Domains, LLC": 0.970873786407767,
        "Chengdu West Dimension Digital Technology Co., Ltd.": 0.970873786407767,
        "CommuniGal Communication Ltd.": 3.883495145631068,
        "Danesco Trading Ltd.": 1.941747572815534,
        "Devexpanse Ltd": 0.970873786407767,
        "Domain Science Kutatási Szolgáltató Korlátolt Felelősségű Társaság": 0.970873786407767,
        "Dynadot Inc": 11.650485436893204,
        "Dynadot LLC": 4.854368932038835,
        "GMO Internet Group, Inc. d/b/a Onamae.com": 4.854368932038835,
        "Gandi SAS": 1.941747572815534,
        "GoDaddy.com, LLC": 1.941747572815534,
        "Gransy, s.r.o.": 0.970873786407767,
        "HOSTINGER operations, UAB": 1.941747572815534,
        "NAMECHEAP": 0.970873786407767,
        "NETIM SAS": 0.970873786407767,
        "NameCheap, Inc.": 12.62135922330097,
        "NameSilo, LLC": 27.184466019417474,
        "Namecheap": 1.941747572815534,
        "OVH": 0.970873786407767,
        "One.com": 0.970873786407767,
        "One.com A/S": 0.970873786407767,
        "PDR Ltd. d/b/a PublicDomainRegistry.com": 1.941747572815534,
        "Porkbun": 2.912621359223301,
        "Porkbun LLC": 1.941747572815534,
        "Sav.com, LLC - 32": 0.970873786407767,
        "Sav.com, LLC - 46": 0.970873786407767,
        "Spaceship, Inc.": 2.912621359223301,
        "TLD Registrar Solutions Ltd.": 0.970873786407767,
        "Tucows Domains Inc.": 0.970873786407767,
        "TuringSign Inc. d/b/a Cosmotown": 0.970873786407767,
        "total": 100.0
    }
}