{
    "counter": {
        "Atak Domain Bilgi Teknolojileri A.Ş.": 2,
        "CommuniGal Communication Ltd.": 2,
        "Communigal Communications Ltd": 2,
        "Danesco Trading Ltd.": 4,
        "Dynadot Inc": 14,
        "Dynadot LLC": 10,
        "GoDaddy.com, LLC": 6,
        "HOSTINGER operations, UAB": 4,
        "Lucky Elephant Domains, LLC": 2,
        "Name.com, Inc.": 2,
        "NameCheap, Inc.": 16,
        "NameSilo, LLC": 154,
        "Namecheap": 2,
        "OVH": 2,
        "PDR Ltd. d/b/a PublicDomainRegistry.com": 8,
        "Porkbun": 2,
        "Spaceship, Inc.": 4,
        "TLD Registrar Solutions Ltd.": 2,
        "Tucows Domains Inc.": 2,
        "VIRTUA DRUG Kutatási Szolgáltató Korlátolt Felelősségű Társaság": 4,
        "West263 International Limited": 2,
        "total": 246
    },
    "percentage": {
        "Atak Domain Bilgi Teknolojileri A.Ş.": 0.8130081300813008,
        "CommuniGal Communication Ltd.": 0.8130081300813008,
        "Communigal Communications Ltd": 0.8130081300813008,
        "Danesco Trading Ltd.": 1.6260162601626016,
        "Dynadot Inc": 5.691056910569106,
        "Dynadot LLC": 4.065040650406504,
        "GoDaddy.com, LLC": 2.4390243902439024,
        "HOSTINGER operations, UAB": 1.6260162601626016,
        "Lucky Elephant Domains, LLC": 0.8130081300813008,
        "Name.com, Inc.": 0.8130081300813008,
        "NameCheap, Inc.": 6.504065040650406,
        "NameSilo, LLC": 62.60162601626016,
        "Namecheap": 0.8130081300813008,
        "OVH": 0.8130081300813008,
        "PDR Ltd. d/b/a PublicDomainRegistry.com": 3.252032520325203,
        "Porkbun": 0.8130081300813008,
        "Spaceship, Inc.": 1.6260162601626016,
        "TLD Registrar Solutions Ltd.": 0.8130081300813008,
        "Tucows Domains Inc.": 0.8130081300813008,
        "VIRTUA DRUG Kutatási Szolgáltató Korlátolt Felelősségű Társaság": 1.6260162601626016,
        "West263 International Limited": 0.8130081300813008,
        "total": 100.0
    }
}