{
    "counter": {
        "101domain GRS Limited": 2,
        "Big Dipper Domains, LLC": 2,
        "CommuniGal Communication Ltd.": 4,
        "Danesco Trading Ltd.": 6,
        "Devexpanse Ltd": 2,
        "Domain Science Kutatási Szolgáltató Korlátolt Felelősségű Társaság": 2,
        "Dynadot Inc": 24,
        "Dynadot LLC": 10,
        "GMO Internet Group, Inc. d/b/a Onamae.com": 8,
        "Gandi SAS": 4,
        "GoDaddy.com, LLC": 4,
        "Gransy, s.r.o.": 2,
        "HOSTINGER operations, UAB": 4,
        "NAMECHEAP": 2,
        "NETIM SAS": 2,
        "NameCheap, Inc.": 28,
        "NameSilo, LLC": 56,
        "Namecheap": 4,
        "OVH": 2,
        "One.com": 2,
        "One.com A/S": 2,
        "PDR Ltd. d/b/a PublicDomainRegistry.com": 2,
        "Porkbun": 6,
        "Porkbun LLC": 2,
        "Sav.com, LLC - 32": 2,
        "Sav.com, LLC - 46": 2,
        "Spaceship, Inc.": 6,
        "TLD Registrar Solutions Ltd.": 2,
        "Tucows Domains Inc.": 2,
        "TuringSign Inc. d/b/a Cosmotown": 2,
        "total": 198
    },
    "percentage": {
        "101domain GRS Limited": 1.0101010101010102,
        "Big Dipper Domains, LLC": 1.0101010101010102,
        "CommuniGal Communication Ltd.": 2.0202020202020203,
        "Danesco Trading Ltd.": 3.0303030303030303,
        "Devexpanse Ltd": 1.0101010101010102,
        "Domain Science Kutatási Szolgáltató Korlátolt Felelősségű Társaság": 1.0101010101010102,
        "Dynadot Inc": 12.121212121212121,
        "Dynadot LLC": 5.05050505050505,
        "GMO Internet Group, Inc. d/b/a Onamae.com": 4.040404040404041,
        "Gandi SAS": 2.0202020202020203,
        "GoDaddy.com, LLC": 2.0202020202020203,
        "Gransy, s.r.o.": 1.0101010101010102,
        "HOSTINGER operations, UAB": 2.0202020202020203,
        "NAMECHEAP": 1.0101010101010102,
        "NETIM SAS": 1.0101010101010102,
        "NameCheap, Inc.": 14.141414141414142,
        "NameSilo, LLC": 28.282828282828284,
        "Namecheap": 2.0202020202020203,
        "OVH": 1.0101010101010102,
        "One.com": 1.0101010101010102,
        "One.com A/S": 1.0101010101010102,
        "PDR Ltd. d/b/a PublicDomainRegistry.com": 1.0101010101010102,
        "Porkbun": 3.0303030303030303,
        "Porkbun LLC": 1.0101010101010102,
        "Sav.com, LLC - 32": 1.0101010101010102,
        "Sav.com, LLC - 46": 1.0101010101010102,
        "Spaceship, Inc.": 3.0303030303030303,
        "TLD Registrar Solutions Ltd.": 1.0101010101010102,
        "Tucows Domains Inc.": 1.0101010101010102,
        "TuringSign Inc. d/b/a Cosmotown": 1.0101010101010102,
        "total": 100.0
    }
}