{
    "counter": {
        "CHENGDU WEST DIMENSION DIGITAL TECHNOLOGY CO., LTD.": 2,
        "Chengdu West Dimension Digital Technology Co., Ltd.": 2,
        "CommuniGal Communication Ltd.": 2,
        "Communigal Communications Ltd": 10,
        "Danesco Trading Ltd.": 2,
        "Dynadot Inc": 6,
        "Dynadot LLC": 14,
        "Gname.com Pte. Ltd.": 4,
        "GoDaddy.com, LLC": 10,
        "Name.com, Inc.": 2,
        "NameCheap, Inc.": 12,
        "NameSilo, LLC": 12,
        "Namecheap": 14,
        "Names Stop Here LLC": 2,
        "OVH": 2,
        "Porkbun": 4,
        "Porkbun, LLC": 2,
        "Sav.com, LLC- 6": 2,
        "TLD Registrar Solutions Ltd.": 2,
        "Tucows Domains Inc.": 2,
        "VIRTUA DRUG Kutatási Szolgáltató Korlátolt Felelősségű Társaság": 2,
        "West263 International Limited": 4,
        "total": 114
    },
    "percentage": {
        "CHENGDU WEST DIMENSION DIGITAL TECHNOLOGY CO., LTD.": 1.7543859649122806,
        "Chengdu West Dimension Digital Technology Co., Ltd.": 1.7543859649122806,
        "CommuniGal Communication Ltd.": 1.7543859649122806,
        "Communigal Communications Ltd": 8.771929824561404,
        "Danesco Trading Ltd.": 1.7543859649122806,
        "Dynadot Inc": 5.2631578947368425,
        "Dynadot LLC": 12.280701754385966,
        "Gname.com Pte. Ltd.": 3.508771929824561,
        "GoDaddy.com, LLC": 8.771929824561404,
        "Name.com, Inc.": 1.7543859649122806,
        "NameCheap, Inc.": 10.526315789473685,
        "NameSilo, LLC": 10.526315789473685,
        "Namecheap": 12.280701754385966,
        "Names Stop Here LLC": 1.7543859649122806,
        "OVH": 1.7543859649122806,
        "Porkbun": 3.508771929824561,
        "Porkbun, LLC": 1.7543859649122806,
        "Sav.com, LLC- 6": 1.7543859649122806,
        "TLD Registrar Solutions Ltd.": 1.7543859649122806,
        "Tucows Domains Inc.": 1.7543859649122806,
        "VIRTUA DRUG Kutatási Szolgáltató Korlátolt Felelősségű Társaság": 1.7543859649122806,
        "West263 International Limited": 3.508771929824561,
        "total": 100.0
    }
}