{
    "counter": {
        "Atak Domain Bilgi Teknolojileri A.Ş.": 2,
        "CommuniGal Communication Ltd.": 2,
        "Danesco Trading Ltd.": 4,
        "Dynadot Inc": 12,
        "Dynadot LLC": 12,
        "GoDaddy.com, LLC": 2,
        "HOSTINGER operations, UAB": 4,
        "Lucky Elephant Domains, LLC": 2,
        "Name.com, Inc.": 2,
        "NameCheap, Inc.": 16,
        "NameSilo, LLC": 30,
        "Namecheap": 6,
        "OVH": 2,
        "PDR Ltd. d/b/a PublicDomainRegistry.com": 8,
        "Porkbun, LLC": 2,
        "TLD Registrar Solutions Ltd.": 2,
        "Tucows Domains Inc.": 2,
        "VIRTUA DRUG Kutatási Szolgáltató Korlátolt Felelősségű Társaság": 4,
        "total": 114
    },
    "percentage": {
        "Atak Domain Bilgi Teknolojileri A.Ş.": 1.7543859649122806,
        "CommuniGal Communication Ltd.": 1.7543859649122806,
        "Danesco Trading Ltd.": 3.508771929824561,
        "Dynadot Inc": 10.526315789473685,
        "Dynadot LLC": 10.526315789473685,
        "GoDaddy.com, LLC": 1.7543859649122806,
        "HOSTINGER operations, UAB": 3.508771929824561,
        "Lucky Elephant Domains, LLC": 1.7543859649122806,
        "Name.com, Inc.": 1.7543859649122806,
        "NameCheap, Inc.": 14.035087719298245,
        "NameSilo, LLC": 26.31578947368421,
        "Namecheap": 5.2631578947368425,
        "OVH": 1.7543859649122806,
        "PDR Ltd. d/b/a PublicDomainRegistry.com": 7.017543859649122,
        "Porkbun, LLC": 1.7543859649122806,
        "TLD Registrar Solutions Ltd.": 1.7543859649122806,
        "Tucows Domains Inc.": 1.7543859649122806,
        "VIRTUA DRUG Kutatási Szolgáltató Korlátolt Felelősségű Társaság": 3.508771929824561,
        "total": 100.0
    }
}