{
    "counter": {
        "101domain GRS Limited": 2,
        "Big Dipper Domains, LLC": 2,
        "CommuniGal Communication Ltd.": 4,
        "Danesco Trading Ltd.": 4,
        "Devexpanse Ltd": 2,
        "Domain Science Kutatási Szolgáltató Korlátolt Felelősségű Társaság": 2,
        "Dynadot Inc": 18,
        "Dynadot LLC": 10,
        "Eranet International Limited": 2,
        "GMO Internet Group, Inc. d/b/a Onamae.com": 8,
        "Gandi SAS": 2,
        "GoDaddy.com, LLC": 4,
        "Gransy, s.r.o.": 2,
        "HOSTINGER operations, UAB": 4,
        "NAMECHEAP": 2,
        "NETIM SAS": 2,
        "NameCheap, Inc.": 24,
        "NameSilo, LLC": 56,
        "Namecheap": 4,
        "OVH": 2,
        "One.com": 2,
        "One.com A/S": 2,
        "PDR Ltd. d/b/a PublicDomainRegistry.com": 2,
        "Porkbun": 4,
        "Porkbun LLC": 2,
        "Sav.com, LLC - 32": 2,
        "Sav.com, LLC - 46": 2,
        "Spaceship, Inc.": 6,
        "TLD Registrar Solutions Ltd.": 2,
        "Tucows Domains Inc.": 2,
        "TuringSign Inc. d/b/a Cosmotown": 2,
        "total": 184
    },
    "percentage": {
        "101domain GRS Limited": 1.0869565217391304,
        "Big Dipper Domains, LLC": 1.0869565217391304,
        "CommuniGal Communication Ltd.": 2.1739130434782608,
        "Danesco Trading Ltd.": 2.1739130434782608,
        "Devexpanse Ltd": 1.0869565217391304,
        "Domain Science Kutatási Szolgáltató Korlátolt Felelősségű Társaság": 1.0869565217391304,
        "Dynadot Inc": 9.782608695652174,
        "Dynadot LLC": 5.434782608695652,
        "Eranet International Limited": 1.0869565217391304,
        "GMO Internet Group, Inc. d/b/a Onamae.com": 4.3478260869565215,
        "Gandi SAS": 1.0869565217391304,
        "GoDaddy.com, LLC": 2.1739130434782608,
        "Gransy, s.r.o.": 1.0869565217391304,
        "HOSTINGER operations, UAB": 2.1739130434782608,
        "NAMECHEAP": 1.0869565217391304,
        "NETIM SAS": 1.0869565217391304,
        "NameCheap, Inc.": 13.043478260869565,
        "NameSilo, LLC": 30.434782608695652,
        "Namecheap": 2.1739130434782608,
        "OVH": 1.0869565217391304,
        "One.com": 1.0869565217391304,
        "One.com A/S": 1.0869565217391304,
        "PDR Ltd. d/b/a PublicDomainRegistry.com": 1.0869565217391304,
        "Porkbun": 2.1739130434782608,
        "Porkbun LLC": 1.0869565217391304,
        "Sav.com, LLC - 32": 1.0869565217391304,
        "Sav.com, LLC - 46": 1.0869565217391304,
        "Spaceship, Inc.": 3.260869565217391,
        "TLD Registrar Solutions Ltd.": 1.0869565217391304,
        "Tucows Domains Inc.": 1.0869565217391304,
        "TuringSign Inc. d/b/a Cosmotown": 1.0869565217391304,
        "total": 100.0
    }
}