{
    "counter": {
        "Big Dipper Domains, LLC": 2,
        "Cloudflare, Inc.": 4,
        "CommuniGal Communication Ltd.": 14,
        "Danesco Trading Ltd.": 4,
        "Domain Science Kutatási Szolgáltató Korlátolt Felelősségű Társaság": 2,
        "Dynadot Inc": 16,
        "Dynadot LLC": 10,
        "GMO Internet Group, Inc. d/b/a Onamae.com": 12,
        "GMO Internet, Inc. d/b/a Onamae.com": 2,
        "Gandi SAS": 2,
        "GoDaddy.com, LLC": 4,
        "HOSTINGER operations, UAB": 4,
        "NAMECHEAP": 2,
        "NETIM SAS": 2,
        "NETIM.com": 2,
        "NameCheap, Inc.": 22,
        "NameSilo, LLC": 20,
        "Namecheap": 8,
        "OVH": 2,
        "One.com": 2,
        "One.com A/S": 2,
        "PDR Ltd. d/b/a PublicDomainRegistry.com": 2,
        "Porkbun LLC": 2,
        "Sav.com LLC": 2,
        "Spaceship, Inc.": 6,
        "TLD Registrar Solutions Ltd.": 2,
        "Tucows Domains Inc.": 2,
        "TuringSign Inc. d/b/a Cosmotown": 2,
        "total": 156
    },
    "percentage": {
        "Big Dipper Domains, LLC": 1.2820512820512822,
        "Cloudflare, Inc.": 2.5641025641025643,
        "CommuniGal Communication Ltd.": 8.974358974358974,
        "Danesco Trading Ltd.": 2.5641025641025643,
        "Domain Science Kutatási Szolgáltató Korlátolt Felelősségű Társaság": 1.2820512820512822,
        "Dynadot Inc": 10.256410256410257,
        "Dynadot LLC": 6.410256410256411,
        "GMO Internet Group, Inc. d/b/a Onamae.com": 7.6923076923076925,
        "GMO Internet, Inc. d/b/a Onamae.com": 1.2820512820512822,
        "Gandi SAS": 1.2820512820512822,
        "GoDaddy.com, LLC": 2.5641025641025643,
        "HOSTINGER operations, UAB": 2.5641025641025643,
        "NAMECHEAP": 1.2820512820512822,
        "NETIM SAS": 1.2820512820512822,
        "NETIM.com": 1.2820512820512822,
        "NameCheap, Inc.": 14.102564102564102,
        "NameSilo, LLC": 12.820512820512821,
        "Namecheap": 5.128205128205129,
        "OVH": 1.2820512820512822,
        "One.com": 1.2820512820512822,
        "One.com A/S": 1.2820512820512822,
        "PDR Ltd. d/b/a PublicDomainRegistry.com": 1.2820512820512822,
        "Porkbun LLC": 1.2820512820512822,
        "Sav.com LLC": 1.2820512820512822,
        "Spaceship, Inc.": 3.8461538461538463,
        "TLD Registrar Solutions Ltd.": 1.2820512820512822,
        "Tucows Domains Inc.": 1.2820512820512822,
        "TuringSign Inc. d/b/a Cosmotown": 1.2820512820512822,
        "total": 100.0
    }
}