{
    "counter": {
        "Alibaba Cloud Computing Ltd. d/b/a HiChina (www.net.cn)": 32,
        "CHENGDU WEST DIMENSION DIGITAL TECHNOLOGY CO., LTD.": 2,
        "Chengdu West Dimension Digital Technology Co., Ltd.": 2,
        "CommuniGal Communication Ltd.": 2,
        "Communigal Communications Ltd": 10,
        "Danesco Trading Ltd.": 2,
        "Dynadot Inc": 6,
        "Dynadot LLC": 14,
        "Gname.com Pte. Ltd.": 4,
        "Go Daddy, LLC": 4,
        "GoDaddy.com, LLC": 10,
        "NameCheap, Inc.": 10,
        "NameSilo, LLC": 8,
        "Namecheap": 16,
        "Names Stop Here LLC": 2,
        "OVH": 2,
        "Porkbun": 4,
        "Sav.com, LLC- 6": 2,
        "TLD Registrar Solutions Ltd.": 2,
        "Tucows Domains Inc.": 2,
        "VIRTUA DRUG Kutatási Szolgáltató Korlátolt Felelősségű Társaság": 2,
        "West263 International Limited": 18,
        "total": 156
    },
    "percentage": {
        "Alibaba Cloud Computing Ltd. d/b/a HiChina (www.net.cn)": 20.512820512820515,
        "CHENGDU WEST DIMENSION DIGITAL TECHNOLOGY CO., LTD.": 1.2820512820512822,
        "Chengdu West Dimension Digital Technology Co., Ltd.": 1.2820512820512822,
        "CommuniGal Communication Ltd.": 1.2820512820512822,
        "Communigal Communications Ltd": 6.410256410256411,
        "Danesco Trading Ltd.": 1.2820512820512822,
        "Dynadot Inc": 3.8461538461538463,
        "Dynadot LLC": 8.974358974358974,
        "Gname.com Pte. Ltd.": 2.5641025641025643,
        "Go Daddy, LLC": 2.5641025641025643,
        "GoDaddy.com, LLC": 6.410256410256411,
        "NameCheap, Inc.": 6.410256410256411,
        "NameSilo, LLC": 5.128205128205129,
        "Namecheap": 10.256410256410257,
        "Names Stop Here LLC": 1.2820512820512822,
        "OVH": 1.2820512820512822,
        "Porkbun": 2.5641025641025643,
        "Sav.com, LLC- 6": 1.2820512820512822,
        "TLD Registrar Solutions Ltd.": 1.2820512820512822,
        "Tucows Domains Inc.": 1.2820512820512822,
        "VIRTUA DRUG Kutatási Szolgáltató Korlátolt Felelősségű Társaság": 1.2820512820512822,
        "West263 International Limited": 11.538461538461538,
        "total": 100.0
    }
}