{
    "counter": {
        "Atak Domain Bilgi Teknolojileri A.Ş.": 2,
        "Big Dipper Domains, LLC": 2,
        "CommuniGal Communication Ltd.": 4,
        "Communigal Communications Ltd": 22,
        "Danesco Trading Ltd.": 6,
        "Dynadot Inc": 14,
        "Dynadot LLC": 14,
        "GMO Internet Group, Inc. d/b/a Onamae.com": 18,
        "GoDaddy.com, LLC": 4,
        "HOSTINGER operations, UAB": 4,
        "NAMECHEAP": 2,
        "NETIM.com": 2,
        "Name.com, Inc.": 2,
        "NameCheap, Inc.": 16,
        "NameSilo, LLC": 18,
        "Namecheap": 6,
        "Nicnames, Inc.": 2,
        "OVH": 2,
        "PDR Ltd. d/b/a PublicDomainRegistry.com": 4,
        "Porkbun, LLC": 2,
        "Spaceship, Inc.": 4,
        "TLD Registrar Solutions Ltd.": 2,
        "Tucows Domains Inc.": 2,
        "VIRTUA DRUG Kutatási Szolgáltató Korlátolt Felelősségű Társaság": 2,
        "West263 International Limited": 38,
        "total": 194
    },
    "percentage": {
        "Atak Domain Bilgi Teknolojileri A.Ş.": 1.0309278350515463,
        "Big Dipper Domains, LLC": 1.0309278350515463,
        "CommuniGal Communication Ltd.": 2.0618556701030926,
        "Communigal Communications Ltd": 11.34020618556701,
        "Danesco Trading Ltd.": 3.0927835051546393,
        "Dynadot Inc": 7.216494845360825,
        "Dynadot LLC": 7.216494845360825,
        "GMO Internet Group, Inc. d/b/a Onamae.com": 9.278350515463918,
        "GoDaddy.com, LLC": 2.0618556701030926,
        "HOSTINGER operations, UAB": 2.0618556701030926,
        "NAMECHEAP": 1.0309278350515463,
        "NETIM.com": 1.0309278350515463,
        "Name.com, Inc.": 1.0309278350515463,
        "NameCheap, Inc.": 8.24742268041237,
        "NameSilo, LLC": 9.278350515463918,
        "Namecheap": 3.0927835051546393,
        "Nicnames, Inc.": 1.0309278350515463,
        "OVH": 1.0309278350515463,
        "PDR Ltd. d/b/a PublicDomainRegistry.com": 2.0618556701030926,
        "Porkbun, LLC": 1.0309278350515463,
        "Spaceship, Inc.": 2.0618556701030926,
        "TLD Registrar Solutions Ltd.": 1.0309278350515463,
        "Tucows Domains Inc.": 1.0309278350515463,
        "VIRTUA DRUG Kutatási Szolgáltató Korlátolt Felelősségű Társaság": 1.0309278350515463,
        "West263 International Limited": 19.587628865979383,
        "total": 100.0
    }
}