{
    "counter": {
        "17 Domain 1, Limited": 6,
        "17 Domain 2, Limited": 7,
        "17 Domain 3, Limited": 9,
        "17 Domain 4, Limited": 2,
        "17 Domain Limited": 5,
        "ALIBABA.COM SINGAPORE E-COMMERCE PRIVATE LIMITED": 2,
        "DOMAINSHOP-RU": 1,
        "DYNADOT, LLC": 4,
        "Danesco Trading Ltd.": 37,
        "Domain Best Limited": 12,
        "Domain International Services Limited": 1,
        "ERANET INTERNATIONAL LIMITED": 2,
        "Endurance Digital Domain Technology LLP": 1,
        "Epik Inc.": 88,
        "Gname.com Pte. Ltd.": 95,
        "GoDaddy.com, LLC": 22,
        "Longming Pte. Ltd.": 6,
        "Name.com, Inc": 1,
        "Name.com, Inc.": 1,
        "NameCheap, Inc.": 19,
        "NameSilo, LLC": 15,
        "NameSilo,LLC": 1,
        "Namecheap": 4,
        "Namesilo, LLC": 1,
        "Network Solutions, LLC": 1,
        "OVH sas": 1,
        "Openprovider": 1,
        "OwnRegistrar, Inc.": 2,
        "PDR Ltd. d/b/a PublicDomainRegistry.com": 3,
        "WDomain.Com Limited": 1,
        "WDomain.Com1 Limited": 1,
        "WDomain.Com3 Limited": 1,
        "total": 353
    },
    "percentage": {
        "17 Domain 1, Limited": 1.6997167138810199,
        "17 Domain 2, Limited": 1.9830028328611897,
        "17 Domain 3, Limited": 2.54957507082153,
        "17 Domain 4, Limited": 0.56657223796034,
        "17 Domain Limited": 1.4164305949008498,
        "ALIBABA.COM SINGAPORE E-COMMERCE PRIVATE LIMITED": 0.56657223796034,
        "DOMAINSHOP-RU": 0.28328611898017,
        "DYNADOT, LLC": 1.13314447592068,
        "Danesco Trading Ltd.": 10.48158640226629,
        "Domain Best Limited": 3.3994334277620397,
        "Domain International Services Limited": 0.28328611898017,
        "ERANET INTERNATIONAL LIMITED": 0.56657223796034,
        "Endurance Digital Domain Technology LLP": 0.28328611898017,
        "Epik Inc.": 24.929178470254957,
        "Gname.com Pte. Ltd.": 26.912181303116146,
        "GoDaddy.com, LLC": 6.232294617563739,
        "Longming Pte. Ltd.": 1.6997167138810199,
        "Name.com, Inc": 0.28328611898017,
        "Name.com, Inc.": 0.28328611898017,
        "NameCheap, Inc.": 5.38243626062323,
        "NameSilo, LLC": 4.2492917847025495,
        "NameSilo,LLC": 0.28328611898017,
        "Namecheap": 1.13314447592068,
        "Namesilo, LLC": 0.28328611898017,
        "Network Solutions, LLC": 0.28328611898017,
        "OVH sas": 0.28328611898017,
        "Openprovider": 0.28328611898017,
        "OwnRegistrar, Inc.": 0.56657223796034,
        "PDR Ltd. d/b/a PublicDomainRegistry.com": 0.8498583569405099,
        "WDomain.Com Limited": 0.28328611898017,
        "WDomain.Com1 Limited": 0.28328611898017,
        "WDomain.Com3 Limited": 0.28328611898017,
        "total": 100.00000000000001
    }
}