{
    "counter": {
        "Alibaba Cloud Computing Ltd. d/b/a HiChina (www.net.cn)": 46,
        "CHENGDU WEST DIMENSION DIGITAL TECHNOLOGY CO., LTD.": 2,
        "Chengdu West Dimension Digital Technology Co., Ltd.": 2,
        "CommuniGal Communication Ltd.": 2,
        "Communigal Communications Ltd": 16,
        "Danesco Trading Ltd.": 2,
        "Dynadot Inc": 4,
        "Dynadot LLC": 12,
        "Gname.com Pte. Ltd.": 4,
        "Go Daddy, LLC": 4,
        "GoDaddy.com, LLC": 10,
        "Gransy s.r.o.": 4,
        "Name.com, Inc.": 2,
        "NameCheap, Inc.": 8,
        "NameSilo, LLC": 10,
        "Namecheap": 14,
        "Names Stop Here LLC": 2,
        "OVH": 2,
        "Porkbun": 4,
        "Sav.com, LLC- 6": 2,
        "TLD Registrar Solutions Ltd.": 2,
        "Tucows Domains Inc.": 2,
        "VIRTUA DRUG Kutatási Szolgáltató Korlátolt Felelősségű Társaság": 2,
        "West263 International Limited": 18,
        "total": 176
    },
    "percentage": {
        "Alibaba Cloud Computing Ltd. d/b/a HiChina (www.net.cn)": 26.136363636363637,
        "CHENGDU WEST DIMENSION DIGITAL TECHNOLOGY CO., LTD.": 1.1363636363636365,
        "Chengdu West Dimension Digital Technology Co., Ltd.": 1.1363636363636365,
        "CommuniGal Communication Ltd.": 1.1363636363636365,
        "Communigal Communications Ltd": 9.090909090909092,
        "Danesco Trading Ltd.": 1.1363636363636365,
        "Dynadot Inc": 2.272727272727273,
        "Dynadot LLC": 6.818181818181818,
        "Gname.com Pte. Ltd.": 2.272727272727273,
        "Go Daddy, LLC": 2.272727272727273,
        "GoDaddy.com, LLC": 5.681818181818182,
        "Gransy s.r.o.": 2.272727272727273,
        "Name.com, Inc.": 1.1363636363636365,
        "NameCheap, Inc.": 4.545454545454546,
        "NameSilo, LLC": 5.681818181818182,
        "Namecheap": 7.954545454545454,
        "Names Stop Here LLC": 1.1363636363636365,
        "OVH": 1.1363636363636365,
        "Porkbun": 2.272727272727273,
        "Sav.com, LLC- 6": 1.1363636363636365,
        "TLD Registrar Solutions Ltd.": 1.1363636363636365,
        "Tucows Domains Inc.": 1.1363636363636365,
        "VIRTUA DRUG Kutatási Szolgáltató Korlátolt Felelősségű Társaság": 1.1363636363636365,
        "West263 International Limited": 10.227272727272727,
        "total": 100.0
    }
}