{
    "counter": {
        "Atak Domain Bilgi Teknolojileri A.Ş.": 2,
        "CommuniGal Communication Ltd.": 2,
        "Communigal Communications Ltd": 22,
        "Danesco Trading Ltd.": 4,
        "Dynadot Inc": 14,
        "Dynadot LLC": 18,
        "GMO Internet Group, Inc. d/b/a Onamae.com": 14,
        "GoDaddy.com, LLC": 8,
        "HOSTINGER operations, UAB": 4,
        "NAMECHEAP": 2,
        "NETIM.com": 2,
        "Name.com, Inc.": 2,
        "NameCheap, Inc.": 16,
        "NameSilo, LLC": 148,
        "Namecheap": 6,
        "Nicnames, Inc.": 2,
        "OVH": 2,
        "PDR Ltd. d/b/a PublicDomainRegistry.com": 4,
        "Porkbun": 2,
        "Porkbun, LLC": 2,
        "Spaceship, Inc.": 4,
        "TLD Registrar Solutions Ltd.": 2,
        "Tucows Domains Inc.": 2,
        "VIRTUA DRUG Kutatási Szolgáltató Korlátolt Felelősségű Társaság": 4,
        "West263 International Limited": 2,
        "total": 290
    },
    "percentage": {
        "Atak Domain Bilgi Teknolojileri A.Ş.": 0.6896551724137931,
        "CommuniGal Communication Ltd.": 0.6896551724137931,
        "Communigal Communications Ltd": 7.586206896551724,
        "Danesco Trading Ltd.": 1.3793103448275863,
        "Dynadot Inc": 4.827586206896552,
        "Dynadot LLC": 6.206896551724138,
        "GMO Internet Group, Inc. d/b/a Onamae.com": 4.827586206896552,
        "GoDaddy.com, LLC": 2.7586206896551726,
        "HOSTINGER operations, UAB": 1.3793103448275863,
        "NAMECHEAP": 0.6896551724137931,
        "NETIM.com": 0.6896551724137931,
        "Name.com, Inc.": 0.6896551724137931,
        "NameCheap, Inc.": 5.517241379310345,
        "NameSilo, LLC": 51.03448275862069,
        "Namecheap": 2.0689655172413794,
        "Nicnames, Inc.": 0.6896551724137931,
        "OVH": 0.6896551724137931,
        "PDR Ltd. d/b/a PublicDomainRegistry.com": 1.3793103448275863,
        "Porkbun": 0.6896551724137931,
        "Porkbun, LLC": 0.6896551724137931,
        "Spaceship, Inc.": 1.3793103448275863,
        "TLD Registrar Solutions Ltd.": 0.6896551724137931,
        "Tucows Domains Inc.": 0.6896551724137931,
        "VIRTUA DRUG Kutatási Szolgáltató Korlátolt Felelősségű Társaság": 1.3793103448275863,
        "West263 International Limited": 0.6896551724137931,
        "total": 100.0
    }
}