{
    "counter": {
        "Atak Domain Bilgi Teknolojileri A.Ş.": 2,
        "CommuniGal Communication Ltd.": 2,
        "Communigal Communications Ltd": 6,
        "Danesco Trading Ltd.": 4,
        "Dynadot Inc": 8,
        "Dynadot LLC": 18,
        "GMO Internet Group, Inc. d/b/a Onamae.com": 12,
        "GoDaddy.com, LLC": 6,
        "HOSTINGER operations, UAB": 4,
        "Lucky Elephant Domains, LLC": 2,
        "NAMECHEAP": 2,
        "NETIM.com": 2,
        "Name.com, Inc.": 2,
        "NameCheap, Inc.": 16,
        "NameSilo, LLC": 148,
        "Namecheap": 6,
        "Nicnames, Inc.": 2,
        "OVH": 2,
        "PDR Ltd. d/b/a PublicDomainRegistry.com": 4,
        "Porkbun": 2,
        "Porkbun, LLC": 2,
        "Spaceship, Inc.": 4,
        "TLD Registrar Solutions Ltd.": 2,
        "Tucows Domains Inc.": 2,
        "VIRTUA DRUG Kutatási Szolgáltató Korlátolt Felelősségű Társaság": 4,
        "West263 International Limited": 2,
        "total": 266
    },
    "percentage": {
        "Atak Domain Bilgi Teknolojileri A.Ş.": 0.7518796992481203,
        "CommuniGal Communication Ltd.": 0.7518796992481203,
        "Communigal Communications Ltd": 2.255639097744361,
        "Danesco Trading Ltd.": 1.5037593984962405,
        "Dynadot Inc": 3.007518796992481,
        "Dynadot LLC": 6.7669172932330826,
        "GMO Internet Group, Inc. d/b/a Onamae.com": 4.511278195488722,
        "GoDaddy.com, LLC": 2.255639097744361,
        "HOSTINGER operations, UAB": 1.5037593984962405,
        "Lucky Elephant Domains, LLC": 0.7518796992481203,
        "NAMECHEAP": 0.7518796992481203,
        "NETIM.com": 0.7518796992481203,
        "Name.com, Inc.": 0.7518796992481203,
        "NameCheap, Inc.": 6.015037593984962,
        "NameSilo, LLC": 55.6390977443609,
        "Namecheap": 2.255639097744361,
        "Nicnames, Inc.": 0.7518796992481203,
        "OVH": 0.7518796992481203,
        "PDR Ltd. d/b/a PublicDomainRegistry.com": 1.5037593984962405,
        "Porkbun": 0.7518796992481203,
        "Porkbun, LLC": 0.7518796992481203,
        "Spaceship, Inc.": 1.5037593984962405,
        "TLD Registrar Solutions Ltd.": 0.7518796992481203,
        "Tucows Domains Inc.": 0.7518796992481203,
        "VIRTUA DRUG Kutatási Szolgáltató Korlátolt Felelősségű Társaság": 1.5037593984962405,
        "West263 International Limited": 0.7518796992481203,
        "total": 100.0
    }
}