{
    "counter": {
        "Alibaba Cloud Computing Ltd. d/b/a HiChina (www.net.cn)": 160,
        "CHENGDU WEST DIMENSION DIGITAL TECHNOLOGY CO., LTD.": 2,
        "Communigal Communications Ltd": 14,
        "Danesco Trading Ltd.": 2,
        "Dynadot Inc": 6,
        "Dynadot LLC": 18,
        "GMO Internet Group, Inc. d/b/a Onamae.com": 2,
        "GMO Internet, Inc. d/b/a Onamae.com": 2,
        "Gname.com Pte. Ltd.": 6,
        "Go Daddy, LLC": 4,
        "GoDaddy.com, LLC": 6,
        "Name.com, Inc.": 2,
        "NameCheap, Inc.": 8,
        "NameSilo, LLC": 4,
        "Namecheap": 10,
        "Openprovider": 2,
        "PDR Ltd. d/b/a PublicDomainRegistry.com": 2,
        "Porkbun": 2,
        "Sav.com, LLC": 2,
        "Sav.com, LLC - 45": 2,
        "Spaceship, Inc.": 2,
        "Tucows Domains Inc.": 2,
        "Virtualia LLC": 2,
        "West263 International Limited": 14,
        "White Rhino Domains, LLC": 2,
        "total": 278
    },
    "percentage": {
        "Alibaba Cloud Computing Ltd. d/b/a HiChina (www.net.cn)": 57.55395683453237,
        "CHENGDU WEST DIMENSION DIGITAL TECHNOLOGY CO., LTD.": 0.7194244604316546,
        "Communigal Communications Ltd": 5.0359712230215825,
        "Danesco Trading Ltd.": 0.7194244604316546,
        "Dynadot Inc": 2.158273381294964,
        "Dynadot LLC": 6.474820143884892,
        "GMO Internet Group, Inc. d/b/a Onamae.com": 0.7194244604316546,
        "GMO Internet, Inc. d/b/a Onamae.com": 0.7194244604316546,
        "Gname.com Pte. Ltd.": 2.158273381294964,
        "Go Daddy, LLC": 1.4388489208633093,
        "GoDaddy.com, LLC": 2.158273381294964,
        "Name.com, Inc.": 0.7194244604316546,
        "NameCheap, Inc.": 2.8776978417266186,
        "NameSilo, LLC": 1.4388489208633093,
        "Namecheap": 3.597122302158273,
        "Openprovider": 0.7194244604316546,
        "PDR Ltd. d/b/a PublicDomainRegistry.com": 0.7194244604316546,
        "Porkbun": 0.7194244604316546,
        "Sav.com, LLC": 0.7194244604316546,
        "Sav.com, LLC - 45": 0.7194244604316546,
        "Spaceship, Inc.": 0.7194244604316546,
        "Tucows Domains Inc.": 0.7194244604316546,
        "Virtualia LLC": 0.7194244604316546,
        "West263 International Limited": 5.0359712230215825,
        "White Rhino Domains, LLC": 0.7194244604316546,
        "total": 100.0
    }
}