{
    "counter": {
        "Atak Domain Bilgi Teknolojileri A.Ş.": 2,
        "CommuniGal Communication Ltd.": 2,
        "Communigal Communications Ltd": 22,
        "Danesco Trading Ltd.": 4,
        "Dynadot Inc": 14,
        "Dynadot LLC": 18,
        "GMO Internet Group, Inc. d/b/a Onamae.com": 16,
        "GoDaddy.com, LLC": 8,
        "HOSTINGER operations, UAB": 4,
        "NAMECHEAP": 2,
        "NETIM.com": 2,
        "Name.com, Inc.": 2,
        "NameCheap, Inc.": 12,
        "NameSilo, LLC": 144,
        "Namecheap": 6,
        "Nicnames, Inc.": 2,
        "OVH": 2,
        "PDR Ltd. d/b/a PublicDomainRegistry.com": 4,
        "Porkbun": 2,
        "Porkbun, LLC": 2,
        "Spaceship, Inc.": 4,
        "TLD Registrar Solutions Ltd.": 2,
        "Tucows Domains Inc.": 2,
        "VIRTUA DRUG Kutatási Szolgáltató Korlátolt Felelősségű Társaság": 4,
        "West263 International Limited": 34,
        "total": 316
    },
    "percentage": {
        "Atak Domain Bilgi Teknolojileri A.Ş.": 0.6329113924050633,
        "CommuniGal Communication Ltd.": 0.6329113924050633,
        "Communigal Communications Ltd": 6.962025316455696,
        "Danesco Trading Ltd.": 1.2658227848101267,
        "Dynadot Inc": 4.430379746835443,
        "Dynadot LLC": 5.69620253164557,
        "GMO Internet Group, Inc. d/b/a Onamae.com": 5.063291139240507,
        "GoDaddy.com, LLC": 2.5316455696202533,
        "HOSTINGER operations, UAB": 1.2658227848101267,
        "NAMECHEAP": 0.6329113924050633,
        "NETIM.com": 0.6329113924050633,
        "Name.com, Inc.": 0.6329113924050633,
        "NameCheap, Inc.": 3.7974683544303796,
        "NameSilo, LLC": 45.56962025316456,
        "Namecheap": 1.8987341772151898,
        "Nicnames, Inc.": 0.6329113924050633,
        "OVH": 0.6329113924050633,
        "PDR Ltd. d/b/a PublicDomainRegistry.com": 1.2658227848101267,
        "Porkbun": 0.6329113924050633,
        "Porkbun, LLC": 0.6329113924050633,
        "Spaceship, Inc.": 1.2658227848101267,
        "TLD Registrar Solutions Ltd.": 0.6329113924050633,
        "Tucows Domains Inc.": 0.6329113924050633,
        "VIRTUA DRUG Kutatási Szolgáltató Korlátolt Felelősségű Társaság": 1.2658227848101267,
        "West263 International Limited": 10.759493670886076,
        "total": 100.0
    }
}