{
    "counter": {
        "Alibaba Cloud Computing Ltd. d/b/a HiChina (www.net.cn)": 158,
        "CHENGDU WEST DIMENSION DIGITAL TECHNOLOGY CO., LTD.": 2,
        "Communigal Communications Ltd": 14,
        "Danesco Trading Ltd.": 2,
        "Dynadot Inc": 4,
        "Dynadot LLC": 16,
        "GMO Internet, Inc. d/b/a Onamae.com": 2,
        "Gname.com Pte. Ltd.": 6,
        "Go Daddy, LLC": 4,
        "GoDaddy.com, LLC": 8,
        "Name.com, Inc.": 2,
        "NameCheap, Inc.": 8,
        "NameSilo, LLC": 6,
        "Namecheap": 12,
        "PDR Ltd. d/b/a PublicDomainRegistry.com": 2,
        "Porkbun": 2,
        "Sav.com, LLC- 6": 2,
        "Spaceship, Inc.": 2,
        "Tucows Domains Inc.": 2,
        "West263 International Limited": 12,
        "White Rhino Domains, LLC": 2,
        "total": 268
    },
    "percentage": {
        "Alibaba Cloud Computing Ltd. d/b/a HiChina (www.net.cn)": 58.95522388059702,
        "CHENGDU WEST DIMENSION DIGITAL TECHNOLOGY CO., LTD.": 0.746268656716418,
        "Communigal Communications Ltd": 5.223880597014926,
        "Danesco Trading Ltd.": 0.746268656716418,
        "Dynadot Inc": 1.492537313432836,
        "Dynadot LLC": 5.970149253731344,
        "GMO Internet, Inc. d/b/a Onamae.com": 0.746268656716418,
        "Gname.com Pte. Ltd.": 2.2388059701492535,
        "Go Daddy, LLC": 1.492537313432836,
        "GoDaddy.com, LLC": 2.985074626865672,
        "Name.com, Inc.": 0.746268656716418,
        "NameCheap, Inc.": 2.985074626865672,
        "NameSilo, LLC": 2.2388059701492535,
        "Namecheap": 4.477611940298507,
        "PDR Ltd. d/b/a PublicDomainRegistry.com": 0.746268656716418,
        "Porkbun": 0.746268656716418,
        "Sav.com, LLC- 6": 0.746268656716418,
        "Spaceship, Inc.": 0.746268656716418,
        "Tucows Domains Inc.": 0.746268656716418,
        "West263 International Limited": 4.477611940298507,
        "White Rhino Domains, LLC": 0.746268656716418,
        "total": 100.0
    }
}