{
    "counter": {
        "Atak Domain Bilgi Teknolojileri A.Ş.": 2,
        "Big Dipper Domains, LLC": 2,
        "Cloudflare, Inc.": 4,
        "CommuniGal Communication Ltd.": 32,
        "Danesco Trading Ltd.": 6,
        "Dynadot Inc": 16,
        "Dynadot LLC": 8,
        "GMO Internet Group, Inc. d/b/a Onamae.com": 18,
        "GoDaddy.com, LLC": 4,
        "HOSTINGER operations, UAB": 4,
        "NAMECHEAP": 2,
        "NETIM SAS": 2,
        "NETIM.com": 2,
        "NameCheap, Inc.": 20,
        "NameSilo, LLC": 18,
        "Namecheap": 8,
        "Nicnames, Inc.": 2,
        "OVH": 2,
        "One.com": 2,
        "One.com A/S": 2,
        "PDR Ltd. d/b/a PublicDomainRegistry.com": 4,
        "Porkbun": 4,
        "Porkbun, LLC": 2,
        "Spaceship, Inc.": 4,
        "TLD Registrar Solutions Ltd.": 2,
        "Tucows Domains Inc.": 2,
        "VIRTUA DRUG Kutatási Szolgáltató Korlátolt Felelősségű Társaság": 2,
        "West263 International Limited": 36,
        "total": 212
    },
    "percentage": {
        "Atak Domain Bilgi Teknolojileri A.Ş.": 0.9433962264150944,
        "Big Dipper Domains, LLC": 0.9433962264150944,
        "Cloudflare, Inc.": 1.8867924528301887,
        "CommuniGal Communication Ltd.": 15.09433962264151,
        "Danesco Trading Ltd.": 2.830188679245283,
        "Dynadot Inc": 7.547169811320755,
        "Dynadot LLC": 3.7735849056603774,
        "GMO Internet Group, Inc. d/b/a Onamae.com": 8.49056603773585,
        "GoDaddy.com, LLC": 1.8867924528301887,
        "HOSTINGER operations, UAB": 1.8867924528301887,
        "NAMECHEAP": 0.9433962264150944,
        "NETIM SAS": 0.9433962264150944,
        "NETIM.com": 0.9433962264150944,
        "NameCheap, Inc.": 9.433962264150944,
        "NameSilo, LLC": 8.49056603773585,
        "Namecheap": 3.7735849056603774,
        "Nicnames, Inc.": 0.9433962264150944,
        "OVH": 0.9433962264150944,
        "One.com": 0.9433962264150944,
        "One.com A/S": 0.9433962264150944,
        "PDR Ltd. d/b/a PublicDomainRegistry.com": 1.8867924528301887,
        "Porkbun": 1.8867924528301887,
        "Porkbun, LLC": 0.9433962264150944,
        "Spaceship, Inc.": 1.8867924528301887,
        "TLD Registrar Solutions Ltd.": 0.9433962264150944,
        "Tucows Domains Inc.": 0.9433962264150944,
        "VIRTUA DRUG Kutatási Szolgáltató Korlátolt Felelősségű Társaság": 0.9433962264150944,
        "West263 International Limited": 16.9811320754717,
        "total": 100.0
    }
}