{
    "counter": {
        "Atak Domain Bilgi Teknolojileri A.Ş.": 2,
        "Communigal Communications Ltd": 2,
        "Danesco Trading Ltd.": 4,
        "Dynadot Inc": 10,
        "Dynadot LLC": 12,
        "GoDaddy.com, LLC": 4,
        "HOSTINGER operations, UAB": 4,
        "Lucky Elephant Domains, LLC": 2,
        "Name.com, Inc.": 2,
        "NameCheap, Inc.": 16,
        "NameSilo, LLC": 26,
        "Namecheap": 8,
        "Names Stop Here LLC": 2,
        "OVH": 2,
        "PDR Ltd. d/b/a PublicDomainRegistry.com": 8,
        "Porkbun": 2,
        "Porkbun, LLC": 2,
        "TLD Registrar Solutions Ltd.": 2,
        "Tucows Domains Inc.": 2,
        "VIRTUA DRUG Kutatási Szolgáltató Korlátolt Felelősségű Társaság": 4,
        "West263 International Limited": 4,
        "total": 120
    },
    "percentage": {
        "Atak Domain Bilgi Teknolojileri A.Ş.": 1.6666666666666667,
        "Communigal Communications Ltd": 1.6666666666666667,
        "Danesco Trading Ltd.": 3.3333333333333335,
        "Dynadot Inc": 8.333333333333334,
        "Dynadot LLC": 10.0,
        "GoDaddy.com, LLC": 3.3333333333333335,
        "HOSTINGER operations, UAB": 3.3333333333333335,
        "Lucky Elephant Domains, LLC": 1.6666666666666667,
        "Name.com, Inc.": 1.6666666666666667,
        "NameCheap, Inc.": 13.333333333333334,
        "NameSilo, LLC": 21.666666666666668,
        "Namecheap": 6.666666666666667,
        "Names Stop Here LLC": 1.6666666666666667,
        "OVH": 1.6666666666666667,
        "PDR Ltd. d/b/a PublicDomainRegistry.com": 6.666666666666667,
        "Porkbun": 1.6666666666666667,
        "Porkbun, LLC": 1.6666666666666667,
        "TLD Registrar Solutions Ltd.": 1.6666666666666667,
        "Tucows Domains Inc.": 1.6666666666666667,
        "VIRTUA DRUG Kutatási Szolgáltató Korlátolt Felelősségű Társaság": 3.3333333333333335,
        "West263 International Limited": 3.3333333333333335,
        "total": 100.0
    }
}