{
    "counter": {
        "Atak Domain Bilgi Teknolojileri A.Ş.": 2,
        "CommuniGal Communication Ltd.": 4,
        "Communigal Communications Ltd": 22,
        "Danesco Trading Ltd.": 4,
        "Dynadot Inc": 14,
        "Dynadot LLC": 18,
        "GMO Internet Group, Inc. d/b/a Onamae.com": 16,
        "GoDaddy.com, LLC": 8,
        "HOSTINGER operations, UAB": 4,
        "NAMECHEAP": 2,
        "NETIM.com": 2,
        "Name.com, Inc.": 2,
        "NameCheap, Inc.": 12,
        "NameSilo, LLC": 146,
        "Namecheap": 6,
        "Nicnames, Inc.": 2,
        "OVH": 2,
        "PDR Ltd. d/b/a PublicDomainRegistry.com": 4,
        "Porkbun": 2,
        "Porkbun, LLC": 2,
        "Spaceship, Inc.": 4,
        "TLD Registrar Solutions Ltd.": 2,
        "Tucows Domains Inc.": 2,
        "VIRTUA DRUG Kutatási Szolgáltató Korlátolt Felelősségű Társaság": 4,
        "West263 International Limited": 38,
        "total": 324
    },
    "percentage": {
        "Atak Domain Bilgi Teknolojileri A.Ş.": 0.6172839506172839,
        "CommuniGal Communication Ltd.": 1.2345679012345678,
        "Communigal Communications Ltd": 6.790123456790123,
        "Danesco Trading Ltd.": 1.2345679012345678,
        "Dynadot Inc": 4.320987654320987,
        "Dynadot LLC": 5.555555555555555,
        "GMO Internet Group, Inc. d/b/a Onamae.com": 4.938271604938271,
        "GoDaddy.com, LLC": 2.4691358024691357,
        "HOSTINGER operations, UAB": 1.2345679012345678,
        "NAMECHEAP": 0.6172839506172839,
        "NETIM.com": 0.6172839506172839,
        "Name.com, Inc.": 0.6172839506172839,
        "NameCheap, Inc.": 3.7037037037037037,
        "NameSilo, LLC": 45.06172839506173,
        "Namecheap": 1.8518518518518519,
        "Nicnames, Inc.": 0.6172839506172839,
        "OVH": 0.6172839506172839,
        "PDR Ltd. d/b/a PublicDomainRegistry.com": 1.2345679012345678,
        "Porkbun": 0.6172839506172839,
        "Porkbun, LLC": 0.6172839506172839,
        "Spaceship, Inc.": 1.2345679012345678,
        "TLD Registrar Solutions Ltd.": 0.6172839506172839,
        "Tucows Domains Inc.": 0.6172839506172839,
        "VIRTUA DRUG Kutatási Szolgáltató Korlátolt Felelősségű Társaság": 1.2345679012345678,
        "West263 International Limited": 11.728395061728396,
        "total": 100.0
    }
}