{
    "counter": {
        "Atak Domain Bilgi Teknolojileri A.Ş.": 2,
        "Communigal Communications Ltd": 6,
        "Danesco Trading Ltd.": 4,
        "Dynadot Inc": 12,
        "Dynadot LLC": 6,
        "GoDaddy.com, LLC": 4,
        "HOSTINGER operations, UAB": 4,
        "Name.com, Inc.": 2,
        "NameCheap, Inc.": 18,
        "NameSilo, LLC": 20,
        "Namecheap": 10,
        "Names Stop Here LLC": 2,
        "OVH": 2,
        "PDR Ltd. d/b/a PublicDomainRegistry.com": 8,
        "Porkbun": 2,
        "Porkbun, LLC": 2,
        "TLD Registrar Solutions Ltd.": 2,
        "Tucows Domains Inc.": 2,
        "VIRTUA DRUG Kutatási Szolgáltató Korlátolt Felelősségű Társaság": 2,
        "West263 International Limited": 4,
        "total": 114
    },
    "percentage": {
        "Atak Domain Bilgi Teknolojileri A.Ş.": 1.7543859649122806,
        "Communigal Communications Ltd": 5.2631578947368425,
        "Danesco Trading Ltd.": 3.508771929824561,
        "Dynadot Inc": 10.526315789473685,
        "Dynadot LLC": 5.2631578947368425,
        "GoDaddy.com, LLC": 3.508771929824561,
        "HOSTINGER operations, UAB": 3.508771929824561,
        "Name.com, Inc.": 1.7543859649122806,
        "NameCheap, Inc.": 15.789473684210526,
        "NameSilo, LLC": 17.54385964912281,
        "Namecheap": 8.771929824561404,
        "Names Stop Here LLC": 1.7543859649122806,
        "OVH": 1.7543859649122806,
        "PDR Ltd. d/b/a PublicDomainRegistry.com": 7.017543859649122,
        "Porkbun": 1.7543859649122806,
        "Porkbun, LLC": 1.7543859649122806,
        "TLD Registrar Solutions Ltd.": 1.7543859649122806,
        "Tucows Domains Inc.": 1.7543859649122806,
        "VIRTUA DRUG Kutatási Szolgáltató Korlátolt Felelősségű Társaság": 1.7543859649122806,
        "West263 International Limited": 3.508771929824561,
        "total": 100.0
    }
}