{
    "counter": {
        "101domain GRS Limited": 2,
        "Big Dipper Domains, LLC": 2,
        "Chengdu West Dimension Digital Technology Co., Ltd.": 2,
        "CommuniGal Communication Ltd.": 8,
        "Danesco Trading Ltd.": 4,
        "Devexpanse Ltd": 2,
        "Domain Science Kutatási Szolgáltató Korlátolt Felelősségű Társaság": 2,
        "Dynadot Inc": 24,
        "Dynadot LLC": 10,
        "GMO Internet Group, Inc. d/b/a Onamae.com": 12,
        "Gandi SAS": 4,
        "GoDaddy.com, LLC": 4,
        "Gransy, s.r.o.": 2,
        "HOSTINGER operations, UAB": 4,
        "NAMECHEAP": 2,
        "NETIM SAS": 2,
        "NameCheap, Inc.": 26,
        "NameSilo, LLC": 56,
        "Namecheap": 4,
        "OVH": 2,
        "One.com": 2,
        "One.com A/S": 2,
        "PDR Ltd. d/b/a PublicDomainRegistry.com": 4,
        "Porkbun": 6,
        "Porkbun LLC": 4,
        "Sav.com, LLC - 32": 2,
        "Sav.com, LLC - 46": 2,
        "Spaceship, Inc.": 6,
        "TLD Registrar Solutions Ltd.": 2,
        "Tucows Domains Inc.": 2,
        "TuringSign Inc. d/b/a Cosmotown": 2,
        "total": 208
    },
    "percentage": {
        "101domain GRS Limited": 0.9615384615384616,
        "Big Dipper Domains, LLC": 0.9615384615384616,
        "Chengdu West Dimension Digital Technology Co., Ltd.": 0.9615384615384616,
        "CommuniGal Communication Ltd.": 3.8461538461538463,
        "Danesco Trading Ltd.": 1.9230769230769231,
        "Devexpanse Ltd": 0.9615384615384616,
        "Domain Science Kutatási Szolgáltató Korlátolt Felelősségű Társaság": 0.9615384615384616,
        "Dynadot Inc": 11.538461538461538,
        "Dynadot LLC": 4.8076923076923075,
        "GMO Internet Group, Inc. d/b/a Onamae.com": 5.769230769230769,
        "Gandi SAS": 1.9230769230769231,
        "GoDaddy.com, LLC": 1.9230769230769231,
        "Gransy, s.r.o.": 0.9615384615384616,
        "HOSTINGER operations, UAB": 1.9230769230769231,
        "NAMECHEAP": 0.9615384615384616,
        "NETIM SAS": 0.9615384615384616,
        "NameCheap, Inc.": 12.5,
        "NameSilo, LLC": 26.923076923076923,
        "Namecheap": 1.9230769230769231,
        "OVH": 0.9615384615384616,
        "One.com": 0.9615384615384616,
        "One.com A/S": 0.9615384615384616,
        "PDR Ltd. d/b/a PublicDomainRegistry.com": 1.9230769230769231,
        "Porkbun": 2.8846153846153846,
        "Porkbun LLC": 1.9230769230769231,
        "Sav.com, LLC - 32": 0.9615384615384616,
        "Sav.com, LLC - 46": 0.9615384615384616,
        "Spaceship, Inc.": 2.8846153846153846,
        "TLD Registrar Solutions Ltd.": 0.9615384615384616,
        "Tucows Domains Inc.": 0.9615384615384616,
        "TuringSign Inc. d/b/a Cosmotown": 0.9615384615384616,
        "total": 100.0
    }
}