{
    "counter": {
        "101domain GRS Limited": 2,
        "Big Dipper Domains, LLC": 2,
        "Cloudflare, Inc.": 4,
        "CommuniGal Communication Ltd.": 14,
        "CoreRegistry 1": 2,
        "Danesco Trading Ltd.": 4,
        "Domain Science Kutatási Szolgáltató Korlátolt Felelősségű Társaság": 2,
        "Dynadot Inc": 18,
        "Dynadot LLC": 8,
        "GMO Internet Group, Inc. d/b/a Onamae.com": 14,
        "GMO Internet, Inc. d/b/a Onamae.com": 2,
        "Gandi SAS": 2,
        "GoDaddy.com, LLC": 4,
        "HOSTINGER operations, UAB": 4,
        "NAMECHEAP": 2,
        "NETIM SAS": 2,
        "NameCheap, Inc.": 36,
        "NameSilo, LLC": 20,
        "Namecheap": 6,
        "OVH": 2,
        "One.com": 2,
        "One.com A/S": 2,
        "PDR Ltd. d/b/a PublicDomainRegistry.com": 2,
        "Porkbun LLC": 2,
        "Sav.com LLC": 2,
        "Spaceship, Inc.": 6,
        "TLD Registrar Solutions Ltd.": 2,
        "Tucows Domains Inc.": 2,
        "TuringSign Inc. d/b/a Cosmotown": 2,
        "total": 172
    },
    "percentage": {
        "101domain GRS Limited": 1.1627906976744187,
        "Big Dipper Domains, LLC": 1.1627906976744187,
        "Cloudflare, Inc.": 2.3255813953488373,
        "CommuniGal Communication Ltd.": 8.13953488372093,
        "CoreRegistry 1": 1.1627906976744187,
        "Danesco Trading Ltd.": 2.3255813953488373,
        "Domain Science Kutatási Szolgáltató Korlátolt Felelősségű Társaság": 1.1627906976744187,
        "Dynadot Inc": 10.465116279069768,
        "Dynadot LLC": 4.651162790697675,
        "GMO Internet Group, Inc. d/b/a Onamae.com": 8.13953488372093,
        "GMO Internet, Inc. d/b/a Onamae.com": 1.1627906976744187,
        "Gandi SAS": 1.1627906976744187,
        "GoDaddy.com, LLC": 2.3255813953488373,
        "HOSTINGER operations, UAB": 2.3255813953488373,
        "NAMECHEAP": 1.1627906976744187,
        "NETIM SAS": 1.1627906976744187,
        "NameCheap, Inc.": 20.930232558139537,
        "NameSilo, LLC": 11.627906976744185,
        "Namecheap": 3.488372093023256,
        "OVH": 1.1627906976744187,
        "One.com": 1.1627906976744187,
        "One.com A/S": 1.1627906976744187,
        "PDR Ltd. d/b/a PublicDomainRegistry.com": 1.1627906976744187,
        "Porkbun LLC": 1.1627906976744187,
        "Sav.com LLC": 1.1627906976744187,
        "Spaceship, Inc.": 3.488372093023256,
        "TLD Registrar Solutions Ltd.": 1.1627906976744187,
        "Tucows Domains Inc.": 1.1627906976744187,
        "TuringSign Inc. d/b/a Cosmotown": 1.1627906976744187,
        "total": 100.0
    }
}