{
    "counter": {
        "Alibaba Cloud Computing Ltd. d/b/a HiChina (www.net.cn)": 160,
        "Chengdu West Dimension Digital Technology Co., Ltd.": 2,
        "CommuniGal Communication Ltd.": 2,
        "Communigal Communications Ltd": 16,
        "Danesco Trading Ltd.": 2,
        "Dynadot Inc": 6,
        "Dynadot LLC": 18,
        "Gname.com Pte. Ltd.": 4,
        "Go Daddy, LLC": 2,
        "GoDaddy.com, LLC": 10,
        "Name.com, Inc.": 2,
        "NameCheap, Inc.": 4,
        "NameSilo, LLC": 8,
        "Namecheap": 14,
        "OVH": 2,
        "Porkbun": 4,
        "Sav.com, LLC- 6": 2,
        "Tucows Domains Inc.": 2,
        "West263 International Limited": 14,
        "total": 274
    },
    "percentage": {
        "Alibaba Cloud Computing Ltd. d/b/a HiChina (www.net.cn)": 58.394160583941606,
        "Chengdu West Dimension Digital Technology Co., Ltd.": 0.7299270072992701,
        "CommuniGal Communication Ltd.": 0.7299270072992701,
        "Communigal Communications Ltd": 5.839416058394161,
        "Danesco Trading Ltd.": 0.7299270072992701,
        "Dynadot Inc": 2.18978102189781,
        "Dynadot LLC": 6.569343065693431,
        "Gname.com Pte. Ltd.": 1.4598540145985401,
        "Go Daddy, LLC": 0.7299270072992701,
        "GoDaddy.com, LLC": 3.6496350364963503,
        "Name.com, Inc.": 0.7299270072992701,
        "NameCheap, Inc.": 1.4598540145985401,
        "NameSilo, LLC": 2.9197080291970803,
        "Namecheap": 5.109489051094891,
        "OVH": 0.7299270072992701,
        "Porkbun": 1.4598540145985401,
        "Sav.com, LLC- 6": 0.7299270072992701,
        "Tucows Domains Inc.": 0.7299270072992701,
        "West263 International Limited": 5.109489051094891,
        "total": 100.0
    }
}