{
    "counter": {
        "Big Dipper Domains, LLC": 2,
        "Cloudflare, Inc.": 4,
        "CommuniGal Communication Ltd.": 32,
        "Danesco Trading Ltd.": 8,
        "Dynadot Inc": 18,
        "Dynadot LLC": 8,
        "GMO Internet Group, Inc. d/b/a Onamae.com": 22,
        "GMO Internet, Inc. d/b/a Onamae.com": 2,
        "Gandi SAS": 2,
        "GoDaddy.com, LLC": 4,
        "HOSTINGER operations, UAB": 4,
        "NAMECHEAP": 2,
        "NETIM SAS": 2,
        "NETIM.com": 2,
        "NameCheap, Inc.": 24,
        "NameSilo, LLC": 20,
        "Namecheap": 8,
        "Nicnames, Inc.": 2,
        "OVH": 2,
        "One.com": 2,
        "One.com A/S": 2,
        "PDR Ltd. d/b/a PublicDomainRegistry.com": 4,
        "Porkbun": 2,
        "Porkbun LLC": 2,
        "Sav.com LLC": 2,
        "Spaceship, Inc.": 4,
        "TLD Registrar Solutions Ltd.": 2,
        "Tucows Domains Inc.": 2,
        "TuringSign Inc. d/b/a Cosmotown": 2,
        "VIRTUA DRUG Kutatási Szolgáltató Korlátolt Felelősségű Társaság": 2,
        "West263 International Limited": 36,
        "total": 230
    },
    "percentage": {
        "Big Dipper Domains, LLC": 0.8695652173913043,
        "Cloudflare, Inc.": 1.7391304347826086,
        "CommuniGal Communication Ltd.": 13.91304347826087,
        "Danesco Trading Ltd.": 3.4782608695652173,
        "Dynadot Inc": 7.826086956521739,
        "Dynadot LLC": 3.4782608695652173,
        "GMO Internet Group, Inc. d/b/a Onamae.com": 9.565217391304348,
        "GMO Internet, Inc. d/b/a Onamae.com": 0.8695652173913043,
        "Gandi SAS": 0.8695652173913043,
        "GoDaddy.com, LLC": 1.7391304347826086,
        "HOSTINGER operations, UAB": 1.7391304347826086,
        "NAMECHEAP": 0.8695652173913043,
        "NETIM SAS": 0.8695652173913043,
        "NETIM.com": 0.8695652173913043,
        "NameCheap, Inc.": 10.434782608695652,
        "NameSilo, LLC": 8.695652173913043,
        "Namecheap": 3.4782608695652173,
        "Nicnames, Inc.": 0.8695652173913043,
        "OVH": 0.8695652173913043,
        "One.com": 0.8695652173913043,
        "One.com A/S": 0.8695652173913043,
        "PDR Ltd. d/b/a PublicDomainRegistry.com": 1.7391304347826086,
        "Porkbun": 0.8695652173913043,
        "Porkbun LLC": 0.8695652173913043,
        "Sav.com LLC": 0.8695652173913043,
        "Spaceship, Inc.": 1.7391304347826086,
        "TLD Registrar Solutions Ltd.": 0.8695652173913043,
        "Tucows Domains Inc.": 0.8695652173913043,
        "TuringSign Inc. d/b/a Cosmotown": 0.8695652173913043,
        "VIRTUA DRUG Kutatási Szolgáltató Korlátolt Felelősségű Társaság": 0.8695652173913043,
        "West263 International Limited": 15.652173913043478,
        "total": 100.0
    }
}