{
    "counter": {
        "Big Dipper Domains, LLC": 2,
        "Cloudflare, Inc.": 4,
        "CommuniGal Communication Ltd.": 32,
        "Danesco Trading Ltd.": 8,
        "Domain Science Kutatási Szolgáltató Korlátolt Felelősségű Társaság": 2,
        "Dynadot Inc": 16,
        "Dynadot LLC": 8,
        "GMO Internet Group, Inc. d/b/a Onamae.com": 14,
        "GMO Internet, Inc. d/b/a Onamae.com": 2,
        "Gandi SAS": 2,
        "GoDaddy.com, LLC": 4,
        "HOSTINGER operations, UAB": 4,
        "NAMECHEAP": 4,
        "NETIM SAS": 2,
        "NETIM.com": 2,
        "NameCheap, Inc.": 22,
        "NameSilo, LLC": 20,
        "Namecheap": 8,
        "Nicnames, Inc.": 2,
        "OVH": 2,
        "One.com": 2,
        "One.com A/S": 2,
        "PDR Ltd. d/b/a PublicDomainRegistry.com": 2,
        "Porkbun LLC": 2,
        "Spaceship, Inc.": 4,
        "TLD Registrar Solutions Ltd.": 2,
        "Tucows Domains Inc.": 2,
        "TuringSign Inc. d/b/a Cosmotown": 2,
        "West263 International Limited": 36,
        "total": 214
    },
    "percentage": {
        "Big Dipper Domains, LLC": 0.9345794392523364,
        "Cloudflare, Inc.": 1.8691588785046729,
        "CommuniGal Communication Ltd.": 14.953271028037383,
        "Danesco Trading Ltd.": 3.7383177570093458,
        "Domain Science Kutatási Szolgáltató Korlátolt Felelősségű Társaság": 0.9345794392523364,
        "Dynadot Inc": 7.4766355140186915,
        "Dynadot LLC": 3.7383177570093458,
        "GMO Internet Group, Inc. d/b/a Onamae.com": 6.542056074766355,
        "GMO Internet, Inc. d/b/a Onamae.com": 0.9345794392523364,
        "Gandi SAS": 0.9345794392523364,
        "GoDaddy.com, LLC": 1.8691588785046729,
        "HOSTINGER operations, UAB": 1.8691588785046729,
        "NAMECHEAP": 1.8691588785046729,
        "NETIM SAS": 0.9345794392523364,
        "NETIM.com": 0.9345794392523364,
        "NameCheap, Inc.": 10.280373831775702,
        "NameSilo, LLC": 9.345794392523365,
        "Namecheap": 3.7383177570093458,
        "Nicnames, Inc.": 0.9345794392523364,
        "OVH": 0.9345794392523364,
        "One.com": 0.9345794392523364,
        "One.com A/S": 0.9345794392523364,
        "PDR Ltd. d/b/a PublicDomainRegistry.com": 0.9345794392523364,
        "Porkbun LLC": 0.9345794392523364,
        "Spaceship, Inc.": 1.8691588785046729,
        "TLD Registrar Solutions Ltd.": 0.9345794392523364,
        "Tucows Domains Inc.": 0.9345794392523364,
        "TuringSign Inc. d/b/a Cosmotown": 0.9345794392523364,
        "West263 International Limited": 16.822429906542055,
        "total": 100.0
    }
}