{
    "counter": {
        "Atak Domain Bilgi Teknolojileri A.Ş.": 2,
        "CHENGDU WEST DIMENSION DIGITAL TECHNOLOGY CO., LTD.": 2,
        "Communigal Communications Ltd": 6,
        "Danesco Trading Ltd.": 4,
        "Dynadot Inc": 10,
        "Dynadot LLC": 6,
        "GoDaddy.com, LLC": 4,
        "HOSTINGER operations, UAB": 4,
        "Name.com, Inc.": 2,
        "NameCheap, Inc.": 18,
        "NameSilo, LLC": 12,
        "Namecheap": 10,
        "Names Stop Here LLC": 2,
        "OVH": 2,
        "PDR Ltd. d/b/a PublicDomainRegistry.com": 6,
        "Porkbun": 2,
        "Porkbun, LLC": 2,
        "TLD Registrar Solutions Ltd.": 2,
        "Tucows Domains Inc.": 2,
        "VIRTUA DRUG Kutatási Szolgáltató Korlátolt Felelősségű Társaság": 2,
        "West263 International Limited": 4,
        "total": 104
    },
    "percentage": {
        "Atak Domain Bilgi Teknolojileri A.Ş.": 1.9230769230769231,
        "CHENGDU WEST DIMENSION DIGITAL TECHNOLOGY CO., LTD.": 1.9230769230769231,
        "Communigal Communications Ltd": 5.769230769230769,
        "Danesco Trading Ltd.": 3.8461538461538463,
        "Dynadot Inc": 9.615384615384615,
        "Dynadot LLC": 5.769230769230769,
        "GoDaddy.com, LLC": 3.8461538461538463,
        "HOSTINGER operations, UAB": 3.8461538461538463,
        "Name.com, Inc.": 1.9230769230769231,
        "NameCheap, Inc.": 17.307692307692307,
        "NameSilo, LLC": 11.538461538461538,
        "Namecheap": 9.615384615384615,
        "Names Stop Here LLC": 1.9230769230769231,
        "OVH": 1.9230769230769231,
        "PDR Ltd. d/b/a PublicDomainRegistry.com": 5.769230769230769,
        "Porkbun": 1.9230769230769231,
        "Porkbun, LLC": 1.9230769230769231,
        "TLD Registrar Solutions Ltd.": 1.9230769230769231,
        "Tucows Domains Inc.": 1.9230769230769231,
        "VIRTUA DRUG Kutatási Szolgáltató Korlátolt Felelősségű Társaság": 1.9230769230769231,
        "West263 International Limited": 3.8461538461538463,
        "total": 100.0
    }
}