{
    "counter": {
        "Atak Domain Bilgi Teknolojileri A.Ş.": 2,
        "CommuniGal Communication Ltd.": 2,
        "Communigal Communications Ltd": 12,
        "Danesco Trading Ltd.": 4,
        "Dynadot Inc": 14,
        "Dynadot LLC": 18,
        "GMO Internet Group, Inc. d/b/a Onamae.com": 12,
        "GoDaddy.com, LLC": 8,
        "HOSTINGER operations, UAB": 4,
        "NAMECHEAP": 2,
        "NETIM.com": 2,
        "Name.com, Inc.": 2,
        "NameCheap, Inc.": 16,
        "NameSilo, LLC": 146,
        "Namecheap": 6,
        "Nicnames, Inc.": 2,
        "OVH": 2,
        "PDR Ltd. d/b/a PublicDomainRegistry.com": 4,
        "Porkbun": 2,
        "Porkbun, LLC": 2,
        "Spaceship, Inc.": 4,
        "TLD Registrar Solutions Ltd.": 2,
        "Tucows Domains Inc.": 2,
        "VIRTUA DRUG Kutatási Szolgáltató Korlátolt Felelősségű Társaság": 4,
        "West263 International Limited": 2,
        "total": 276
    },
    "percentage": {
        "Atak Domain Bilgi Teknolojileri A.Ş.": 0.7246376811594203,
        "CommuniGal Communication Ltd.": 0.7246376811594203,
        "Communigal Communications Ltd": 4.3478260869565215,
        "Danesco Trading Ltd.": 1.4492753623188406,
        "Dynadot Inc": 5.072463768115942,
        "Dynadot LLC": 6.521739130434782,
        "GMO Internet Group, Inc. d/b/a Onamae.com": 4.3478260869565215,
        "GoDaddy.com, LLC": 2.898550724637681,
        "HOSTINGER operations, UAB": 1.4492753623188406,
        "NAMECHEAP": 0.7246376811594203,
        "NETIM.com": 0.7246376811594203,
        "Name.com, Inc.": 0.7246376811594203,
        "NameCheap, Inc.": 5.797101449275362,
        "NameSilo, LLC": 52.89855072463768,
        "Namecheap": 2.1739130434782608,
        "Nicnames, Inc.": 0.7246376811594203,
        "OVH": 0.7246376811594203,
        "PDR Ltd. d/b/a PublicDomainRegistry.com": 1.4492753623188406,
        "Porkbun": 0.7246376811594203,
        "Porkbun, LLC": 0.7246376811594203,
        "Spaceship, Inc.": 1.4492753623188406,
        "TLD Registrar Solutions Ltd.": 0.7246376811594203,
        "Tucows Domains Inc.": 0.7246376811594203,
        "VIRTUA DRUG Kutatási Szolgáltató Korlátolt Felelősségű Társaság": 1.4492753623188406,
        "West263 International Limited": 0.7246376811594203,
        "total": 100.0
    }
}