{
    "counter": {
        "Atak Domain Bilgi Teknolojileri A.Ş.": 2,
        "CommuniGal Communication Ltd.": 10,
        "Communigal Communications Ltd": 8,
        "Danesco Trading Ltd.": 4,
        "Dynadot Inc": 16,
        "Dynadot LLC": 10,
        "GoDaddy.com, LLC": 6,
        "HOSTINGER operations, UAB": 4,
        "Lucky Elephant Domains, LLC": 2,
        "Name.com, Inc.": 2,
        "NameCheap, Inc.": 18,
        "NameSilo, LLC": 154,
        "Namecheap": 4,
        "OVH": 2,
        "PDR Ltd. d/b/a PublicDomainRegistry.com": 8,
        "Porkbun": 2,
        "Spaceship, Inc.": 4,
        "TLD Registrar Solutions Ltd.": 2,
        "Tucows Domains Inc.": 2,
        "VIRTUA DRUG Kutatási Szolgáltató Korlátolt Felelősségű Társaság": 4,
        "West263 International Limited": 2,
        "total": 266
    },
    "percentage": {
        "Atak Domain Bilgi Teknolojileri A.Ş.": 0.7518796992481203,
        "CommuniGal Communication Ltd.": 3.7593984962406015,
        "Communigal Communications Ltd": 3.007518796992481,
        "Danesco Trading Ltd.": 1.5037593984962405,
        "Dynadot Inc": 6.015037593984962,
        "Dynadot LLC": 3.7593984962406015,
        "GoDaddy.com, LLC": 2.255639097744361,
        "HOSTINGER operations, UAB": 1.5037593984962405,
        "Lucky Elephant Domains, LLC": 0.7518796992481203,
        "Name.com, Inc.": 0.7518796992481203,
        "NameCheap, Inc.": 6.7669172932330826,
        "NameSilo, LLC": 57.89473684210526,
        "Namecheap": 1.5037593984962405,
        "OVH": 0.7518796992481203,
        "PDR Ltd. d/b/a PublicDomainRegistry.com": 3.007518796992481,
        "Porkbun": 0.7518796992481203,
        "Spaceship, Inc.": 1.5037593984962405,
        "TLD Registrar Solutions Ltd.": 0.7518796992481203,
        "Tucows Domains Inc.": 0.7518796992481203,
        "VIRTUA DRUG Kutatási Szolgáltató Korlátolt Felelősségű Társaság": 1.5037593984962405,
        "West263 International Limited": 0.7518796992481203,
        "total": 100.0
    }
}