{
    "counter": {
        "Alibaba Cloud Computing Ltd. d/b/a HiChina (www.net.cn)": 160,
        "CHENGDU WEST DIMENSION DIGITAL TECHNOLOGY CO., LTD.": 2,
        "Chengdu West Dimension Digital Technology Co., Ltd.": 2,
        "CommuniGal Communication Ltd.": 4,
        "Communigal Communications Ltd": 16,
        "Danesco Trading Ltd.": 2,
        "Dynadot Inc": 4,
        "Dynadot LLC": 14,
        "Gname.com Pte. Ltd.": 4,
        "Go Daddy, LLC": 4,
        "GoDaddy.com, LLC": 10,
        "Name.com, Inc.": 2,
        "NameCheap, Inc.": 6,
        "NameSilo, LLC": 10,
        "Namecheap": 14,
        "Names Stop Here LLC": 2,
        "OVH": 2,
        "Porkbun": 2,
        "Sav.com, LLC- 6": 2,
        "TLD Registrar Solutions Ltd.": 2,
        "Tucows Domains Inc.": 2,
        "West263 International Limited": 14,
        "total": 280
    },
    "percentage": {
        "Alibaba Cloud Computing Ltd. d/b/a HiChina (www.net.cn)": 57.142857142857146,
        "CHENGDU WEST DIMENSION DIGITAL TECHNOLOGY CO., LTD.": 0.7142857142857143,
        "Chengdu West Dimension Digital Technology Co., Ltd.": 0.7142857142857143,
        "CommuniGal Communication Ltd.": 1.4285714285714286,
        "Communigal Communications Ltd": 5.714285714285714,
        "Danesco Trading Ltd.": 0.7142857142857143,
        "Dynadot Inc": 1.4285714285714286,
        "Dynadot LLC": 5.0,
        "Gname.com Pte. Ltd.": 1.4285714285714286,
        "Go Daddy, LLC": 1.4285714285714286,
        "GoDaddy.com, LLC": 3.5714285714285716,
        "Name.com, Inc.": 0.7142857142857143,
        "NameCheap, Inc.": 2.142857142857143,
        "NameSilo, LLC": 3.5714285714285716,
        "Namecheap": 5.0,
        "Names Stop Here LLC": 0.7142857142857143,
        "OVH": 0.7142857142857143,
        "Porkbun": 0.7142857142857143,
        "Sav.com, LLC- 6": 0.7142857142857143,
        "TLD Registrar Solutions Ltd.": 0.7142857142857143,
        "Tucows Domains Inc.": 0.7142857142857143,
        "West263 International Limited": 5.0,
        "total": 100.0
    }
}