{
    "counter": {
        "Alibaba Cloud Computing Ltd. d/b/a HiChina (www.net.cn)": 158,
        "CHENGDU WEST DIMENSION DIGITAL TECHNOLOGY CO., LTD.": 2,
        "Chengdu West Dimension Digital Technology Co., Ltd.": 2,
        "CommuniGal Communication Ltd.": 2,
        "Communigal Communications Ltd": 30,
        "Danesco Trading Ltd.": 2,
        "Dynadot Inc": 2,
        "Dynadot LLC": 18,
        "Gname.com Pte. Ltd.": 4,
        "Go Daddy, LLC": 2,
        "GoDaddy.com, LLC": 10,
        "Name.com, Inc.": 2,
        "NameCheap, Inc.": 4,
        "NameSilo, LLC": 6,
        "Namecheap": 16,
        "PDR Ltd. d/b/a PublicDomainRegistry.com": 2,
        "Porkbun": 4,
        "Sav.com, LLC- 6": 2,
        "Tucows Domains Inc.": 2,
        "West263 International Limited": 14,
        "total": 284
    },
    "percentage": {
        "Alibaba Cloud Computing Ltd. d/b/a HiChina (www.net.cn)": 55.63380281690141,
        "CHENGDU WEST DIMENSION DIGITAL TECHNOLOGY CO., LTD.": 0.704225352112676,
        "Chengdu West Dimension Digital Technology Co., Ltd.": 0.704225352112676,
        "CommuniGal Communication Ltd.": 0.704225352112676,
        "Communigal Communications Ltd": 10.56338028169014,
        "Danesco Trading Ltd.": 0.704225352112676,
        "Dynadot Inc": 0.704225352112676,
        "Dynadot LLC": 6.338028169014085,
        "Gname.com Pte. Ltd.": 1.408450704225352,
        "Go Daddy, LLC": 0.704225352112676,
        "GoDaddy.com, LLC": 3.5211267605633805,
        "Name.com, Inc.": 0.704225352112676,
        "NameCheap, Inc.": 1.408450704225352,
        "NameSilo, LLC": 2.112676056338028,
        "Namecheap": 5.633802816901408,
        "PDR Ltd. d/b/a PublicDomainRegistry.com": 0.704225352112676,
        "Porkbun": 1.408450704225352,
        "Sav.com, LLC- 6": 0.704225352112676,
        "Tucows Domains Inc.": 0.704225352112676,
        "West263 International Limited": 4.929577464788732,
        "total": 100.0
    }
}