{
    "counter": {
        "Atak Domain Bilgi Teknolojileri A.Ş.": 2,
        "Big Dipper Domains, LLC": 2,
        "Cloudflare, Inc.": 4,
        "CommuniGal Communication Ltd.": 4,
        "Communigal Communications Ltd": 28,
        "Danesco Trading Ltd.": 6,
        "Dynadot Inc": 14,
        "Dynadot LLC": 14,
        "GMO Internet Group, Inc. d/b/a Onamae.com": 20,
        "GoDaddy.com, LLC": 4,
        "HOSTINGER operations, UAB": 4,
        "NAMECHEAP": 2,
        "NETIM.com": 2,
        "NameCheap, Inc.": 20,
        "NameSilo, LLC": 18,
        "Namecheap": 6,
        "Nicnames, Inc.": 2,
        "OVH": 2,
        "PDR Ltd. d/b/a PublicDomainRegistry.com": 4,
        "Porkbun, LLC": 2,
        "Sav.com LLC": 2,
        "Spaceship, Inc.": 4,
        "TLD Registrar Solutions Ltd.": 2,
        "Tucows Domains Inc.": 2,
        "VIRTUA DRUG Kutatási Szolgáltató Korlátolt Felelősségű Társaság": 2,
        "West263 International Limited": 36,
        "total": 208
    },
    "percentage": {
        "Atak Domain Bilgi Teknolojileri A.Ş.": 0.9615384615384616,
        "Big Dipper Domains, LLC": 0.9615384615384616,
        "Cloudflare, Inc.": 1.9230769230769231,
        "CommuniGal Communication Ltd.": 1.9230769230769231,
        "Communigal Communications Ltd": 13.461538461538462,
        "Danesco Trading Ltd.": 2.8846153846153846,
        "Dynadot Inc": 6.730769230769231,
        "Dynadot LLC": 6.730769230769231,
        "GMO Internet Group, Inc. d/b/a Onamae.com": 9.615384615384615,
        "GoDaddy.com, LLC": 1.9230769230769231,
        "HOSTINGER operations, UAB": 1.9230769230769231,
        "NAMECHEAP": 0.9615384615384616,
        "NETIM.com": 0.9615384615384616,
        "NameCheap, Inc.": 9.615384615384615,
        "NameSilo, LLC": 8.653846153846153,
        "Namecheap": 2.8846153846153846,
        "Nicnames, Inc.": 0.9615384615384616,
        "OVH": 0.9615384615384616,
        "PDR Ltd. d/b/a PublicDomainRegistry.com": 1.9230769230769231,
        "Porkbun, LLC": 0.9615384615384616,
        "Sav.com LLC": 0.9615384615384616,
        "Spaceship, Inc.": 1.9230769230769231,
        "TLD Registrar Solutions Ltd.": 0.9615384615384616,
        "Tucows Domains Inc.": 0.9615384615384616,
        "VIRTUA DRUG Kutatási Szolgáltató Korlátolt Felelősségű Társaság": 0.9615384615384616,
        "West263 International Limited": 17.307692307692307,
        "total": 100.0
    }
}