{
    "counter": {
        "Atak Domain Bilgi Teknolojileri A.Ş.": 2,
        "CommuniGal Communication Ltd.": 2,
        "Communigal Communications Ltd": 2,
        "Danesco Trading Ltd.": 4,
        "Dynadot Inc": 12,
        "Dynadot LLC": 16,
        "GMO Internet Group, Inc. d/b/a Onamae.com": 8,
        "GoDaddy.com, LLC": 6,
        "HOSTINGER operations, UAB": 4,
        "Lucky Elephant Domains, LLC": 2,
        "NETIM.com": 2,
        "Name.com, Inc.": 2,
        "NameCheap, Inc.": 14,
        "NameSilo, LLC": 156,
        "Namecheap": 4,
        "OVH": 2,
        "PDR Ltd. d/b/a PublicDomainRegistry.com": 4,
        "Porkbun": 2,
        "Porkbun, LLC": 2,
        "Spaceship, Inc.": 4,
        "TLD Registrar Solutions Ltd.": 2,
        "Tucows Domains Inc.": 2,
        "VIRTUA DRUG Kutatási Szolgáltató Korlátolt Felelősségű Társaság": 4,
        "West263 International Limited": 2,
        "total": 260
    },
    "percentage": {
        "Atak Domain Bilgi Teknolojileri A.Ş.": 0.7692307692307693,
        "CommuniGal Communication Ltd.": 0.7692307692307693,
        "Communigal Communications Ltd": 0.7692307692307693,
        "Danesco Trading Ltd.": 1.5384615384615385,
        "Dynadot Inc": 4.615384615384615,
        "Dynadot LLC": 6.153846153846154,
        "GMO Internet Group, Inc. d/b/a Onamae.com": 3.076923076923077,
        "GoDaddy.com, LLC": 2.3076923076923075,
        "HOSTINGER operations, UAB": 1.5384615384615385,
        "Lucky Elephant Domains, LLC": 0.7692307692307693,
        "NETIM.com": 0.7692307692307693,
        "Name.com, Inc.": 0.7692307692307693,
        "NameCheap, Inc.": 5.384615384615385,
        "NameSilo, LLC": 60.0,
        "Namecheap": 1.5384615384615385,
        "OVH": 0.7692307692307693,
        "PDR Ltd. d/b/a PublicDomainRegistry.com": 1.5384615384615385,
        "Porkbun": 0.7692307692307693,
        "Porkbun, LLC": 0.7692307692307693,
        "Spaceship, Inc.": 1.5384615384615385,
        "TLD Registrar Solutions Ltd.": 0.7692307692307693,
        "Tucows Domains Inc.": 0.7692307692307693,
        "VIRTUA DRUG Kutatási Szolgáltató Korlátolt Felelősségű Társaság": 1.5384615384615385,
        "West263 International Limited": 0.7692307692307693,
        "total": 100.0
    }
}