{
    "counter": {
        "Alibaba Cloud Computing Ltd. d/b/a HiChina (www.net.cn)": 160,
        "CHENGDU WEST DIMENSION DIGITAL TECHNOLOGY CO., LTD.": 2,
        "Communigal Communications Ltd": 14,
        "Danesco Trading Ltd.": 2,
        "Dynadot Inc": 8,
        "Dynadot LLC": 18,
        "GMO Internet Group, Inc. d/b/a Onamae.com": 4,
        "GMO Internet, Inc. d/b/a Onamae.com": 2,
        "Gname.com Pte. Ltd.": 6,
        "Go Daddy, LLC": 4,
        "GoDaddy.com, LLC": 6,
        "Name.com, Inc.": 2,
        "NameCheap, Inc.": 8,
        "NameSilo, LLC": 10,
        "Namecheap": 8,
        "Openprovider": 2,
        "PDR Ltd. d/b/a PublicDomainRegistry.com": 2,
        "Porkbun": 2,
        "Sav.com, LLC": 2,
        "Sav.com, LLC - 45": 2,
        "Spaceship, Inc.": 2,
        "Tucows Domains Inc.": 2,
        "Virtualia LLC": 2,
        "West263 International Limited": 14,
        "White Rhino Domains, LLC": 2,
        "total": 286
    },
    "percentage": {
        "Alibaba Cloud Computing Ltd. d/b/a HiChina (www.net.cn)": 55.94405594405595,
        "CHENGDU WEST DIMENSION DIGITAL TECHNOLOGY CO., LTD.": 0.6993006993006993,
        "Communigal Communications Ltd": 4.895104895104895,
        "Danesco Trading Ltd.": 0.6993006993006993,
        "Dynadot Inc": 2.797202797202797,
        "Dynadot LLC": 6.293706293706293,
        "GMO Internet Group, Inc. d/b/a Onamae.com": 1.3986013986013985,
        "GMO Internet, Inc. d/b/a Onamae.com": 0.6993006993006993,
        "Gname.com Pte. Ltd.": 2.097902097902098,
        "Go Daddy, LLC": 1.3986013986013985,
        "GoDaddy.com, LLC": 2.097902097902098,
        "Name.com, Inc.": 0.6993006993006993,
        "NameCheap, Inc.": 2.797202797202797,
        "NameSilo, LLC": 3.4965034965034967,
        "Namecheap": 2.797202797202797,
        "Openprovider": 0.6993006993006993,
        "PDR Ltd. d/b/a PublicDomainRegistry.com": 0.6993006993006993,
        "Porkbun": 0.6993006993006993,
        "Sav.com, LLC": 0.6993006993006993,
        "Sav.com, LLC - 45": 0.6993006993006993,
        "Spaceship, Inc.": 0.6993006993006993,
        "Tucows Domains Inc.": 0.6993006993006993,
        "Virtualia LLC": 0.6993006993006993,
        "West263 International Limited": 4.895104895104895,
        "White Rhino Domains, LLC": 0.6993006993006993,
        "total": 100.0
    }
}