{
    "counter": {
        "101domain GRS Limited": 2,
        "Big Dipper Domains, LLC": 2,
        "Cloudflare, Inc.": 4,
        "CommuniGal Communication Ltd.": 14,
        "CoreRegistry 1": 2,
        "Danesco Trading Ltd.": 4,
        "Domain Science Kutatási Szolgáltató Korlátolt Felelősségű Társaság": 2,
        "Dynadot Inc": 18,
        "Dynadot LLC": 10,
        "GMO Internet Group, Inc. d/b/a Onamae.com": 12,
        "GMO Internet, Inc. d/b/a Onamae.com": 2,
        "Gandi SAS": 2,
        "GoDaddy.com, LLC": 4,
        "HOSTINGER operations, UAB": 4,
        "NAMECHEAP": 2,
        "NETIM SAS": 2,
        "NameCheap, Inc.": 34,
        "NameSilo, LLC": 20,
        "Namecheap": 6,
        "OVH": 2,
        "One.com": 2,
        "One.com A/S": 2,
        "PDR Ltd. d/b/a PublicDomainRegistry.com": 2,
        "Porkbun LLC": 2,
        "Spaceship, Inc.": 6,
        "TLD Registrar Solutions Ltd.": 2,
        "Tucows Domains Inc.": 2,
        "TuringSign Inc. d/b/a Cosmotown": 2,
        "total": 168
    },
    "percentage": {
        "101domain GRS Limited": 1.1904761904761905,
        "Big Dipper Domains, LLC": 1.1904761904761905,
        "Cloudflare, Inc.": 2.380952380952381,
        "CommuniGal Communication Ltd.": 8.333333333333334,
        "CoreRegistry 1": 1.1904761904761905,
        "Danesco Trading Ltd.": 2.380952380952381,
        "Domain Science Kutatási Szolgáltató Korlátolt Felelősségű Társaság": 1.1904761904761905,
        "Dynadot Inc": 10.714285714285714,
        "Dynadot LLC": 5.9523809523809526,
        "GMO Internet Group, Inc. d/b/a Onamae.com": 7.142857142857143,
        "GMO Internet, Inc. d/b/a Onamae.com": 1.1904761904761905,
        "Gandi SAS": 1.1904761904761905,
        "GoDaddy.com, LLC": 2.380952380952381,
        "HOSTINGER operations, UAB": 2.380952380952381,
        "NAMECHEAP": 1.1904761904761905,
        "NETIM SAS": 1.1904761904761905,
        "NameCheap, Inc.": 20.238095238095237,
        "NameSilo, LLC": 11.904761904761905,
        "Namecheap": 3.5714285714285716,
        "OVH": 1.1904761904761905,
        "One.com": 1.1904761904761905,
        "One.com A/S": 1.1904761904761905,
        "PDR Ltd. d/b/a PublicDomainRegistry.com": 1.1904761904761905,
        "Porkbun LLC": 1.1904761904761905,
        "Spaceship, Inc.": 3.5714285714285716,
        "TLD Registrar Solutions Ltd.": 1.1904761904761905,
        "Tucows Domains Inc.": 1.1904761904761905,
        "TuringSign Inc. d/b/a Cosmotown": 1.1904761904761905,
        "total": 100.0
    }
}