{
    "counter": {
        "Atak Domain Bilgi Teknolojileri A.Ş.": 2,
        "CommuniGal Communication Ltd.": 2,
        "Communigal Communications Ltd": 6,
        "Danesco Trading Ltd.": 4,
        "Dynadot Inc": 12,
        "Dynadot LLC": 18,
        "GMO Internet Group, Inc. d/b/a Onamae.com": 12,
        "GoDaddy.com, LLC": 8,
        "HOSTINGER operations, UAB": 4,
        "Lucky Elephant Domains, LLC": 2,
        "NAMECHEAP": 2,
        "NETIM.com": 2,
        "Name.com, Inc.": 2,
        "NameCheap, Inc.": 16,
        "NameSilo, LLC": 146,
        "Namecheap": 6,
        "Nicnames, Inc.": 2,
        "OVH": 2,
        "PDR Ltd. d/b/a PublicDomainRegistry.com": 4,
        "Porkbun": 2,
        "Porkbun, LLC": 2,
        "Spaceship, Inc.": 4,
        "TLD Registrar Solutions Ltd.": 2,
        "Tucows Domains Inc.": 2,
        "VIRTUA DRUG Kutatási Szolgáltató Korlátolt Felelősségű Társaság": 4,
        "West263 International Limited": 2,
        "total": 270
    },
    "percentage": {
        "Atak Domain Bilgi Teknolojileri A.Ş.": 0.7407407407407407,
        "CommuniGal Communication Ltd.": 0.7407407407407407,
        "Communigal Communications Ltd": 2.2222222222222223,
        "Danesco Trading Ltd.": 1.4814814814814814,
        "Dynadot Inc": 4.444444444444445,
        "Dynadot LLC": 6.666666666666667,
        "GMO Internet Group, Inc. d/b/a Onamae.com": 4.444444444444445,
        "GoDaddy.com, LLC": 2.962962962962963,
        "HOSTINGER operations, UAB": 1.4814814814814814,
        "Lucky Elephant Domains, LLC": 0.7407407407407407,
        "NAMECHEAP": 0.7407407407407407,
        "NETIM.com": 0.7407407407407407,
        "Name.com, Inc.": 0.7407407407407407,
        "NameCheap, Inc.": 5.925925925925926,
        "NameSilo, LLC": 54.074074074074076,
        "Namecheap": 2.2222222222222223,
        "Nicnames, Inc.": 0.7407407407407407,
        "OVH": 0.7407407407407407,
        "PDR Ltd. d/b/a PublicDomainRegistry.com": 1.4814814814814814,
        "Porkbun": 0.7407407407407407,
        "Porkbun, LLC": 0.7407407407407407,
        "Spaceship, Inc.": 1.4814814814814814,
        "TLD Registrar Solutions Ltd.": 0.7407407407407407,
        "Tucows Domains Inc.": 0.7407407407407407,
        "VIRTUA DRUG Kutatási Szolgáltató Korlátolt Felelősségű Társaság": 1.4814814814814814,
        "West263 International Limited": 0.7407407407407407,
        "total": 100.0
    }
}