{
    "counter": {
        "Atak Domain Bilgi Teknolojileri A.Ş.": 2,
        "CommuniGal Communication Ltd.": 2,
        "Danesco Trading Ltd.": 4,
        "Dynadot Inc": 14,
        "Dynadot LLC": 8,
        "GoDaddy.com, LLC": 6,
        "HOSTINGER operations, UAB": 4,
        "Hosting Concepts B.V. d/b/a Registrar.eu": 2,
        "Lucky Elephant Domains, LLC": 2,
        "Name.com, Inc.": 2,
        "NameCheap, Inc.": 18,
        "NameSilo, LLC": 124,
        "Namecheap": 10,
        "OVH": 2,
        "PDR Ltd. d/b/a PublicDomainRegistry.com": 8,
        "Sav.com, LLC - 32": 2,
        "Sav.com, LLC - 46": 2,
        "Sav.com, LLC- 6": 2,
        "TLD Registrar Solutions Ltd.": 2,
        "Tucows Domains Inc.": 2,
        "VIRTUA DRUG Kutatási Szolgáltató Korlátolt Felelősségű Társaság": 4,
        "total": 222
    },
    "percentage": {
        "Atak Domain Bilgi Teknolojileri A.Ş.": 0.9009009009009009,
        "CommuniGal Communication Ltd.": 0.9009009009009009,
        "Danesco Trading Ltd.": 1.8018018018018018,
        "Dynadot Inc": 6.306306306306307,
        "Dynadot LLC": 3.6036036036036037,
        "GoDaddy.com, LLC": 2.7027027027027026,
        "HOSTINGER operations, UAB": 1.8018018018018018,
        "Hosting Concepts B.V. d/b/a Registrar.eu": 0.9009009009009009,
        "Lucky Elephant Domains, LLC": 0.9009009009009009,
        "Name.com, Inc.": 0.9009009009009009,
        "NameCheap, Inc.": 8.108108108108109,
        "NameSilo, LLC": 55.85585585585586,
        "Namecheap": 4.504504504504505,
        "OVH": 0.9009009009009009,
        "PDR Ltd. d/b/a PublicDomainRegistry.com": 3.6036036036036037,
        "Sav.com, LLC - 32": 0.9009009009009009,
        "Sav.com, LLC - 46": 0.9009009009009009,
        "Sav.com, LLC- 6": 0.9009009009009009,
        "TLD Registrar Solutions Ltd.": 0.9009009009009009,
        "Tucows Domains Inc.": 0.9009009009009009,
        "VIRTUA DRUG Kutatási Szolgáltató Korlátolt Felelősségű Társaság": 1.8018018018018018,
        "total": 100.0
    }
}