{
    "counter": {
        "Alibaba Cloud Computing Ltd. d/b/a HiChina (www.net.cn)": 160,
        "CHENGDU WEST DIMENSION DIGITAL TECHNOLOGY CO., LTD.": 2,
        "Chengdu West Dimension Digital Technology Co., Ltd.": 2,
        "CommuniGal Communication Ltd.": 2,
        "Communigal Communications Ltd": 14,
        "Danesco Trading Ltd.": 2,
        "Dynadot Inc": 4,
        "Dynadot LLC": 18,
        "Gname.com Pte. Ltd.": 4,
        "Go Daddy, LLC": 2,
        "GoDaddy.com, LLC": 10,
        "Name.com, Inc.": 2,
        "NameCheap, Inc.": 4,
        "NameSilo, LLC": 6,
        "Namecheap": 16,
        "PDR Ltd. d/b/a PublicDomainRegistry.com": 2,
        "Porkbun": 4,
        "Sav.com, LLC- 6": 2,
        "Tucows Domains Inc.": 2,
        "West263 International Limited": 14,
        "total": 272
    },
    "percentage": {
        "Alibaba Cloud Computing Ltd. d/b/a HiChina (www.net.cn)": 58.8235294117647,
        "CHENGDU WEST DIMENSION DIGITAL TECHNOLOGY CO., LTD.": 0.7352941176470589,
        "Chengdu West Dimension Digital Technology Co., Ltd.": 0.7352941176470589,
        "CommuniGal Communication Ltd.": 0.7352941176470589,
        "Communigal Communications Ltd": 5.147058823529412,
        "Danesco Trading Ltd.": 0.7352941176470589,
        "Dynadot Inc": 1.4705882352941178,
        "Dynadot LLC": 6.617647058823529,
        "Gname.com Pte. Ltd.": 1.4705882352941178,
        "Go Daddy, LLC": 0.7352941176470589,
        "GoDaddy.com, LLC": 3.676470588235294,
        "Name.com, Inc.": 0.7352941176470589,
        "NameCheap, Inc.": 1.4705882352941178,
        "NameSilo, LLC": 2.2058823529411766,
        "Namecheap": 5.882352941176471,
        "PDR Ltd. d/b/a PublicDomainRegistry.com": 0.7352941176470589,
        "Porkbun": 1.4705882352941178,
        "Sav.com, LLC- 6": 0.7352941176470589,
        "Tucows Domains Inc.": 0.7352941176470589,
        "West263 International Limited": 5.147058823529412,
        "total": 100.0
    }
}