{
    "counter": {
        "Atak Domain Bilgi Teknolojileri A.Ş.": 2,
        "CommuniGal Communication Ltd.": 2,
        "Danesco Trading Ltd.": 4,
        "Dynadot Inc": 14,
        "Dynadot LLC": 10,
        "GoDaddy.com, LLC": 6,
        "HOSTINGER operations, UAB": 4,
        "Hosting Concepts B.V. d/b/a Registrar.eu": 2,
        "Lucky Elephant Domains, LLC": 2,
        "NameCheap, Inc.": 18,
        "NameSilo, LLC": 130,
        "Namecheap": 6,
        "OVH": 2,
        "PDR Ltd. d/b/a PublicDomainRegistry.com": 8,
        "Sav.com, LLC - 32": 2,
        "Sav.com, LLC - 46": 2,
        "Sav.com, LLC- 6": 2,
        "TLD Registrar Solutions Ltd.": 2,
        "Tucows Domains Inc.": 2,
        "VIRTUA DRUG Kutatási Szolgáltató Korlátolt Felelősségű Társaság": 6,
        "total": 226
    },
    "percentage": {
        "Atak Domain Bilgi Teknolojileri A.Ş.": 0.8849557522123894,
        "CommuniGal Communication Ltd.": 0.8849557522123894,
        "Danesco Trading Ltd.": 1.7699115044247788,
        "Dynadot Inc": 6.1946902654867255,
        "Dynadot LLC": 4.424778761061947,
        "GoDaddy.com, LLC": 2.6548672566371683,
        "HOSTINGER operations, UAB": 1.7699115044247788,
        "Hosting Concepts B.V. d/b/a Registrar.eu": 0.8849557522123894,
        "Lucky Elephant Domains, LLC": 0.8849557522123894,
        "NameCheap, Inc.": 7.964601769911504,
        "NameSilo, LLC": 57.52212389380531,
        "Namecheap": 2.6548672566371683,
        "OVH": 0.8849557522123894,
        "PDR Ltd. d/b/a PublicDomainRegistry.com": 3.5398230088495577,
        "Sav.com, LLC - 32": 0.8849557522123894,
        "Sav.com, LLC - 46": 0.8849557522123894,
        "Sav.com, LLC- 6": 0.8849557522123894,
        "TLD Registrar Solutions Ltd.": 0.8849557522123894,
        "Tucows Domains Inc.": 0.8849557522123894,
        "VIRTUA DRUG Kutatási Szolgáltató Korlátolt Felelősségű Társaság": 2.6548672566371683,
        "total": 100.0
    }
}