{
    "counter": {
        "Atak Domain Bilgi Teknolojileri A.Ş.": 2,
        "CommuniGal Communication Ltd.": 2,
        "Danesco Trading Ltd.": 4,
        "Dynadot Inc": 14,
        "Dynadot LLC": 10,
        "GoDaddy.com, LLC": 6,
        "HOSTINGER operations, UAB": 4,
        "Lucky Elephant Domains, LLC": 2,
        "Name.com, Inc.": 2,
        "NameCheap, Inc.": 18,
        "NameSilo, LLC": 156,
        "Namecheap": 4,
        "OVH": 2,
        "PDR Ltd. d/b/a PublicDomainRegistry.com": 8,
        "Porkbun": 2,
        "Spaceship, Inc.": 4,
        "TLD Registrar Solutions Ltd.": 2,
        "Tucows Domains Inc.": 2,
        "VIRTUA DRUG Kutatási Szolgáltató Korlátolt Felelősségű Társaság": 4,
        "total": 248
    },
    "percentage": {
        "Atak Domain Bilgi Teknolojileri A.Ş.": 0.8064516129032258,
        "CommuniGal Communication Ltd.": 0.8064516129032258,
        "Danesco Trading Ltd.": 1.6129032258064515,
        "Dynadot Inc": 5.645161290322581,
        "Dynadot LLC": 4.032258064516129,
        "GoDaddy.com, LLC": 2.4193548387096775,
        "HOSTINGER operations, UAB": 1.6129032258064515,
        "Lucky Elephant Domains, LLC": 0.8064516129032258,
        "Name.com, Inc.": 0.8064516129032258,
        "NameCheap, Inc.": 7.258064516129032,
        "NameSilo, LLC": 62.903225806451616,
        "Namecheap": 1.6129032258064515,
        "OVH": 0.8064516129032258,
        "PDR Ltd. d/b/a PublicDomainRegistry.com": 3.225806451612903,
        "Porkbun": 0.8064516129032258,
        "Spaceship, Inc.": 1.6129032258064515,
        "TLD Registrar Solutions Ltd.": 0.8064516129032258,
        "Tucows Domains Inc.": 0.8064516129032258,
        "VIRTUA DRUG Kutatási Szolgáltató Korlátolt Felelősségű Társaság": 1.6129032258064515,
        "total": 100.0
    }
}