{
    "counter": {
        "Atak Domain Bilgi Teknolojileri A.Ş.": 2,
        "Cloudflare, Inc.": 2,
        "CommuniGal Communication Ltd.": 2,
        "Communigal Communications Ltd": 2,
        "Danesco Trading Ltd.": 4,
        "Dynadot Inc": 10,
        "Dynadot LLC": 16,
        "GMO Internet Group, Inc. d/b/a Onamae.com": 6,
        "GoDaddy.com, LLC": 6,
        "HOSTINGER operations, UAB": 4,
        "Lucky Elephant Domains, LLC": 2,
        "NameCheap, Inc.": 14,
        "NameSilo, LLC": 156,
        "Namecheap": 4,
        "OVH": 2,
        "PDR Ltd. d/b/a PublicDomainRegistry.com": 6,
        "Porkbun": 2,
        "Spaceship, Inc.": 4,
        "TLD Registrar Solutions Ltd.": 2,
        "Tucows Domains Inc.": 2,
        "VIRTUA DRUG Kutatási Szolgáltató Korlátolt Felelősségű Társaság": 4,
        "West263 International Limited": 2,
        "total": 254
    },
    "percentage": {
        "Atak Domain Bilgi Teknolojileri A.Ş.": 0.7874015748031497,
        "Cloudflare, Inc.": 0.7874015748031497,
        "CommuniGal Communication Ltd.": 0.7874015748031497,
        "Communigal Communications Ltd": 0.7874015748031497,
        "Danesco Trading Ltd.": 1.5748031496062993,
        "Dynadot Inc": 3.937007874015748,
        "Dynadot LLC": 6.299212598425197,
        "GMO Internet Group, Inc. d/b/a Onamae.com": 2.3622047244094486,
        "GoDaddy.com, LLC": 2.3622047244094486,
        "HOSTINGER operations, UAB": 1.5748031496062993,
        "Lucky Elephant Domains, LLC": 0.7874015748031497,
        "NameCheap, Inc.": 5.511811023622047,
        "NameSilo, LLC": 61.41732283464567,
        "Namecheap": 1.5748031496062993,
        "OVH": 0.7874015748031497,
        "PDR Ltd. d/b/a PublicDomainRegistry.com": 2.3622047244094486,
        "Porkbun": 0.7874015748031497,
        "Spaceship, Inc.": 1.5748031496062993,
        "TLD Registrar Solutions Ltd.": 0.7874015748031497,
        "Tucows Domains Inc.": 0.7874015748031497,
        "VIRTUA DRUG Kutatási Szolgáltató Korlátolt Felelősségű Társaság": 1.5748031496062993,
        "West263 International Limited": 0.7874015748031497,
        "total": 100.0
    }
}