{
    "counter": {
        "101domain GRS Limited": 2,
        "Big Dipper Domains, LLC": 2,
        "Chengdu West Dimension Digital Technology Co., Ltd.": 2,
        "CommuniGal Communication Ltd.": 6,
        "Danesco Trading Ltd.": 4,
        "Devexpanse Ltd": 2,
        "Dynadot Inc": 34,
        "Dynadot LLC": 10,
        "GMO Internet Group, Inc. d/b/a Onamae.com": 16,
        "GMO Internet, Inc. d/b/a Onamae.com": 2,
        "Gandi SAS": 4,
        "GoDaddy.com, LLC": 8,
        "Gransy, s.r.o.": 2,
        "HOSTINGER operations, UAB": 4,
        "NETIM SAS": 2,
        "NameCheap, Inc.": 22,
        "NameSilo, LLC": 60,
        "Namecheap": 4,
        "OVH": 2,
        "One.com": 2,
        "PDR Ltd. d/b/a PublicDomainRegistry.com": 4,
        "Porkbun": 6,
        "Porkbun LLC": 2,
        "Sav.com, LLC - 32": 2,
        "Sav.com, LLC - 46": 2,
        "Spaceship, Inc.": 6,
        "TLD Registrar Solutions Ltd.": 2,
        "Tucows Domains Inc.": 2,
        "TuringSign Inc. d/b/a Cosmotown": 2,
        "total": 218
    },
    "percentage": {
        "101domain GRS Limited": 0.9174311926605505,
        "Big Dipper Domains, LLC": 0.9174311926605505,
        "Chengdu West Dimension Digital Technology Co., Ltd.": 0.9174311926605505,
        "CommuniGal Communication Ltd.": 2.7522935779816513,
        "Danesco Trading Ltd.": 1.834862385321101,
        "Devexpanse Ltd": 0.9174311926605505,
        "Dynadot Inc": 15.596330275229358,
        "Dynadot LLC": 4.587155963302752,
        "GMO Internet Group, Inc. d/b/a Onamae.com": 7.339449541284404,
        "GMO Internet, Inc. d/b/a Onamae.com": 0.9174311926605505,
        "Gandi SAS": 1.834862385321101,
        "GoDaddy.com, LLC": 3.669724770642202,
        "Gransy, s.r.o.": 0.9174311926605505,
        "HOSTINGER operations, UAB": 1.834862385321101,
        "NETIM SAS": 0.9174311926605505,
        "NameCheap, Inc.": 10.091743119266056,
        "NameSilo, LLC": 27.522935779816514,
        "Namecheap": 1.834862385321101,
        "OVH": 0.9174311926605505,
        "One.com": 0.9174311926605505,
        "PDR Ltd. d/b/a PublicDomainRegistry.com": 1.834862385321101,
        "Porkbun": 2.7522935779816513,
        "Porkbun LLC": 0.9174311926605505,
        "Sav.com, LLC - 32": 0.9174311926605505,
        "Sav.com, LLC - 46": 0.9174311926605505,
        "Spaceship, Inc.": 2.7522935779816513,
        "TLD Registrar Solutions Ltd.": 0.9174311926605505,
        "Tucows Domains Inc.": 0.9174311926605505,
        "TuringSign Inc. d/b/a Cosmotown": 0.9174311926605505,
        "total": 100.0
    }
}