{
    "counter": {
        "101domain GRS Limited": 2,
        "Cloudflare, Inc.": 2,
        "CommuniGal Communication Ltd.": 14,
        "CoreRegistry 1": 2,
        "Danesco Trading Ltd.": 4,
        "Domain Science Kutatási Szolgáltató Korlátolt Felelősségű Társaság": 2,
        "Dynadot Inc": 12,
        "Dynadot LLC": 10,
        "GMO Internet Group, Inc. d/b/a Onamae.com": 8,
        "GMO Internet, Inc. d/b/a Onamae.com": 2,
        "Gandi SAS": 2,
        "GoDaddy.com, LLC": 4,
        "Gransy, s.r.o.": 2,
        "HOSTINGER operations, UAB": 2,
        "NAMECHEAP": 2,
        "NETIM SAS": 2,
        "NameCheap, Inc.": 22,
        "NameSilo, LLC": 20,
        "Namecheap": 6,
        "OVH": 2,
        "One.com": 2,
        "One.com A/S": 2,
        "PDR Ltd. d/b/a PublicDomainRegistry.com": 2,
        "Porkbun": 4,
        "Porkbun LLC": 2,
        "Spaceship, Inc.": 6,
        "TLD Registrar Solutions Ltd.": 2,
        "Tucows Domains Inc.": 2,
        "TuringSign Inc. d/b/a Cosmotown": 2,
        "total": 146
    },
    "percentage": {
        "101domain GRS Limited": 1.36986301369863,
        "Cloudflare, Inc.": 1.36986301369863,
        "CommuniGal Communication Ltd.": 9.58904109589041,
        "CoreRegistry 1": 1.36986301369863,
        "Danesco Trading Ltd.": 2.73972602739726,
        "Domain Science Kutatási Szolgáltató Korlátolt Felelősségű Társaság": 1.36986301369863,
        "Dynadot Inc": 8.219178082191782,
        "Dynadot LLC": 6.8493150684931505,
        "GMO Internet Group, Inc. d/b/a Onamae.com": 5.47945205479452,
        "GMO Internet, Inc. d/b/a Onamae.com": 1.36986301369863,
        "Gandi SAS": 1.36986301369863,
        "GoDaddy.com, LLC": 2.73972602739726,
        "Gransy, s.r.o.": 1.36986301369863,
        "HOSTINGER operations, UAB": 1.36986301369863,
        "NAMECHEAP": 1.36986301369863,
        "NETIM SAS": 1.36986301369863,
        "NameCheap, Inc.": 15.068493150684931,
        "NameSilo, LLC": 13.698630136986301,
        "Namecheap": 4.109589041095891,
        "OVH": 1.36986301369863,
        "One.com": 1.36986301369863,
        "One.com A/S": 1.36986301369863,
        "PDR Ltd. d/b/a PublicDomainRegistry.com": 1.36986301369863,
        "Porkbun": 2.73972602739726,
        "Porkbun LLC": 1.36986301369863,
        "Spaceship, Inc.": 4.109589041095891,
        "TLD Registrar Solutions Ltd.": 1.36986301369863,
        "Tucows Domains Inc.": 1.36986301369863,
        "TuringSign Inc. d/b/a Cosmotown": 1.36986301369863,
        "total": 100.0
    }
}