{
    "counter": {
        "CHENGDU WEST DIMENSION DIGITAL TECHNOLOGY CO., LTD.": 2,
        "Chengdu West Dimension Digital Technology Co., Ltd.": 2,
        "CommuniGal Communication Ltd.": 2,
        "Communigal Communications Ltd": 10,
        "Danesco Trading Ltd.": 2,
        "Dynadot Inc": 4,
        "Dynadot LLC": 14,
        "Gname.com Pte. Ltd.": 4,
        "GoDaddy.com, LLC": 8,
        "Name.com, Inc.": 2,
        "NameCheap, Inc.": 14,
        "NameSilo, LLC": 10,
        "Namecheap": 14,
        "Names Stop Here LLC": 2,
        "OVH": 2,
        "Porkbun": 4,
        "Porkbun, LLC": 2,
        "Sav.com, LLC- 6": 2,
        "TLD Registrar Solutions Ltd.": 2,
        "Tucows Domains Inc.": 2,
        "VIRTUA DRUG Kutatási Szolgáltató Korlátolt Felelősségű Társaság": 2,
        "West263 International Limited": 4,
        "total": 110
    },
    "percentage": {
        "CHENGDU WEST DIMENSION DIGITAL TECHNOLOGY CO., LTD.": 1.8181818181818181,
        "Chengdu West Dimension Digital Technology Co., Ltd.": 1.8181818181818181,
        "CommuniGal Communication Ltd.": 1.8181818181818181,
        "Communigal Communications Ltd": 9.090909090909092,
        "Danesco Trading Ltd.": 1.8181818181818181,
        "Dynadot Inc": 3.6363636363636362,
        "Dynadot LLC": 12.727272727272727,
        "Gname.com Pte. Ltd.": 3.6363636363636362,
        "GoDaddy.com, LLC": 7.2727272727272725,
        "Name.com, Inc.": 1.8181818181818181,
        "NameCheap, Inc.": 12.727272727272727,
        "NameSilo, LLC": 9.090909090909092,
        "Namecheap": 12.727272727272727,
        "Names Stop Here LLC": 1.8181818181818181,
        "OVH": 1.8181818181818181,
        "Porkbun": 3.6363636363636362,
        "Porkbun, LLC": 1.8181818181818181,
        "Sav.com, LLC- 6": 1.8181818181818181,
        "TLD Registrar Solutions Ltd.": 1.8181818181818181,
        "Tucows Domains Inc.": 1.8181818181818181,
        "VIRTUA DRUG Kutatási Szolgáltató Korlátolt Felelősségű Társaság": 1.8181818181818181,
        "West263 International Limited": 3.6363636363636362,
        "total": 100.0
    }
}