{
    "counter": {
        "Atak Domain Bilgi Teknolojileri A.Ş.": 2,
        "Big Dipper Domains, LLC": 2,
        "Cloudflare, Inc.": 4,
        "CommuniGal Communication Ltd.": 4,
        "Communigal Communications Ltd": 28,
        "Danesco Trading Ltd.": 6,
        "Dynadot Inc": 14,
        "Dynadot LLC": 12,
        "GMO Internet Group, Inc. d/b/a Onamae.com": 18,
        "Gname.com Pte. Ltd.": 2,
        "GoDaddy.com, LLC": 4,
        "HOSTINGER operations, UAB": 4,
        "NAMECHEAP": 2,
        "NETIM.com": 2,
        "NameCheap, Inc.": 18,
        "NameSilo, LLC": 18,
        "Namecheap": 4,
        "Nicnames, Inc.": 2,
        "OVH": 2,
        "PDR Ltd. d/b/a PublicDomainRegistry.com": 4,
        "Porkbun": 2,
        "Porkbun, LLC": 2,
        "Sav.com LLC": 2,
        "Spaceship, Inc.": 4,
        "TLD Registrar Solutions Ltd.": 2,
        "Tucows Domains Inc.": 2,
        "VIRTUA DRUG Kutatási Szolgáltató Korlátolt Felelősségű Társaság": 2,
        "West263 International Limited": 36,
        "total": 204
    },
    "percentage": {
        "Atak Domain Bilgi Teknolojileri A.Ş.": 0.9803921568627451,
        "Big Dipper Domains, LLC": 0.9803921568627451,
        "Cloudflare, Inc.": 1.9607843137254901,
        "CommuniGal Communication Ltd.": 1.9607843137254901,
        "Communigal Communications Ltd": 13.72549019607843,
        "Danesco Trading Ltd.": 2.9411764705882355,
        "Dynadot Inc": 6.862745098039215,
        "Dynadot LLC": 5.882352941176471,
        "GMO Internet Group, Inc. d/b/a Onamae.com": 8.823529411764707,
        "Gname.com Pte. Ltd.": 0.9803921568627451,
        "GoDaddy.com, LLC": 1.9607843137254901,
        "HOSTINGER operations, UAB": 1.9607843137254901,
        "NAMECHEAP": 0.9803921568627451,
        "NETIM.com": 0.9803921568627451,
        "NameCheap, Inc.": 8.823529411764707,
        "NameSilo, LLC": 8.823529411764707,
        "Namecheap": 1.9607843137254901,
        "Nicnames, Inc.": 0.9803921568627451,
        "OVH": 0.9803921568627451,
        "PDR Ltd. d/b/a PublicDomainRegistry.com": 1.9607843137254901,
        "Porkbun": 0.9803921568627451,
        "Porkbun, LLC": 0.9803921568627451,
        "Sav.com LLC": 0.9803921568627451,
        "Spaceship, Inc.": 1.9607843137254901,
        "TLD Registrar Solutions Ltd.": 0.9803921568627451,
        "Tucows Domains Inc.": 0.9803921568627451,
        "VIRTUA DRUG Kutatási Szolgáltató Korlátolt Felelősségű Társaság": 0.9803921568627451,
        "West263 International Limited": 17.647058823529413,
        "total": 100.0
    }
}