{
    "counter": {
        "Communigal Communications Ltd": 18,
        "Dynadot LLC": 10,
        "GoDaddy.com, LLC": 2,
        "NameSilo, LLC": 8,
        "West263 International Limited": 36,
        "total": 74
    },
    "percentage": {
        "Communigal Communications Ltd": 24.324324324324323,
        "Dynadot LLC": 13.513513513513514,
        "GoDaddy.com, LLC": 2.7027027027027026,
        "NameSilo, LLC": 10.81081081081081,
        "West263 International Limited": 48.648648648648646,
        "total": 100.0
    }
}