{
    "counter": {
        "101domain GRS Limited": 2,
        "Big Dipper Domains, LLC": 2,
        "Chengdu West Dimension Digital Technology Co., Ltd.": 2,
        "CommuniGal Communication Ltd.": 6,
        "Danesco Trading Ltd.": 4,
        "Devexpanse Ltd": 2,
        "Domain Science Kutatási Szolgáltató Korlátolt Felelősségű Társaság": 2,
        "Dynadot Inc": 32,
        "Dynadot LLC": 10,
        "GMO Internet Group, Inc. d/b/a Onamae.com": 14,
        "Gandi SAS": 4,
        "GoDaddy.com, LLC": 4,
        "Gransy, s.r.o.": 2,
        "HOSTINGER operations, UAB": 4,
        "NETIM SAS": 2,
        "NameCheap, Inc.": 28,
        "NameSilo, LLC": 56,
        "Namecheap": 6,
        "OVH": 2,
        "One.com": 2,
        "One.com A/S": 2,
        "PDR Ltd. d/b/a PublicDomainRegistry.com": 4,
        "Porkbun": 6,
        "Porkbun LLC": 2,
        "Sav.com, LLC - 32": 2,
        "Sav.com, LLC - 46": 2,
        "Spaceship, Inc.": 8,
        "TLD Registrar Solutions Ltd.": 2,
        "Tucows Domains Inc.": 2,
        "TuringSign Inc. d/b/a Cosmotown": 2,
        "total": 218
    },
    "percentage": {
        "101domain GRS Limited": 0.9174311926605505,
        "Big Dipper Domains, LLC": 0.9174311926605505,
        "Chengdu West Dimension Digital Technology Co., Ltd.": 0.9174311926605505,
        "CommuniGal Communication Ltd.": 2.7522935779816513,
        "Danesco Trading Ltd.": 1.834862385321101,
        "Devexpanse Ltd": 0.9174311926605505,
        "Domain Science Kutatási Szolgáltató Korlátolt Felelősségű Társaság": 0.9174311926605505,
        "Dynadot Inc": 14.678899082568808,
        "Dynadot LLC": 4.587155963302752,
        "GMO Internet Group, Inc. d/b/a Onamae.com": 6.422018348623853,
        "Gandi SAS": 1.834862385321101,
        "GoDaddy.com, LLC": 1.834862385321101,
        "Gransy, s.r.o.": 0.9174311926605505,
        "HOSTINGER operations, UAB": 1.834862385321101,
        "NETIM SAS": 0.9174311926605505,
        "NameCheap, Inc.": 12.844036697247706,
        "NameSilo, LLC": 25.68807339449541,
        "Namecheap": 2.7522935779816513,
        "OVH": 0.9174311926605505,
        "One.com": 0.9174311926605505,
        "One.com A/S": 0.9174311926605505,
        "PDR Ltd. d/b/a PublicDomainRegistry.com": 1.834862385321101,
        "Porkbun": 2.7522935779816513,
        "Porkbun LLC": 0.9174311926605505,
        "Sav.com, LLC - 32": 0.9174311926605505,
        "Sav.com, LLC - 46": 0.9174311926605505,
        "Spaceship, Inc.": 3.669724770642202,
        "TLD Registrar Solutions Ltd.": 0.9174311926605505,
        "Tucows Domains Inc.": 0.9174311926605505,
        "TuringSign Inc. d/b/a Cosmotown": 0.9174311926605505,
        "total": 100.0
    }
}