{
    "counter": {
        "Alibaba Cloud Computing Ltd. d/b/a HiChina (www.net.cn)": 158,
        "CHENGDU WEST DIMENSION DIGITAL TECHNOLOGY CO., LTD.": 2,
        "Chengdu West Dimension Digital Technology Co., Ltd.": 2,
        "CommuniGal Communication Ltd.": 2,
        "Communigal Communications Ltd": 14,
        "Danesco Trading Ltd.": 2,
        "Dynadot Inc": 4,
        "Dynadot LLC": 16,
        "GMO Internet, Inc. d/b/a Onamae.com": 2,
        "Gname.com Pte. Ltd.": 6,
        "Go Daddy, LLC": 4,
        "GoDaddy.com, LLC": 8,
        "Name.com, Inc.": 2,
        "NameCheap, Inc.": 10,
        "NameSilo, LLC": 6,
        "Namecheap": 12,
        "PDR Ltd. d/b/a PublicDomainRegistry.com": 2,
        "Porkbun": 2,
        "Sav.com, LLC- 6": 2,
        "Tucows Domains Inc.": 2,
        "West263 International Limited": 14,
        "White Rhino Domains, LLC": 2,
        "total": 274
    },
    "percentage": {
        "Alibaba Cloud Computing Ltd. d/b/a HiChina (www.net.cn)": 57.66423357664234,
        "CHENGDU WEST DIMENSION DIGITAL TECHNOLOGY CO., LTD.": 0.7299270072992701,
        "Chengdu West Dimension Digital Technology Co., Ltd.": 0.7299270072992701,
        "CommuniGal Communication Ltd.": 0.7299270072992701,
        "Communigal Communications Ltd": 5.109489051094891,
        "Danesco Trading Ltd.": 0.7299270072992701,
        "Dynadot Inc": 1.4598540145985401,
        "Dynadot LLC": 5.839416058394161,
        "GMO Internet, Inc. d/b/a Onamae.com": 0.7299270072992701,
        "Gname.com Pte. Ltd.": 2.18978102189781,
        "Go Daddy, LLC": 1.4598540145985401,
        "GoDaddy.com, LLC": 2.9197080291970803,
        "Name.com, Inc.": 0.7299270072992701,
        "NameCheap, Inc.": 3.6496350364963503,
        "NameSilo, LLC": 2.18978102189781,
        "Namecheap": 4.37956204379562,
        "PDR Ltd. d/b/a PublicDomainRegistry.com": 0.7299270072992701,
        "Porkbun": 0.7299270072992701,
        "Sav.com, LLC- 6": 0.7299270072992701,
        "Tucows Domains Inc.": 0.7299270072992701,
        "West263 International Limited": 5.109489051094891,
        "White Rhino Domains, LLC": 0.7299270072992701,
        "total": 100.0
    }
}