{
    "counter": {
        "Atak Domain Bilgi Teknolojileri A.Ş.": 2,
        "Communigal Communications Ltd": 6,
        "Danesco Trading Ltd.": 4,
        "Dynadot Inc": 12,
        "Dynadot LLC": 6,
        "GoDaddy.com, LLC": 4,
        "HOSTINGER operations, UAB": 4,
        "Name.com, Inc.": 2,
        "NameCheap, Inc.": 18,
        "NameSilo, LLC": 18,
        "Namecheap": 10,
        "Names Stop Here LLC": 2,
        "OVH": 2,
        "PDR Ltd. d/b/a PublicDomainRegistry.com": 8,
        "Porkbun": 2,
        "Porkbun, LLC": 2,
        "TLD Registrar Solutions Ltd.": 2,
        "Tucows Domains Inc.": 2,
        "VIRTUA DRUG Kutatási Szolgáltató Korlátolt Felelősségű Társaság": 2,
        "West263 International Limited": 4,
        "total": 112
    },
    "percentage": {
        "Atak Domain Bilgi Teknolojileri A.Ş.": 1.7857142857142858,
        "Communigal Communications Ltd": 5.357142857142857,
        "Danesco Trading Ltd.": 3.5714285714285716,
        "Dynadot Inc": 10.714285714285714,
        "Dynadot LLC": 5.357142857142857,
        "GoDaddy.com, LLC": 3.5714285714285716,
        "HOSTINGER operations, UAB": 3.5714285714285716,
        "Name.com, Inc.": 1.7857142857142858,
        "NameCheap, Inc.": 16.071428571428573,
        "NameSilo, LLC": 16.071428571428573,
        "Namecheap": 8.928571428571429,
        "Names Stop Here LLC": 1.7857142857142858,
        "OVH": 1.7857142857142858,
        "PDR Ltd. d/b/a PublicDomainRegistry.com": 7.142857142857143,
        "Porkbun": 1.7857142857142858,
        "Porkbun, LLC": 1.7857142857142858,
        "TLD Registrar Solutions Ltd.": 1.7857142857142858,
        "Tucows Domains Inc.": 1.7857142857142858,
        "VIRTUA DRUG Kutatási Szolgáltató Korlátolt Felelősségű Társaság": 1.7857142857142858,
        "West263 International Limited": 3.5714285714285716,
        "total": 100.0
    }
}