{
    "counter": {
        "Alibaba Cloud Computing Ltd. d/b/a HiChina (www.net.cn)": 158,
        "CHENGDU WEST DIMENSION DIGITAL TECHNOLOGY CO., LTD.": 2,
        "Chengdu West Dimension Digital Technology Co., Ltd.": 2,
        "CommuniGal Communication Ltd.": 2,
        "Communigal Communications Ltd": 12,
        "Danesco Trading Ltd.": 2,
        "Dynadot Inc": 4,
        "Dynadot LLC": 16,
        "GMO Internet, Inc. d/b/a Onamae.com": 2,
        "Gname.com Pte. Ltd.": 4,
        "Go Daddy, LLC": 2,
        "GoDaddy.com, LLC": 8,
        "Name.com, Inc.": 2,
        "NameCheap, Inc.": 8,
        "NameSilo, LLC": 6,
        "Namecheap": 10,
        "PDR Ltd. d/b/a PublicDomainRegistry.com": 2,
        "Porkbun": 4,
        "Sav.com, LLC- 6": 2,
        "Tucows Domains Inc.": 2,
        "West263 International Limited": 14,
        "White Rhino Domains, LLC": 2,
        "total": 266
    },
    "percentage": {
        "Alibaba Cloud Computing Ltd. d/b/a HiChina (www.net.cn)": 59.3984962406015,
        "CHENGDU WEST DIMENSION DIGITAL TECHNOLOGY CO., LTD.": 0.7518796992481203,
        "Chengdu West Dimension Digital Technology Co., Ltd.": 0.7518796992481203,
        "CommuniGal Communication Ltd.": 0.7518796992481203,
        "Communigal Communications Ltd": 4.511278195488722,
        "Danesco Trading Ltd.": 0.7518796992481203,
        "Dynadot Inc": 1.5037593984962405,
        "Dynadot LLC": 6.015037593984962,
        "GMO Internet, Inc. d/b/a Onamae.com": 0.7518796992481203,
        "Gname.com Pte. Ltd.": 1.5037593984962405,
        "Go Daddy, LLC": 0.7518796992481203,
        "GoDaddy.com, LLC": 3.007518796992481,
        "Name.com, Inc.": 0.7518796992481203,
        "NameCheap, Inc.": 3.007518796992481,
        "NameSilo, LLC": 2.255639097744361,
        "Namecheap": 3.7593984962406015,
        "PDR Ltd. d/b/a PublicDomainRegistry.com": 0.7518796992481203,
        "Porkbun": 1.5037593984962405,
        "Sav.com, LLC- 6": 0.7518796992481203,
        "Tucows Domains Inc.": 0.7518796992481203,
        "West263 International Limited": 5.2631578947368425,
        "White Rhino Domains, LLC": 0.7518796992481203,
        "total": 100.0
    }
}