{
    "counter": {
        "Atak Domain Bilgi Teknolojileri A.Ş.": 2,
        "CommuniGal Communication Ltd.": 2,
        "Danesco Trading Ltd.": 4,
        "Dynadot Inc": 14,
        "Dynadot LLC": 8,
        "GoDaddy.com, LLC": 6,
        "HOSTINGER operations, UAB": 4,
        "Hosting Concepts B.V. d/b/a Registrar.eu": 2,
        "Lucky Elephant Domains, LLC": 2,
        "Name.com, Inc.": 2,
        "NameCheap, Inc.": 18,
        "NameSilo, LLC": 124,
        "Namecheap": 8,
        "OVH": 2,
        "PDR Ltd. d/b/a PublicDomainRegistry.com": 8,
        "Sav.com, LLC - 32": 2,
        "Sav.com, LLC - 46": 2,
        "Sav.com, LLC- 6": 2,
        "TLD Registrar Solutions Ltd.": 2,
        "Tucows Domains Inc.": 2,
        "VIRTUA DRUG Kutatási Szolgáltató Korlátolt Felelősségű Társaság": 4,
        "total": 220
    },
    "percentage": {
        "Atak Domain Bilgi Teknolojileri A.Ş.": 0.9090909090909091,
        "CommuniGal Communication Ltd.": 0.9090909090909091,
        "Danesco Trading Ltd.": 1.8181818181818181,
        "Dynadot Inc": 6.363636363636363,
        "Dynadot LLC": 3.6363636363636362,
        "GoDaddy.com, LLC": 2.727272727272727,
        "HOSTINGER operations, UAB": 1.8181818181818181,
        "Hosting Concepts B.V. d/b/a Registrar.eu": 0.9090909090909091,
        "Lucky Elephant Domains, LLC": 0.9090909090909091,
        "Name.com, Inc.": 0.9090909090909091,
        "NameCheap, Inc.": 8.181818181818182,
        "NameSilo, LLC": 56.36363636363637,
        "Namecheap": 3.6363636363636362,
        "OVH": 0.9090909090909091,
        "PDR Ltd. d/b/a PublicDomainRegistry.com": 3.6363636363636362,
        "Sav.com, LLC - 32": 0.9090909090909091,
        "Sav.com, LLC - 46": 0.9090909090909091,
        "Sav.com, LLC- 6": 0.9090909090909091,
        "TLD Registrar Solutions Ltd.": 0.9090909090909091,
        "Tucows Domains Inc.": 0.9090909090909091,
        "VIRTUA DRUG Kutatási Szolgáltató Korlátolt Felelősségű Társaság": 1.8181818181818181,
        "total": 100.0
    }
}