{
    "counter": {
        "Atak Domain Bilgi Teknolojileri A.Ş.": 2,
        "CommuniGal Communication Ltd.": 2,
        "Communigal Communications Ltd": 2,
        "Danesco Trading Ltd.": 4,
        "Dynadot Inc": 14,
        "Dynadot LLC": 10,
        "GoDaddy.com, LLC": 6,
        "HOSTINGER operations, UAB": 4,
        "Lucky Elephant Domains, LLC": 2,
        "Name.com, Inc.": 2,
        "NameCheap, Inc.": 16,
        "NameSilo, LLC": 158,
        "Namecheap": 4,
        "OVH": 2,
        "PDR Ltd. d/b/a PublicDomainRegistry.com": 6,
        "Porkbun": 2,
        "Spaceship, Inc.": 4,
        "TLD Registrar Solutions Ltd.": 2,
        "Tucows Domains Inc.": 2,
        "VIRTUA DRUG Kutatási Szolgáltató Korlátolt Felelősségű Társaság": 6,
        "West263 International Limited": 2,
        "total": 252
    },
    "percentage": {
        "Atak Domain Bilgi Teknolojileri A.Ş.": 0.7936507936507936,
        "CommuniGal Communication Ltd.": 0.7936507936507936,
        "Communigal Communications Ltd": 0.7936507936507936,
        "Danesco Trading Ltd.": 1.5873015873015872,
        "Dynadot Inc": 5.555555555555555,
        "Dynadot LLC": 3.9682539682539684,
        "GoDaddy.com, LLC": 2.380952380952381,
        "HOSTINGER operations, UAB": 1.5873015873015872,
        "Lucky Elephant Domains, LLC": 0.7936507936507936,
        "Name.com, Inc.": 0.7936507936507936,
        "NameCheap, Inc.": 6.349206349206349,
        "NameSilo, LLC": 62.698412698412696,
        "Namecheap": 1.5873015873015872,
        "OVH": 0.7936507936507936,
        "PDR Ltd. d/b/a PublicDomainRegistry.com": 2.380952380952381,
        "Porkbun": 0.7936507936507936,
        "Spaceship, Inc.": 1.5873015873015872,
        "TLD Registrar Solutions Ltd.": 0.7936507936507936,
        "Tucows Domains Inc.": 0.7936507936507936,
        "VIRTUA DRUG Kutatási Szolgáltató Korlátolt Felelősségű Társaság": 2.380952380952381,
        "West263 International Limited": 0.7936507936507936,
        "total": 100.0
    }
}