{
    "counter": {
        "Alibaba Cloud Computing Ltd. d/b/a HiChina (www.net.cn)": 28,
        "CHENGDU WEST DIMENSION DIGITAL TECHNOLOGY CO., LTD.": 2,
        "Chengdu West Dimension Digital Technology Co., Ltd.": 2,
        "CommuniGal Communication Ltd.": 2,
        "Communigal Communications Ltd": 12,
        "Danesco Trading Ltd.": 2,
        "Dynadot Inc": 6,
        "Dynadot LLC": 12,
        "Gname.com Pte. Ltd.": 4,
        "Go Daddy, LLC": 4,
        "GoDaddy.com, LLC": 10,
        "NameCheap, Inc.": 12,
        "NameSilo, LLC": 10,
        "Namecheap": 14,
        "Names Stop Here LLC": 2,
        "OVH": 2,
        "Porkbun": 4,
        "Sav.com, LLC- 6": 2,
        "TLD Registrar Solutions Ltd.": 2,
        "Tucows Domains Inc.": 2,
        "VIRTUA DRUG Kutatási Szolgáltató Korlátolt Felelősségű Társaság": 2,
        "West263 International Limited": 18,
        "total": 154
    },
    "percentage": {
        "Alibaba Cloud Computing Ltd. d/b/a HiChina (www.net.cn)": 18.181818181818183,
        "CHENGDU WEST DIMENSION DIGITAL TECHNOLOGY CO., LTD.": 1.2987012987012987,
        "Chengdu West Dimension Digital Technology Co., Ltd.": 1.2987012987012987,
        "CommuniGal Communication Ltd.": 1.2987012987012987,
        "Communigal Communications Ltd": 7.792207792207792,
        "Danesco Trading Ltd.": 1.2987012987012987,
        "Dynadot Inc": 3.896103896103896,
        "Dynadot LLC": 7.792207792207792,
        "Gname.com Pte. Ltd.": 2.5974025974025974,
        "Go Daddy, LLC": 2.5974025974025974,
        "GoDaddy.com, LLC": 6.4935064935064934,
        "NameCheap, Inc.": 7.792207792207792,
        "NameSilo, LLC": 6.4935064935064934,
        "Namecheap": 9.090909090909092,
        "Names Stop Here LLC": 1.2987012987012987,
        "OVH": 1.2987012987012987,
        "Porkbun": 2.5974025974025974,
        "Sav.com, LLC- 6": 1.2987012987012987,
        "TLD Registrar Solutions Ltd.": 1.2987012987012987,
        "Tucows Domains Inc.": 1.2987012987012987,
        "VIRTUA DRUG Kutatási Szolgáltató Korlátolt Felelősségű Társaság": 1.2987012987012987,
        "West263 International Limited": 11.688311688311689,
        "total": 100.0
    }
}