{
    "counter": {
        "Atak Domain Bilgi Teknolojileri A.Ş.": 2,
        "Cloudflare, Inc.": 2,
        "CommuniGal Communication Ltd.": 26,
        "Communigal Communications Ltd": 6,
        "Danesco Trading Ltd.": 4,
        "Dynadot Inc": 12,
        "Dynadot LLC": 24,
        "Dynadot, LLC": 2,
        "Fastball Domains LLC": 2,
        "GMO Internet Group, Inc. d/b/a Onamae.com": 6,
        "GoDaddy.com, LLC": 6,
        "HOSTINGER operations, UAB": 4,
        "Lucky Elephant Domains, LLC": 2,
        "NameCheap, Inc.": 14,
        "NameSilo, LLC": 156,
        "Namecheap": 4,
        "OVH": 2,
        "PDR Ltd. d/b/a PublicDomainRegistry.com": 6,
        "Porkbun": 2,
        "Spaceship, Inc.": 4,
        "TLD Registrar Solutions Ltd.": 2,
        "Tucows Domains Inc.": 2,
        "UdomainName.com LLC": 2,
        "VIRTUA DRUG Kutatási Szolgáltató Korlátolt Felelősségű Társaság": 4,
        "West263 International Limited": 2,
        "total": 298
    },
    "percentage": {
        "Atak Domain Bilgi Teknolojileri A.Ş.": 0.6711409395973155,
        "Cloudflare, Inc.": 0.6711409395973155,
        "CommuniGal Communication Ltd.": 8.724832214765101,
        "Communigal Communications Ltd": 2.0134228187919465,
        "Danesco Trading Ltd.": 1.342281879194631,
        "Dynadot Inc": 4.026845637583893,
        "Dynadot LLC": 8.053691275167786,
        "Dynadot, LLC": 0.6711409395973155,
        "Fastball Domains LLC": 0.6711409395973155,
        "GMO Internet Group, Inc. d/b/a Onamae.com": 2.0134228187919465,
        "GoDaddy.com, LLC": 2.0134228187919465,
        "HOSTINGER operations, UAB": 1.342281879194631,
        "Lucky Elephant Domains, LLC": 0.6711409395973155,
        "NameCheap, Inc.": 4.697986577181208,
        "NameSilo, LLC": 52.348993288590606,
        "Namecheap": 1.342281879194631,
        "OVH": 0.6711409395973155,
        "PDR Ltd. d/b/a PublicDomainRegistry.com": 2.0134228187919465,
        "Porkbun": 0.6711409395973155,
        "Spaceship, Inc.": 1.342281879194631,
        "TLD Registrar Solutions Ltd.": 0.6711409395973155,
        "Tucows Domains Inc.": 0.6711409395973155,
        "UdomainName.com LLC": 0.6711409395973155,
        "VIRTUA DRUG Kutatási Szolgáltató Korlátolt Felelősségű Társaság": 1.342281879194631,
        "West263 International Limited": 0.6711409395973155,
        "total": 100.0
    }
}