{
    "counter": {
        "Atak Domain Bilgi Teknolojileri A.Ş.": 2,
        "CommuniGal Communication Ltd.": 2,
        "Communigal Communications Ltd": 22,
        "Danesco Trading Ltd.": 4,
        "Dynadot Inc": 14,
        "Dynadot LLC": 18,
        "GMO Internet Group, Inc. d/b/a Onamae.com": 16,
        "GoDaddy.com, LLC": 8,
        "HOSTINGER operations, UAB": 4,
        "NAMECHEAP": 2,
        "NETIM.com": 2,
        "Name.com, Inc.": 2,
        "NameCheap, Inc.": 12,
        "NameSilo, LLC": 144,
        "Namecheap": 6,
        "Nicnames, Inc.": 2,
        "OVH": 2,
        "PDR Ltd. d/b/a PublicDomainRegistry.com": 4,
        "Porkbun, LLC": 2,
        "Spaceship, Inc.": 4,
        "TLD Registrar Solutions Ltd.": 2,
        "Tucows Domains Inc.": 2,
        "VIRTUA DRUG Kutatási Szolgáltató Korlátolt Felelősségű Társaság": 4,
        "West263 International Limited": 32,
        "total": 312
    },
    "percentage": {
        "Atak Domain Bilgi Teknolojileri A.Ş.": 0.6410256410256411,
        "CommuniGal Communication Ltd.": 0.6410256410256411,
        "Communigal Communications Ltd": 7.051282051282051,
        "Danesco Trading Ltd.": 1.2820512820512822,
        "Dynadot Inc": 4.487179487179487,
        "Dynadot LLC": 5.769230769230769,
        "GMO Internet Group, Inc. d/b/a Onamae.com": 5.128205128205129,
        "GoDaddy.com, LLC": 2.5641025641025643,
        "HOSTINGER operations, UAB": 1.2820512820512822,
        "NAMECHEAP": 0.6410256410256411,
        "NETIM.com": 0.6410256410256411,
        "Name.com, Inc.": 0.6410256410256411,
        "NameCheap, Inc.": 3.8461538461538463,
        "NameSilo, LLC": 46.15384615384615,
        "Namecheap": 1.9230769230769231,
        "Nicnames, Inc.": 0.6410256410256411,
        "OVH": 0.6410256410256411,
        "PDR Ltd. d/b/a PublicDomainRegistry.com": 1.2820512820512822,
        "Porkbun, LLC": 0.6410256410256411,
        "Spaceship, Inc.": 1.2820512820512822,
        "TLD Registrar Solutions Ltd.": 0.6410256410256411,
        "Tucows Domains Inc.": 0.6410256410256411,
        "VIRTUA DRUG Kutatási Szolgáltató Korlátolt Felelősségű Társaság": 1.2820512820512822,
        "West263 International Limited": 10.256410256410257,
        "total": 100.0
    }
}