{
    "counter": {
        "Atak Domain Bilgi Teknolojileri A.Ş.": 2,
        "CommuniGal Communication Ltd.": 4,
        "Communigal Communications Ltd": 22,
        "Danesco Trading Ltd.": 4,
        "Dynadot Inc": 14,
        "Dynadot LLC": 18,
        "GMO Internet Group, Inc. d/b/a Onamae.com": 16,
        "GoDaddy.com, LLC": 8,
        "HOSTINGER operations, UAB": 4,
        "NAMECHEAP": 2,
        "NETIM.com": 2,
        "Name.com, Inc.": 2,
        "NameCheap, Inc.": 14,
        "NameSilo, LLC": 146,
        "Namecheap": 6,
        "Nicnames, Inc.": 2,
        "OVH": 2,
        "PDR Ltd. d/b/a PublicDomainRegistry.com": 6,
        "Porkbun": 2,
        "Porkbun, LLC": 2,
        "Spaceship, Inc.": 4,
        "TLD Registrar Solutions Ltd.": 2,
        "Tucows Domains Inc.": 2,
        "VIRTUA DRUG Kutatási Szolgáltató Korlátolt Felelősségű Társaság": 2,
        "West263 International Limited": 38,
        "total": 326
    },
    "percentage": {
        "Atak Domain Bilgi Teknolojileri A.Ş.": 0.6134969325153374,
        "CommuniGal Communication Ltd.": 1.2269938650306749,
        "Communigal Communications Ltd": 6.748466257668712,
        "Danesco Trading Ltd.": 1.2269938650306749,
        "Dynadot Inc": 4.294478527607362,
        "Dynadot LLC": 5.521472392638037,
        "GMO Internet Group, Inc. d/b/a Onamae.com": 4.9079754601226995,
        "GoDaddy.com, LLC": 2.4539877300613497,
        "HOSTINGER operations, UAB": 1.2269938650306749,
        "NAMECHEAP": 0.6134969325153374,
        "NETIM.com": 0.6134969325153374,
        "Name.com, Inc.": 0.6134969325153374,
        "NameCheap, Inc.": 4.294478527607362,
        "NameSilo, LLC": 44.785276073619634,
        "Namecheap": 1.8404907975460123,
        "Nicnames, Inc.": 0.6134969325153374,
        "OVH": 0.6134969325153374,
        "PDR Ltd. d/b/a PublicDomainRegistry.com": 1.8404907975460123,
        "Porkbun": 0.6134969325153374,
        "Porkbun, LLC": 0.6134969325153374,
        "Spaceship, Inc.": 1.2269938650306749,
        "TLD Registrar Solutions Ltd.": 0.6134969325153374,
        "Tucows Domains Inc.": 0.6134969325153374,
        "VIRTUA DRUG Kutatási Szolgáltató Korlátolt Felelősségű Társaság": 0.6134969325153374,
        "West263 International Limited": 11.656441717791411,
        "total": 100.0
    }
}