{
    "counter": {
        "101domain GRS Limited": 2,
        "Cloudflare, Inc.": 2,
        "CommuniGal Communication Ltd.": 22,
        "Communigal Communications Ltd": 4,
        "CoreRegistry 1": 2,
        "Danesco Trading Ltd.": 4,
        "Domain Science Kutatási Szolgáltató Korlátolt Felelősségű Társaság": 2,
        "Dynadot Inc": 12,
        "Dynadot LLC": 12,
        "GMO Internet Group, Inc. d/b/a Onamae.com": 10,
        "GMO Internet, Inc. d/b/a Onamae.com": 2,
        "Gandi SAS": 2,
        "GoDaddy.com, LLC": 4,
        "Gransy, s.r.o.": 2,
        "HOSTINGER operations, UAB": 4,
        "NAMECHEAP": 2,
        "NETIM SAS": 2,
        "NameCheap, Inc.": 22,
        "NameSilo, LLC": 20,
        "Namecheap": 8,
        "OVH": 2,
        "One.com": 2,
        "One.com A/S": 2,
        "PDR Ltd. d/b/a PublicDomainRegistry.com": 2,
        "Porkbun": 4,
        "Porkbun LLC": 2,
        "Spaceship, Inc.": 6,
        "TLD Registrar Solutions Ltd.": 2,
        "Tucows Domains Inc.": 2,
        "TuringSign Inc. d/b/a Cosmotown": 2,
        "total": 166
    },
    "percentage": {
        "101domain GRS Limited": 1.2048192771084338,
        "Cloudflare, Inc.": 1.2048192771084338,
        "CommuniGal Communication Ltd.": 13.25301204819277,
        "Communigal Communications Ltd": 2.4096385542168677,
        "CoreRegistry 1": 1.2048192771084338,
        "Danesco Trading Ltd.": 2.4096385542168677,
        "Domain Science Kutatási Szolgáltató Korlátolt Felelősségű Társaság": 1.2048192771084338,
        "Dynadot Inc": 7.228915662650603,
        "Dynadot LLC": 7.228915662650603,
        "GMO Internet Group, Inc. d/b/a Onamae.com": 6.024096385542169,
        "GMO Internet, Inc. d/b/a Onamae.com": 1.2048192771084338,
        "Gandi SAS": 1.2048192771084338,
        "GoDaddy.com, LLC": 2.4096385542168677,
        "Gransy, s.r.o.": 1.2048192771084338,
        "HOSTINGER operations, UAB": 2.4096385542168677,
        "NAMECHEAP": 1.2048192771084338,
        "NETIM SAS": 1.2048192771084338,
        "NameCheap, Inc.": 13.25301204819277,
        "NameSilo, LLC": 12.048192771084338,
        "Namecheap": 4.819277108433735,
        "OVH": 1.2048192771084338,
        "One.com": 1.2048192771084338,
        "One.com A/S": 1.2048192771084338,
        "PDR Ltd. d/b/a PublicDomainRegistry.com": 1.2048192771084338,
        "Porkbun": 2.4096385542168677,
        "Porkbun LLC": 1.2048192771084338,
        "Spaceship, Inc.": 3.6144578313253013,
        "TLD Registrar Solutions Ltd.": 1.2048192771084338,
        "Tucows Domains Inc.": 1.2048192771084338,
        "TuringSign Inc. d/b/a Cosmotown": 1.2048192771084338,
        "total": 100.0
    }
}