{
    "counter": {
        "Big Dipper Domains, LLC": 2,
        "Cloudflare, Inc.": 4,
        "CommuniGal Communication Ltd.": 12,
        "Danesco Trading Ltd.": 6,
        "Domain Science Kutatási Szolgáltató Korlátolt Felelősségű Társaság": 2,
        "Dynadot Inc": 14,
        "Dynadot LLC": 10,
        "GMO Internet Group, Inc. d/b/a Onamae.com": 14,
        "GMO Internet, Inc. d/b/a Onamae.com": 2,
        "Gandi SAS": 2,
        "GoDaddy.com, LLC": 4,
        "HOSTINGER operations, UAB": 4,
        "NAMECHEAP": 2,
        "NETIM SAS": 2,
        "NETIM.com": 2,
        "NameCheap, Inc.": 22,
        "NameSilo, LLC": 20,
        "Namecheap": 6,
        "OVH": 2,
        "One.com": 2,
        "One.com A/S": 2,
        "PDR Ltd. d/b/a PublicDomainRegistry.com": 2,
        "Porkbun LLC": 2,
        "Spaceship, Inc.": 6,
        "TLD Registrar Solutions Ltd.": 2,
        "Tucows Domains Inc.": 2,
        "TuringSign Inc. d/b/a Cosmotown": 2,
        "West263 International Limited": 36,
        "total": 188
    },
    "percentage": {
        "Big Dipper Domains, LLC": 1.0638297872340425,
        "Cloudflare, Inc.": 2.127659574468085,
        "CommuniGal Communication Ltd.": 6.382978723404255,
        "Danesco Trading Ltd.": 3.1914893617021276,
        "Domain Science Kutatási Szolgáltató Korlátolt Felelősségű Társaság": 1.0638297872340425,
        "Dynadot Inc": 7.446808510638298,
        "Dynadot LLC": 5.319148936170213,
        "GMO Internet Group, Inc. d/b/a Onamae.com": 7.446808510638298,
        "GMO Internet, Inc. d/b/a Onamae.com": 1.0638297872340425,
        "Gandi SAS": 1.0638297872340425,
        "GoDaddy.com, LLC": 2.127659574468085,
        "HOSTINGER operations, UAB": 2.127659574468085,
        "NAMECHEAP": 1.0638297872340425,
        "NETIM SAS": 1.0638297872340425,
        "NETIM.com": 1.0638297872340425,
        "NameCheap, Inc.": 11.702127659574469,
        "NameSilo, LLC": 10.638297872340425,
        "Namecheap": 3.1914893617021276,
        "OVH": 1.0638297872340425,
        "One.com": 1.0638297872340425,
        "One.com A/S": 1.0638297872340425,
        "PDR Ltd. d/b/a PublicDomainRegistry.com": 1.0638297872340425,
        "Porkbun LLC": 1.0638297872340425,
        "Spaceship, Inc.": 3.1914893617021276,
        "TLD Registrar Solutions Ltd.": 1.0638297872340425,
        "Tucows Domains Inc.": 1.0638297872340425,
        "TuringSign Inc. d/b/a Cosmotown": 1.0638297872340425,
        "West263 International Limited": 19.148936170212767,
        "total": 100.0
    }
}