{
    "counter": {
        "CHENGDU WEST DIMENSION DIGITAL TECHNOLOGY CO., LTD.": 2,
        "Chengdu West Dimension Digital Technology Co., Ltd.": 2,
        "CommuniGal Communication Ltd.": 2,
        "Communigal Communications Ltd": 10,
        "Danesco Trading Ltd.": 2,
        "Dynadot Inc": 6,
        "Dynadot LLC": 14,
        "Gname.com Pte. Ltd.": 4,
        "GoDaddy.com, LLC": 12,
        "Name.com, Inc.": 2,
        "NameCheap, Inc.": 12,
        "NameSilo, LLC": 12,
        "Namecheap": 18,
        "Names Stop Here LLC": 2,
        "OVH": 2,
        "Porkbun": 4,
        "Porkbun, LLC": 2,
        "Sav.com, LLC- 6": 2,
        "TLD Registrar Solutions Ltd.": 2,
        "Tucows Domains Inc.": 2,
        "VIRTUA DRUG Kutatási Szolgáltató Korlátolt Felelősségű Társaság": 2,
        "West263 International Limited": 6,
        "total": 122
    },
    "percentage": {
        "CHENGDU WEST DIMENSION DIGITAL TECHNOLOGY CO., LTD.": 1.639344262295082,
        "Chengdu West Dimension Digital Technology Co., Ltd.": 1.639344262295082,
        "CommuniGal Communication Ltd.": 1.639344262295082,
        "Communigal Communications Ltd": 8.19672131147541,
        "Danesco Trading Ltd.": 1.639344262295082,
        "Dynadot Inc": 4.918032786885246,
        "Dynadot LLC": 11.475409836065573,
        "Gname.com Pte. Ltd.": 3.278688524590164,
        "GoDaddy.com, LLC": 9.836065573770492,
        "Name.com, Inc.": 1.639344262295082,
        "NameCheap, Inc.": 9.836065573770492,
        "NameSilo, LLC": 9.836065573770492,
        "Namecheap": 14.754098360655737,
        "Names Stop Here LLC": 1.639344262295082,
        "OVH": 1.639344262295082,
        "Porkbun": 3.278688524590164,
        "Porkbun, LLC": 1.639344262295082,
        "Sav.com, LLC- 6": 1.639344262295082,
        "TLD Registrar Solutions Ltd.": 1.639344262295082,
        "Tucows Domains Inc.": 1.639344262295082,
        "VIRTUA DRUG Kutatási Szolgáltató Korlátolt Felelősségű Társaság": 1.639344262295082,
        "West263 International Limited": 4.918032786885246,
        "total": 100.0
    }
}