{
    "counter": {
        "CHENGDU WEST DIMENSION DIGITAL TECHNOLOGY CO., LTD.": 2,
        "Chengdu West Dimension Digital Technology Co., Ltd.": 2,
        "CommuniGal Communication Ltd.": 2,
        "Communigal Communications Ltd": 10,
        "Danesco Trading Ltd.": 2,
        "Dynadot Inc": 4,
        "Dynadot LLC": 14,
        "GMO Internet Group, Inc. d/b/a Onamae.com": 2,
        "Gname.com Pte. Ltd.": 4,
        "GoDaddy.com, LLC": 8,
        "Name.com, Inc.": 2,
        "NameCheap, Inc.": 14,
        "NameSilo, LLC": 12,
        "Namecheap": 14,
        "Names Stop Here LLC": 2,
        "OVH": 2,
        "PDR Ltd. d/b/a PublicDomainRegistry.com": 2,
        "Porkbun": 4,
        "Porkbun, LLC": 2,
        "Sav.com, LLC- 6": 2,
        "TLD Registrar Solutions Ltd.": 2,
        "Tucows Domains Inc.": 2,
        "VIRTUA DRUG Kutatási Szolgáltató Korlátolt Felelősségű Társaság": 2,
        "West263 International Limited": 4,
        "total": 116
    },
    "percentage": {
        "CHENGDU WEST DIMENSION DIGITAL TECHNOLOGY CO., LTD.": 1.7241379310344827,
        "Chengdu West Dimension Digital Technology Co., Ltd.": 1.7241379310344827,
        "CommuniGal Communication Ltd.": 1.7241379310344827,
        "Communigal Communications Ltd": 8.620689655172415,
        "Danesco Trading Ltd.": 1.7241379310344827,
        "Dynadot Inc": 3.4482758620689653,
        "Dynadot LLC": 12.068965517241379,
        "GMO Internet Group, Inc. d/b/a Onamae.com": 1.7241379310344827,
        "Gname.com Pte. Ltd.": 3.4482758620689653,
        "GoDaddy.com, LLC": 6.896551724137931,
        "Name.com, Inc.": 1.7241379310344827,
        "NameCheap, Inc.": 12.068965517241379,
        "NameSilo, LLC": 10.344827586206897,
        "Namecheap": 12.068965517241379,
        "Names Stop Here LLC": 1.7241379310344827,
        "OVH": 1.7241379310344827,
        "PDR Ltd. d/b/a PublicDomainRegistry.com": 1.7241379310344827,
        "Porkbun": 3.4482758620689653,
        "Porkbun, LLC": 1.7241379310344827,
        "Sav.com, LLC- 6": 1.7241379310344827,
        "TLD Registrar Solutions Ltd.": 1.7241379310344827,
        "Tucows Domains Inc.": 1.7241379310344827,
        "VIRTUA DRUG Kutatási Szolgáltató Korlátolt Felelősségű Társaság": 1.7241379310344827,
        "West263 International Limited": 3.4482758620689653,
        "total": 100.0
    }
}