{
    "counter": {
        "Alibaba Cloud Computing Ltd. d/b/a HiChina (www.net.cn)": 158,
        "CHENGDU WEST DIMENSION DIGITAL TECHNOLOGY CO., LTD.": 2,
        "Chengdu West Dimension Digital Technology Co., Ltd.": 2,
        "CommuniGal Communication Ltd.": 2,
        "Communigal Communications Ltd": 16,
        "Danesco Trading Ltd.": 2,
        "Dynadot Inc": 4,
        "Dynadot LLC": 16,
        "Gname.com Pte. Ltd.": 4,
        "Go Daddy, LLC": 2,
        "GoDaddy.com, LLC": 10,
        "Name.com, Inc.": 2,
        "NameCheap, Inc.": 6,
        "NameSilo, LLC": 8,
        "Namecheap": 16,
        "Names Stop Here LLC": 2,
        "OVH": 2,
        "Porkbun": 2,
        "Sav.com, LLC- 6": 2,
        "TLD Registrar Solutions Ltd.": 2,
        "Tucows Domains Inc.": 2,
        "West263 International Limited": 14,
        "total": 276
    },
    "percentage": {
        "Alibaba Cloud Computing Ltd. d/b/a HiChina (www.net.cn)": 57.2463768115942,
        "CHENGDU WEST DIMENSION DIGITAL TECHNOLOGY CO., LTD.": 0.7246376811594203,
        "Chengdu West Dimension Digital Technology Co., Ltd.": 0.7246376811594203,
        "CommuniGal Communication Ltd.": 0.7246376811594203,
        "Communigal Communications Ltd": 5.797101449275362,
        "Danesco Trading Ltd.": 0.7246376811594203,
        "Dynadot Inc": 1.4492753623188406,
        "Dynadot LLC": 5.797101449275362,
        "Gname.com Pte. Ltd.": 1.4492753623188406,
        "Go Daddy, LLC": 0.7246376811594203,
        "GoDaddy.com, LLC": 3.6231884057971016,
        "Name.com, Inc.": 0.7246376811594203,
        "NameCheap, Inc.": 2.1739130434782608,
        "NameSilo, LLC": 2.898550724637681,
        "Namecheap": 5.797101449275362,
        "Names Stop Here LLC": 0.7246376811594203,
        "OVH": 0.7246376811594203,
        "Porkbun": 0.7246376811594203,
        "Sav.com, LLC- 6": 0.7246376811594203,
        "TLD Registrar Solutions Ltd.": 0.7246376811594203,
        "Tucows Domains Inc.": 0.7246376811594203,
        "West263 International Limited": 5.072463768115942,
        "total": 100.0
    }
}