{
    "counter": {
        "Atak Domain Bilgi Teknolojileri A.Ş.": 2,
        "CommuniGal Communication Ltd.": 2,
        "Danesco Trading Ltd.": 4,
        "Dynadot Inc": 12,
        "Dynadot LLC": 12,
        "GoDaddy.com, LLC": 2,
        "HOSTINGER operations, UAB": 4,
        "Lucky Elephant Domains, LLC": 2,
        "Name.com, Inc.": 2,
        "NameCheap, Inc.": 16,
        "NameSilo, LLC": 28,
        "Namecheap": 6,
        "OVH": 2,
        "PDR Ltd. d/b/a PublicDomainRegistry.com": 8,
        "Porkbun, LLC": 2,
        "TLD Registrar Solutions Ltd.": 2,
        "Tucows Domains Inc.": 2,
        "VIRTUA DRUG Kutatási Szolgáltató Korlátolt Felelősségű Társaság": 2,
        "total": 110
    },
    "percentage": {
        "Atak Domain Bilgi Teknolojileri A.Ş.": 1.8181818181818181,
        "CommuniGal Communication Ltd.": 1.8181818181818181,
        "Danesco Trading Ltd.": 3.6363636363636362,
        "Dynadot Inc": 10.909090909090908,
        "Dynadot LLC": 10.909090909090908,
        "GoDaddy.com, LLC": 1.8181818181818181,
        "HOSTINGER operations, UAB": 3.6363636363636362,
        "Lucky Elephant Domains, LLC": 1.8181818181818181,
        "Name.com, Inc.": 1.8181818181818181,
        "NameCheap, Inc.": 14.545454545454545,
        "NameSilo, LLC": 25.454545454545453,
        "Namecheap": 5.454545454545454,
        "OVH": 1.8181818181818181,
        "PDR Ltd. d/b/a PublicDomainRegistry.com": 7.2727272727272725,
        "Porkbun, LLC": 1.8181818181818181,
        "TLD Registrar Solutions Ltd.": 1.8181818181818181,
        "Tucows Domains Inc.": 1.8181818181818181,
        "VIRTUA DRUG Kutatási Szolgáltató Korlátolt Felelősségű Társaság": 1.8181818181818181,
        "total": 100.0
    }
}