{
    "counter": {
        "Big Dipper Domains, LLC": 2,
        "Cloudflare, Inc.": 4,
        "CommuniGal Communication Ltd.": 32,
        "Danesco Trading Ltd.": 8,
        "Dynadot Inc": 16,
        "Dynadot LLC": 8,
        "GMO Internet Group, Inc. d/b/a Onamae.com": 20,
        "GMO Internet, Inc. d/b/a Onamae.com": 2,
        "Gandi SAS": 2,
        "GoDaddy.com, LLC": 4,
        "HOSTINGER operations, UAB": 4,
        "NAMECHEAP": 2,
        "NETIM SAS": 2,
        "NETIM.com": 2,
        "NameCheap, Inc.": 18,
        "NameSilo, LLC": 20,
        "Namecheap": 8,
        "Nicnames, Inc.": 2,
        "OVH": 2,
        "One.com": 2,
        "One.com A/S": 2,
        "PDR Ltd. d/b/a PublicDomainRegistry.com": 4,
        "Porkbun": 2,
        "Porkbun LLC": 2,
        "Spaceship, Inc.": 4,
        "TLD Registrar Solutions Ltd.": 2,
        "Tucows Domains Inc.": 2,
        "TuringSign Inc. d/b/a Cosmotown": 2,
        "VIRTUA DRUG Kutatási Szolgáltató Korlátolt Felelősségű Társaság": 2,
        "West263 International Limited": 36,
        "total": 218
    },
    "percentage": {
        "Big Dipper Domains, LLC": 0.9174311926605505,
        "Cloudflare, Inc.": 1.834862385321101,
        "CommuniGal Communication Ltd.": 14.678899082568808,
        "Danesco Trading Ltd.": 3.669724770642202,
        "Dynadot Inc": 7.339449541284404,
        "Dynadot LLC": 3.669724770642202,
        "GMO Internet Group, Inc. d/b/a Onamae.com": 9.174311926605505,
        "GMO Internet, Inc. d/b/a Onamae.com": 0.9174311926605505,
        "Gandi SAS": 0.9174311926605505,
        "GoDaddy.com, LLC": 1.834862385321101,
        "HOSTINGER operations, UAB": 1.834862385321101,
        "NAMECHEAP": 0.9174311926605505,
        "NETIM SAS": 0.9174311926605505,
        "NETIM.com": 0.9174311926605505,
        "NameCheap, Inc.": 8.256880733944953,
        "NameSilo, LLC": 9.174311926605505,
        "Namecheap": 3.669724770642202,
        "Nicnames, Inc.": 0.9174311926605505,
        "OVH": 0.9174311926605505,
        "One.com": 0.9174311926605505,
        "One.com A/S": 0.9174311926605505,
        "PDR Ltd. d/b/a PublicDomainRegistry.com": 1.834862385321101,
        "Porkbun": 0.9174311926605505,
        "Porkbun LLC": 0.9174311926605505,
        "Spaceship, Inc.": 1.834862385321101,
        "TLD Registrar Solutions Ltd.": 0.9174311926605505,
        "Tucows Domains Inc.": 0.9174311926605505,
        "TuringSign Inc. d/b/a Cosmotown": 0.9174311926605505,
        "VIRTUA DRUG Kutatási Szolgáltató Korlátolt Felelősségű Társaság": 0.9174311926605505,
        "West263 International Limited": 16.513761467889907,
        "total": 100.0
    }
}