{
    "counter": {
        "101domain GRS Limited": 2,
        "Big Dipper Domains, LLC": 2,
        "Chengdu West Dimension Digital Technology Co., Ltd.": 2,
        "CommuniGal Communication Ltd.": 6,
        "Danesco Trading Ltd.": 4,
        "Devexpanse Ltd": 2,
        "Dynadot Inc": 36,
        "Dynadot LLC": 10,
        "GMO Internet Group, Inc. d/b/a Onamae.com": 14,
        "GMO Internet, Inc. d/b/a Onamae.com": 2,
        "Gandi SAS": 4,
        "GoDaddy.com, LLC": 4,
        "Gransy, s.r.o.": 2,
        "HOSTINGER operations, UAB": 4,
        "NETIM SAS": 2,
        "NameCheap, Inc.": 26,
        "NameSilo, LLC": 58,
        "Namecheap": 4,
        "OVH": 2,
        "One.com": 2,
        "PDR Ltd. d/b/a PublicDomainRegistry.com": 4,
        "Porkbun": 6,
        "Porkbun LLC": 2,
        "Sav.com, LLC - 32": 2,
        "Sav.com, LLC - 46": 2,
        "Spaceship, Inc.": 6,
        "TLD Registrar Solutions Ltd.": 2,
        "Tucows Domains Inc.": 2,
        "TuringSign Inc. d/b/a Cosmotown": 2,
        "total": 216
    },
    "percentage": {
        "101domain GRS Limited": 0.9259259259259259,
        "Big Dipper Domains, LLC": 0.9259259259259259,
        "Chengdu West Dimension Digital Technology Co., Ltd.": 0.9259259259259259,
        "CommuniGal Communication Ltd.": 2.7777777777777777,
        "Danesco Trading Ltd.": 1.8518518518518519,
        "Devexpanse Ltd": 0.9259259259259259,
        "Dynadot Inc": 16.666666666666668,
        "Dynadot LLC": 4.62962962962963,
        "GMO Internet Group, Inc. d/b/a Onamae.com": 6.481481481481482,
        "GMO Internet, Inc. d/b/a Onamae.com": 0.9259259259259259,
        "Gandi SAS": 1.8518518518518519,
        "GoDaddy.com, LLC": 1.8518518518518519,
        "Gransy, s.r.o.": 0.9259259259259259,
        "HOSTINGER operations, UAB": 1.8518518518518519,
        "NETIM SAS": 0.9259259259259259,
        "NameCheap, Inc.": 12.037037037037036,
        "NameSilo, LLC": 26.85185185185185,
        "Namecheap": 1.8518518518518519,
        "OVH": 0.9259259259259259,
        "One.com": 0.9259259259259259,
        "PDR Ltd. d/b/a PublicDomainRegistry.com": 1.8518518518518519,
        "Porkbun": 2.7777777777777777,
        "Porkbun LLC": 0.9259259259259259,
        "Sav.com, LLC - 32": 0.9259259259259259,
        "Sav.com, LLC - 46": 0.9259259259259259,
        "Spaceship, Inc.": 2.7777777777777777,
        "TLD Registrar Solutions Ltd.": 0.9259259259259259,
        "Tucows Domains Inc.": 0.9259259259259259,
        "TuringSign Inc. d/b/a Cosmotown": 0.9259259259259259,
        "total": 100.0
    }
}