{
    "counter": {
        "Atak Domain Bilgi Teknolojileri A.Ş.": 2,
        "Big Dipper Domains, LLC": 2,
        "CommuniGal Communication Ltd.": 4,
        "Communigal Communications Ltd": 22,
        "Danesco Trading Ltd.": 6,
        "Dynadot Inc": 12,
        "Dynadot LLC": 12,
        "GMO Internet Group, Inc. d/b/a Onamae.com": 16,
        "GoDaddy.com, LLC": 6,
        "HOSTINGER operations, UAB": 4,
        "NAMECHEAP": 2,
        "NETIM.com": 2,
        "Name.com, Inc.": 2,
        "NameCheap, Inc.": 14,
        "NameSilo, LLC": 144,
        "Namecheap": 4,
        "Nicnames, Inc.": 2,
        "OVH": 2,
        "PDR Ltd. d/b/a PublicDomainRegistry.com": 4,
        "Porkbun": 2,
        "Porkbun, LLC": 2,
        "Spaceship, Inc.": 4,
        "TLD Registrar Solutions Ltd.": 2,
        "Tucows Domains Inc.": 2,
        "VIRTUA DRUG Kutatási Szolgáltató Korlátolt Felelősségű Társaság": 2,
        "West263 International Limited": 38,
        "total": 314
    },
    "percentage": {
        "Atak Domain Bilgi Teknolojileri A.Ş.": 0.6369426751592356,
        "Big Dipper Domains, LLC": 0.6369426751592356,
        "CommuniGal Communication Ltd.": 1.2738853503184713,
        "Communigal Communications Ltd": 7.006369426751593,
        "Danesco Trading Ltd.": 1.910828025477707,
        "Dynadot Inc": 3.821656050955414,
        "Dynadot LLC": 3.821656050955414,
        "GMO Internet Group, Inc. d/b/a Onamae.com": 5.095541401273885,
        "GoDaddy.com, LLC": 1.910828025477707,
        "HOSTINGER operations, UAB": 1.2738853503184713,
        "NAMECHEAP": 0.6369426751592356,
        "NETIM.com": 0.6369426751592356,
        "Name.com, Inc.": 0.6369426751592356,
        "NameCheap, Inc.": 4.45859872611465,
        "NameSilo, LLC": 45.859872611464965,
        "Namecheap": 1.2738853503184713,
        "Nicnames, Inc.": 0.6369426751592356,
        "OVH": 0.6369426751592356,
        "PDR Ltd. d/b/a PublicDomainRegistry.com": 1.2738853503184713,
        "Porkbun": 0.6369426751592356,
        "Porkbun, LLC": 0.6369426751592356,
        "Spaceship, Inc.": 1.2738853503184713,
        "TLD Registrar Solutions Ltd.": 0.6369426751592356,
        "Tucows Domains Inc.": 0.6369426751592356,
        "VIRTUA DRUG Kutatási Szolgáltató Korlátolt Felelősségű Társaság": 0.6369426751592356,
        "West263 International Limited": 12.101910828025478,
        "total": 100.0
    }
}