{
    "counter": {
        "101domain GRS Limited": 2,
        "Big Dipper Domains, LLC": 2,
        "Cloudflare, Inc.": 2,
        "CommuniGal Communication Ltd.": 14,
        "CoreRegistry 1": 2,
        "Danesco Trading Ltd.": 4,
        "Domain Science Kutatási Szolgáltató Korlátolt Felelősségű Társaság": 2,
        "Dynadot Inc": 14,
        "Dynadot LLC": 8,
        "GMO Internet Group, Inc. d/b/a Onamae.com": 8,
        "GMO Internet, Inc. d/b/a Onamae.com": 2,
        "Gandi SAS": 2,
        "GoDaddy.com, LLC": 4,
        "Gransy, s.r.o.": 2,
        "HOSTINGER operations, UAB": 4,
        "NAMECHEAP": 4,
        "NETIM SAS": 2,
        "NameCheap, Inc.": 22,
        "NameSilo, LLC": 20,
        "Namecheap": 6,
        "OVH": 2,
        "One.com": 2,
        "One.com A/S": 2,
        "PDR Ltd. d/b/a PublicDomainRegistry.com": 2,
        "Porkbun": 4,
        "Porkbun LLC": 2,
        "Spaceship, Inc.": 6,
        "TLD Registrar Solutions Ltd.": 2,
        "Tucows Domains Inc.": 2,
        "TuringSign Inc. d/b/a Cosmotown": 2,
        "total": 152
    },
    "percentage": {
        "101domain GRS Limited": 1.3157894736842106,
        "Big Dipper Domains, LLC": 1.3157894736842106,
        "Cloudflare, Inc.": 1.3157894736842106,
        "CommuniGal Communication Ltd.": 9.210526315789474,
        "CoreRegistry 1": 1.3157894736842106,
        "Danesco Trading Ltd.": 2.6315789473684212,
        "Domain Science Kutatási Szolgáltató Korlátolt Felelősségű Társaság": 1.3157894736842106,
        "Dynadot Inc": 9.210526315789474,
        "Dynadot LLC": 5.2631578947368425,
        "GMO Internet Group, Inc. d/b/a Onamae.com": 5.2631578947368425,
        "GMO Internet, Inc. d/b/a Onamae.com": 1.3157894736842106,
        "Gandi SAS": 1.3157894736842106,
        "GoDaddy.com, LLC": 2.6315789473684212,
        "Gransy, s.r.o.": 1.3157894736842106,
        "HOSTINGER operations, UAB": 2.6315789473684212,
        "NAMECHEAP": 2.6315789473684212,
        "NETIM SAS": 1.3157894736842106,
        "NameCheap, Inc.": 14.473684210526315,
        "NameSilo, LLC": 13.157894736842104,
        "Namecheap": 3.9473684210526314,
        "OVH": 1.3157894736842106,
        "One.com": 1.3157894736842106,
        "One.com A/S": 1.3157894736842106,
        "PDR Ltd. d/b/a PublicDomainRegistry.com": 1.3157894736842106,
        "Porkbun": 2.6315789473684212,
        "Porkbun LLC": 1.3157894736842106,
        "Spaceship, Inc.": 3.9473684210526314,
        "TLD Registrar Solutions Ltd.": 1.3157894736842106,
        "Tucows Domains Inc.": 1.3157894736842106,
        "TuringSign Inc. d/b/a Cosmotown": 1.3157894736842106,
        "total": 100.0
    }
}