{
    "counter": {
        "Alibaba Cloud Computing Ltd. d/b/a HiChina (www.net.cn)": 160,
        "CHENGDU WEST DIMENSION DIGITAL TECHNOLOGY CO., LTD.": 2,
        "Communigal Communications Ltd": 14,
        "Danesco Trading Ltd.": 2,
        "Dynadot Inc": 6,
        "Dynadot LLC": 16,
        "GMO Internet, Inc. d/b/a Onamae.com": 2,
        "Gname.com Pte. Ltd.": 6,
        "Go Daddy, LLC": 4,
        "GoDaddy.com, LLC": 6,
        "Name.com, Inc.": 2,
        "NameCheap, Inc.": 8,
        "NameSilo, LLC": 6,
        "Namecheap": 12,
        "PDR Ltd. d/b/a PublicDomainRegistry.com": 2,
        "Porkbun": 2,
        "Sav.com, LLC- 6": 2,
        "Spaceship, Inc.": 2,
        "Tucows Domains Inc.": 2,
        "West263 International Limited": 14,
        "White Rhino Domains, LLC": 2,
        "total": 272
    },
    "percentage": {
        "Alibaba Cloud Computing Ltd. d/b/a HiChina (www.net.cn)": 58.8235294117647,
        "CHENGDU WEST DIMENSION DIGITAL TECHNOLOGY CO., LTD.": 0.7352941176470589,
        "Communigal Communications Ltd": 5.147058823529412,
        "Danesco Trading Ltd.": 0.7352941176470589,
        "Dynadot Inc": 2.2058823529411766,
        "Dynadot LLC": 5.882352941176471,
        "GMO Internet, Inc. d/b/a Onamae.com": 0.7352941176470589,
        "Gname.com Pte. Ltd.": 2.2058823529411766,
        "Go Daddy, LLC": 1.4705882352941178,
        "GoDaddy.com, LLC": 2.2058823529411766,
        "Name.com, Inc.": 0.7352941176470589,
        "NameCheap, Inc.": 2.9411764705882355,
        "NameSilo, LLC": 2.2058823529411766,
        "Namecheap": 4.411764705882353,
        "PDR Ltd. d/b/a PublicDomainRegistry.com": 0.7352941176470589,
        "Porkbun": 0.7352941176470589,
        "Sav.com, LLC- 6": 0.7352941176470589,
        "Spaceship, Inc.": 0.7352941176470589,
        "Tucows Domains Inc.": 0.7352941176470589,
        "West263 International Limited": 5.147058823529412,
        "White Rhino Domains, LLC": 0.7352941176470589,
        "total": 100.0
    }
}