{
    "counter": {
        "Atak Domain Bilgi Teknolojileri A.Ş.": 2,
        "CommuniGal Communication Ltd.": 2,
        "Danesco Trading Ltd.": 4,
        "Dynadot Inc": 16,
        "Dynadot LLC": 12,
        "GoDaddy.com, LLC": 4,
        "HOSTINGER operations, UAB": 4,
        "Hosting Concepts B.V. d/b/a Registrar.eu": 2,
        "Lucky Elephant Domains, LLC": 2,
        "Name.com, Inc.": 2,
        "NameCheap, Inc.": 20,
        "NameSilo, LLC": 68,
        "Namecheap": 8,
        "OVH": 2,
        "PDR Ltd. d/b/a PublicDomainRegistry.com": 8,
        "Sav.com, LLC - 32": 2,
        "Sav.com, LLC- 6": 2,
        "TLD Registrar Solutions Ltd.": 2,
        "Tucows Domains Inc.": 2,
        "VIRTUA DRUG Kutatási Szolgáltató Korlátolt Felelősségű Társaság": 4,
        "total": 168
    },
    "percentage": {
        "Atak Domain Bilgi Teknolojileri A.Ş.": 1.1904761904761905,
        "CommuniGal Communication Ltd.": 1.1904761904761905,
        "Danesco Trading Ltd.": 2.380952380952381,
        "Dynadot Inc": 9.523809523809524,
        "Dynadot LLC": 7.142857142857143,
        "GoDaddy.com, LLC": 2.380952380952381,
        "HOSTINGER operations, UAB": 2.380952380952381,
        "Hosting Concepts B.V. d/b/a Registrar.eu": 1.1904761904761905,
        "Lucky Elephant Domains, LLC": 1.1904761904761905,
        "Name.com, Inc.": 1.1904761904761905,
        "NameCheap, Inc.": 11.904761904761905,
        "NameSilo, LLC": 40.476190476190474,
        "Namecheap": 4.761904761904762,
        "OVH": 1.1904761904761905,
        "PDR Ltd. d/b/a PublicDomainRegistry.com": 4.761904761904762,
        "Sav.com, LLC - 32": 1.1904761904761905,
        "Sav.com, LLC- 6": 1.1904761904761905,
        "TLD Registrar Solutions Ltd.": 1.1904761904761905,
        "Tucows Domains Inc.": 1.1904761904761905,
        "VIRTUA DRUG Kutatási Szolgáltató Korlátolt Felelősségű Társaság": 2.380952380952381,
        "total": 100.0
    }
}