{
    "counter": {
        "101domain GRS Limited": 2,
        "Big Dipper Domains, LLC": 2,
        "Chengdu West Dimension Digital Technology Co., Ltd.": 2,
        "CommuniGal Communication Ltd.": 6,
        "Danesco Trading Ltd.": 4,
        "Devexpanse Ltd": 2,
        "Domain Science Kutatási Szolgáltató Korlátolt Felelősségű Társaság": 2,
        "Dynadot Inc": 30,
        "Dynadot LLC": 10,
        "GMO Internet Group, Inc. d/b/a Onamae.com": 12,
        "GMO Internet, Inc. d/b/a Onamae.com": 2,
        "Gandi SAS": 4,
        "GoDaddy.com, LLC": 4,
        "Gransy, s.r.o.": 2,
        "HOSTINGER operations, UAB": 4,
        "NETIM SAS": 2,
        "NameCheap, Inc.": 28,
        "NameSilo, LLC": 58,
        "Namecheap": 6,
        "OVH": 2,
        "One.com": 2,
        "PDR Ltd. d/b/a PublicDomainRegistry.com": 4,
        "Porkbun": 6,
        "Porkbun LLC": 2,
        "Sav.com, LLC - 32": 2,
        "Sav.com, LLC - 46": 2,
        "Spaceship, Inc.": 6,
        "TLD Registrar Solutions Ltd.": 2,
        "Tucows Domains Inc.": 2,
        "TuringSign Inc. d/b/a Cosmotown": 2,
        "total": 214
    },
    "percentage": {
        "101domain GRS Limited": 0.9345794392523364,
        "Big Dipper Domains, LLC": 0.9345794392523364,
        "Chengdu West Dimension Digital Technology Co., Ltd.": 0.9345794392523364,
        "CommuniGal Communication Ltd.": 2.803738317757009,
        "Danesco Trading Ltd.": 1.8691588785046729,
        "Devexpanse Ltd": 0.9345794392523364,
        "Domain Science Kutatási Szolgáltató Korlátolt Felelősségű Társaság": 0.9345794392523364,
        "Dynadot Inc": 14.018691588785046,
        "Dynadot LLC": 4.672897196261682,
        "GMO Internet Group, Inc. d/b/a Onamae.com": 5.607476635514018,
        "GMO Internet, Inc. d/b/a Onamae.com": 0.9345794392523364,
        "Gandi SAS": 1.8691588785046729,
        "GoDaddy.com, LLC": 1.8691588785046729,
        "Gransy, s.r.o.": 0.9345794392523364,
        "HOSTINGER operations, UAB": 1.8691588785046729,
        "NETIM SAS": 0.9345794392523364,
        "NameCheap, Inc.": 13.08411214953271,
        "NameSilo, LLC": 27.102803738317757,
        "Namecheap": 2.803738317757009,
        "OVH": 0.9345794392523364,
        "One.com": 0.9345794392523364,
        "PDR Ltd. d/b/a PublicDomainRegistry.com": 1.8691588785046729,
        "Porkbun": 2.803738317757009,
        "Porkbun LLC": 0.9345794392523364,
        "Sav.com, LLC - 32": 0.9345794392523364,
        "Sav.com, LLC - 46": 0.9345794392523364,
        "Spaceship, Inc.": 2.803738317757009,
        "TLD Registrar Solutions Ltd.": 0.9345794392523364,
        "Tucows Domains Inc.": 0.9345794392523364,
        "TuringSign Inc. d/b/a Cosmotown": 0.9345794392523364,
        "total": 100.0
    }
}