{
    "counter": {
        "Big Dipper Domains, LLC": 2,
        "Cloudflare, Inc.": 4,
        "CommuniGal Communication Ltd.": 12,
        "Danesco Trading Ltd.": 6,
        "Domain Science Kutatási Szolgáltató Korlátolt Felelősségű Társaság": 2,
        "Dynadot Inc": 14,
        "Dynadot LLC": 10,
        "GMO Internet Group, Inc. d/b/a Onamae.com": 14,
        "GMO Internet, Inc. d/b/a Onamae.com": 2,
        "Gandi SAS": 2,
        "GoDaddy.com, LLC": 4,
        "HOSTINGER operations, UAB": 4,
        "NAMECHEAP": 2,
        "NETIM SAS": 2,
        "NETIM.com": 2,
        "NameCheap, Inc.": 24,
        "NameSilo, LLC": 20,
        "Namecheap": 8,
        "OVH": 2,
        "One.com": 2,
        "One.com A/S": 2,
        "PDR Ltd. d/b/a PublicDomainRegistry.com": 2,
        "Porkbun": 2,
        "Porkbun LLC": 2,
        "Spaceship, Inc.": 6,
        "TLD Registrar Solutions Ltd.": 2,
        "Tucows Domains Inc.": 2,
        "TuringSign Inc. d/b/a Cosmotown": 2,
        "West263 International Limited": 36,
        "total": 194
    },
    "percentage": {
        "Big Dipper Domains, LLC": 1.0309278350515463,
        "Cloudflare, Inc.": 2.0618556701030926,
        "CommuniGal Communication Ltd.": 6.185567010309279,
        "Danesco Trading Ltd.": 3.0927835051546393,
        "Domain Science Kutatási Szolgáltató Korlátolt Felelősségű Társaság": 1.0309278350515463,
        "Dynadot Inc": 7.216494845360825,
        "Dynadot LLC": 5.154639175257732,
        "GMO Internet Group, Inc. d/b/a Onamae.com": 7.216494845360825,
        "GMO Internet, Inc. d/b/a Onamae.com": 1.0309278350515463,
        "Gandi SAS": 1.0309278350515463,
        "GoDaddy.com, LLC": 2.0618556701030926,
        "HOSTINGER operations, UAB": 2.0618556701030926,
        "NAMECHEAP": 1.0309278350515463,
        "NETIM SAS": 1.0309278350515463,
        "NETIM.com": 1.0309278350515463,
        "NameCheap, Inc.": 12.371134020618557,
        "NameSilo, LLC": 10.309278350515465,
        "Namecheap": 4.123711340206185,
        "OVH": 1.0309278350515463,
        "One.com": 1.0309278350515463,
        "One.com A/S": 1.0309278350515463,
        "PDR Ltd. d/b/a PublicDomainRegistry.com": 1.0309278350515463,
        "Porkbun": 1.0309278350515463,
        "Porkbun LLC": 1.0309278350515463,
        "Spaceship, Inc.": 3.0927835051546393,
        "TLD Registrar Solutions Ltd.": 1.0309278350515463,
        "Tucows Domains Inc.": 1.0309278350515463,
        "TuringSign Inc. d/b/a Cosmotown": 1.0309278350515463,
        "West263 International Limited": 18.556701030927837,
        "total": 100.0
    }
}