{
    "counter": {
        "Big Dipper Domains, LLC": 2,
        "Cloudflare, Inc.": 4,
        "CommuniGal Communication Ltd.": 12,
        "Danesco Trading Ltd.": 6,
        "Domain Science Kutatási Szolgáltató Korlátolt Felelősségű Társaság": 2,
        "Dynadot Inc": 14,
        "Dynadot LLC": 10,
        "GMO Internet Group, Inc. d/b/a Onamae.com": 14,
        "GMO Internet, Inc. d/b/a Onamae.com": 2,
        "Gandi SAS": 2,
        "GoDaddy.com, LLC": 4,
        "HOSTINGER operations, UAB": 4,
        "NAMECHEAP": 2,
        "NETIM SAS": 2,
        "NETIM.com": 2,
        "NameCheap, Inc.": 24,
        "NameSilo, LLC": 20,
        "Namecheap": 6,
        "OVH": 2,
        "One.com": 2,
        "One.com A/S": 2,
        "PDR Ltd. d/b/a PublicDomainRegistry.com": 2,
        "Porkbun LLC": 2,
        "Spaceship, Inc.": 6,
        "TLD Registrar Solutions Ltd.": 2,
        "Tucows Domains Inc.": 2,
        "TuringSign Inc. d/b/a Cosmotown": 2,
        "West263 International Limited": 36,
        "total": 190
    },
    "percentage": {
        "Big Dipper Domains, LLC": 1.0526315789473684,
        "Cloudflare, Inc.": 2.1052631578947367,
        "CommuniGal Communication Ltd.": 6.315789473684211,
        "Danesco Trading Ltd.": 3.1578947368421053,
        "Domain Science Kutatási Szolgáltató Korlátolt Felelősségű Társaság": 1.0526315789473684,
        "Dynadot Inc": 7.368421052631579,
        "Dynadot LLC": 5.2631578947368425,
        "GMO Internet Group, Inc. d/b/a Onamae.com": 7.368421052631579,
        "GMO Internet, Inc. d/b/a Onamae.com": 1.0526315789473684,
        "Gandi SAS": 1.0526315789473684,
        "GoDaddy.com, LLC": 2.1052631578947367,
        "HOSTINGER operations, UAB": 2.1052631578947367,
        "NAMECHEAP": 1.0526315789473684,
        "NETIM SAS": 1.0526315789473684,
        "NETIM.com": 1.0526315789473684,
        "NameCheap, Inc.": 12.631578947368421,
        "NameSilo, LLC": 10.526315789473685,
        "Namecheap": 3.1578947368421053,
        "OVH": 1.0526315789473684,
        "One.com": 1.0526315789473684,
        "One.com A/S": 1.0526315789473684,
        "PDR Ltd. d/b/a PublicDomainRegistry.com": 1.0526315789473684,
        "Porkbun LLC": 1.0526315789473684,
        "Spaceship, Inc.": 3.1578947368421053,
        "TLD Registrar Solutions Ltd.": 1.0526315789473684,
        "Tucows Domains Inc.": 1.0526315789473684,
        "TuringSign Inc. d/b/a Cosmotown": 1.0526315789473684,
        "West263 International Limited": 18.94736842105263,
        "total": 100.0
    }
}