{
    "counter": {
        "Atak Domain Bilgi Teknolojileri A.Ş.": 2,
        "CommuniGal Communication Ltd.": 2,
        "Communigal Communications Ltd": 22,
        "Danesco Trading Ltd.": 4,
        "Dynadot Inc": 14,
        "Dynadot LLC": 18,
        "GMO Internet Group, Inc. d/b/a Onamae.com": 14,
        "GoDaddy.com, LLC": 8,
        "HOSTINGER operations, UAB": 4,
        "NAMECHEAP": 2,
        "NETIM.com": 2,
        "Name.com, Inc.": 2,
        "NameCheap, Inc.": 18,
        "NameSilo, LLC": 148,
        "Namecheap": 6,
        "Nicnames, Inc.": 2,
        "OVH": 2,
        "PDR Ltd. d/b/a PublicDomainRegistry.com": 4,
        "Porkbun": 2,
        "Porkbun, LLC": 2,
        "Spaceship, Inc.": 4,
        "TLD Registrar Solutions Ltd.": 2,
        "Tucows Domains Inc.": 2,
        "VIRTUA DRUG Kutatási Szolgáltató Korlátolt Felelősségű Társaság": 4,
        "West263 International Limited": 2,
        "total": 292
    },
    "percentage": {
        "Atak Domain Bilgi Teknolojileri A.Ş.": 0.684931506849315,
        "CommuniGal Communication Ltd.": 0.684931506849315,
        "Communigal Communications Ltd": 7.534246575342466,
        "Danesco Trading Ltd.": 1.36986301369863,
        "Dynadot Inc": 4.794520547945205,
        "Dynadot LLC": 6.164383561643835,
        "GMO Internet Group, Inc. d/b/a Onamae.com": 4.794520547945205,
        "GoDaddy.com, LLC": 2.73972602739726,
        "HOSTINGER operations, UAB": 1.36986301369863,
        "NAMECHEAP": 0.684931506849315,
        "NETIM.com": 0.684931506849315,
        "Name.com, Inc.": 0.684931506849315,
        "NameCheap, Inc.": 6.164383561643835,
        "NameSilo, LLC": 50.68493150684932,
        "Namecheap": 2.0547945205479454,
        "Nicnames, Inc.": 0.684931506849315,
        "OVH": 0.684931506849315,
        "PDR Ltd. d/b/a PublicDomainRegistry.com": 1.36986301369863,
        "Porkbun": 0.684931506849315,
        "Porkbun, LLC": 0.684931506849315,
        "Spaceship, Inc.": 1.36986301369863,
        "TLD Registrar Solutions Ltd.": 0.684931506849315,
        "Tucows Domains Inc.": 0.684931506849315,
        "VIRTUA DRUG Kutatási Szolgáltató Korlátolt Felelősségű Társaság": 1.36986301369863,
        "West263 International Limited": 0.684931506849315,
        "total": 100.0
    }
}