{
    "counter": {
        "Atak Domain Bilgi Teknolojileri A.Ş.": 2,
        "Communigal Communications Ltd": 2,
        "Danesco Trading Ltd.": 4,
        "Dynadot Inc": 10,
        "Dynadot LLC": 12,
        "GoDaddy.com, LLC": 4,
        "HOSTINGER operations, UAB": 4,
        "Lucky Elephant Domains, LLC": 2,
        "Name.com, Inc.": 2,
        "NameCheap, Inc.": 16,
        "NameSilo, LLC": 28,
        "Namecheap": 8,
        "Names Stop Here LLC": 2,
        "OVH": 2,
        "PDR Ltd. d/b/a PublicDomainRegistry.com": 8,
        "Porkbun": 2,
        "Porkbun, LLC": 2,
        "TLD Registrar Solutions Ltd.": 2,
        "Tucows Domains Inc.": 2,
        "VIRTUA DRUG Kutatási Szolgáltató Korlátolt Felelősségű Társaság": 4,
        "West263 International Limited": 4,
        "total": 122
    },
    "percentage": {
        "Atak Domain Bilgi Teknolojileri A.Ş.": 1.639344262295082,
        "Communigal Communications Ltd": 1.639344262295082,
        "Danesco Trading Ltd.": 3.278688524590164,
        "Dynadot Inc": 8.19672131147541,
        "Dynadot LLC": 9.836065573770492,
        "GoDaddy.com, LLC": 3.278688524590164,
        "HOSTINGER operations, UAB": 3.278688524590164,
        "Lucky Elephant Domains, LLC": 1.639344262295082,
        "Name.com, Inc.": 1.639344262295082,
        "NameCheap, Inc.": 13.114754098360656,
        "NameSilo, LLC": 22.950819672131146,
        "Namecheap": 6.557377049180328,
        "Names Stop Here LLC": 1.639344262295082,
        "OVH": 1.639344262295082,
        "PDR Ltd. d/b/a PublicDomainRegistry.com": 6.557377049180328,
        "Porkbun": 1.639344262295082,
        "Porkbun, LLC": 1.639344262295082,
        "TLD Registrar Solutions Ltd.": 1.639344262295082,
        "Tucows Domains Inc.": 1.639344262295082,
        "VIRTUA DRUG Kutatási Szolgáltató Korlátolt Felelősségű Társaság": 3.278688524590164,
        "West263 International Limited": 3.278688524590164,
        "total": 100.0
    }
}