{
    "counter": {
        "101domain GRS Limited": 2,
        "Big Dipper Domains, LLC": 2,
        "Cloudflare, Inc.": 4,
        "CommuniGal Communication Ltd.": 14,
        "CoreRegistry 1": 2,
        "Danesco Trading Ltd.": 4,
        "Domain Science Kutatási Szolgáltató Korlátolt Felelősségű Társaság": 2,
        "Dynadot Inc": 18,
        "Dynadot LLC": 8,
        "GMO Internet Group, Inc. d/b/a Onamae.com": 14,
        "GMO Internet, Inc. d/b/a Onamae.com": 2,
        "Gandi SAS": 2,
        "GoDaddy.com, LLC": 4,
        "HOSTINGER operations, UAB": 4,
        "NAMECHEAP": 2,
        "NETIM SAS": 2,
        "NameCheap, Inc.": 34,
        "NameSilo, LLC": 20,
        "Namecheap": 6,
        "OVH": 2,
        "One.com": 2,
        "One.com A/S": 2,
        "PDR Ltd. d/b/a PublicDomainRegistry.com": 2,
        "Porkbun LLC": 2,
        "Sav.com LLC": 2,
        "Spaceship, Inc.": 6,
        "TLD Registrar Solutions Ltd.": 2,
        "Tucows Domains Inc.": 2,
        "TuringSign Inc. d/b/a Cosmotown": 2,
        "total": 170
    },
    "percentage": {
        "101domain GRS Limited": 1.1764705882352942,
        "Big Dipper Domains, LLC": 1.1764705882352942,
        "Cloudflare, Inc.": 2.3529411764705883,
        "CommuniGal Communication Ltd.": 8.235294117647058,
        "CoreRegistry 1": 1.1764705882352942,
        "Danesco Trading Ltd.": 2.3529411764705883,
        "Domain Science Kutatási Szolgáltató Korlátolt Felelősségű Társaság": 1.1764705882352942,
        "Dynadot Inc": 10.588235294117647,
        "Dynadot LLC": 4.705882352941177,
        "GMO Internet Group, Inc. d/b/a Onamae.com": 8.235294117647058,
        "GMO Internet, Inc. d/b/a Onamae.com": 1.1764705882352942,
        "Gandi SAS": 1.1764705882352942,
        "GoDaddy.com, LLC": 2.3529411764705883,
        "HOSTINGER operations, UAB": 2.3529411764705883,
        "NAMECHEAP": 1.1764705882352942,
        "NETIM SAS": 1.1764705882352942,
        "NameCheap, Inc.": 20.0,
        "NameSilo, LLC": 11.764705882352942,
        "Namecheap": 3.5294117647058822,
        "OVH": 1.1764705882352942,
        "One.com": 1.1764705882352942,
        "One.com A/S": 1.1764705882352942,
        "PDR Ltd. d/b/a PublicDomainRegistry.com": 1.1764705882352942,
        "Porkbun LLC": 1.1764705882352942,
        "Sav.com LLC": 1.1764705882352942,
        "Spaceship, Inc.": 3.5294117647058822,
        "TLD Registrar Solutions Ltd.": 1.1764705882352942,
        "Tucows Domains Inc.": 1.1764705882352942,
        "TuringSign Inc. d/b/a Cosmotown": 1.1764705882352942,
        "total": 100.0
    }
}