{
    "counter": {
        "Atak Domain Bilgi Teknolojileri A.Ş.": 2,
        "CommuniGal Communication Ltd.": 2,
        "Danesco Trading Ltd.": 4,
        "Dynadot Inc": 14,
        "Dynadot LLC": 10,
        "GoDaddy.com, LLC": 6,
        "HOSTINGER operations, UAB": 4,
        "Hosting Concepts B.V. d/b/a Registrar.eu": 2,
        "Lucky Elephant Domains, LLC": 2,
        "Name.com, Inc.": 2,
        "NameCheap, Inc.": 18,
        "NameSilo, LLC": 122,
        "Namecheap": 8,
        "OVH": 2,
        "PDR Ltd. d/b/a PublicDomainRegistry.com": 6,
        "Sav.com, LLC - 32": 2,
        "Sav.com, LLC - 46": 2,
        "Sav.com, LLC- 6": 2,
        "TLD Registrar Solutions Ltd.": 2,
        "Tucows Domains Inc.": 2,
        "VIRTUA DRUG Kutatási Szolgáltató Korlátolt Felelősségű Társaság": 4,
        "total": 218
    },
    "percentage": {
        "Atak Domain Bilgi Teknolojileri A.Ş.": 0.9174311926605505,
        "CommuniGal Communication Ltd.": 0.9174311926605505,
        "Danesco Trading Ltd.": 1.834862385321101,
        "Dynadot Inc": 6.422018348623853,
        "Dynadot LLC": 4.587155963302752,
        "GoDaddy.com, LLC": 2.7522935779816513,
        "HOSTINGER operations, UAB": 1.834862385321101,
        "Hosting Concepts B.V. d/b/a Registrar.eu": 0.9174311926605505,
        "Lucky Elephant Domains, LLC": 0.9174311926605505,
        "Name.com, Inc.": 0.9174311926605505,
        "NameCheap, Inc.": 8.256880733944953,
        "NameSilo, LLC": 55.96330275229358,
        "Namecheap": 3.669724770642202,
        "OVH": 0.9174311926605505,
        "PDR Ltd. d/b/a PublicDomainRegistry.com": 2.7522935779816513,
        "Sav.com, LLC - 32": 0.9174311926605505,
        "Sav.com, LLC - 46": 0.9174311926605505,
        "Sav.com, LLC- 6": 0.9174311926605505,
        "TLD Registrar Solutions Ltd.": 0.9174311926605505,
        "Tucows Domains Inc.": 0.9174311926605505,
        "VIRTUA DRUG Kutatási Szolgáltató Korlátolt Felelősségű Társaság": 1.834862385321101,
        "total": 100.0
    }
}