{
    "counter": {
        "Atak Domain Bilgi Teknolojileri A.Ş.": 2,
        "CommuniGal Communication Ltd.": 2,
        "Danesco Trading Ltd.": 4,
        "Dynadot Inc": 14,
        "Dynadot LLC": 10,
        "GoDaddy.com, LLC": 6,
        "HOSTINGER operations, UAB": 4,
        "Hosting Concepts B.V. d/b/a Registrar.eu": 2,
        "Lucky Elephant Domains, LLC": 2,
        "NameCheap, Inc.": 18,
        "NameSilo, LLC": 156,
        "Namecheap": 4,
        "OVH": 2,
        "PDR Ltd. d/b/a PublicDomainRegistry.com": 8,
        "Porkbun": 2,
        "Sav.com, LLC - 32": 2,
        "Sav.com, LLC - 46": 2,
        "Sav.com, LLC- 6": 2,
        "Spaceship, Inc.": 4,
        "TLD Registrar Solutions Ltd.": 2,
        "Tucows Domains Inc.": 2,
        "VIRTUA DRUG Kutatási Szolgáltató Korlátolt Felelősségű Társaság": 4,
        "total": 254
    },
    "percentage": {
        "Atak Domain Bilgi Teknolojileri A.Ş.": 0.7874015748031497,
        "CommuniGal Communication Ltd.": 0.7874015748031497,
        "Danesco Trading Ltd.": 1.5748031496062993,
        "Dynadot Inc": 5.511811023622047,
        "Dynadot LLC": 3.937007874015748,
        "GoDaddy.com, LLC": 2.3622047244094486,
        "HOSTINGER operations, UAB": 1.5748031496062993,
        "Hosting Concepts B.V. d/b/a Registrar.eu": 0.7874015748031497,
        "Lucky Elephant Domains, LLC": 0.7874015748031497,
        "NameCheap, Inc.": 7.086614173228346,
        "NameSilo, LLC": 61.41732283464567,
        "Namecheap": 1.5748031496062993,
        "OVH": 0.7874015748031497,
        "PDR Ltd. d/b/a PublicDomainRegistry.com": 3.1496062992125986,
        "Porkbun": 0.7874015748031497,
        "Sav.com, LLC - 32": 0.7874015748031497,
        "Sav.com, LLC - 46": 0.7874015748031497,
        "Sav.com, LLC- 6": 0.7874015748031497,
        "Spaceship, Inc.": 1.5748031496062993,
        "TLD Registrar Solutions Ltd.": 0.7874015748031497,
        "Tucows Domains Inc.": 0.7874015748031497,
        "VIRTUA DRUG Kutatási Szolgáltató Korlátolt Felelősségű Társaság": 1.5748031496062993,
        "total": 100.0
    }
}