{
    "counter": {
        "1API GmbH": 2,
        "Atak Domain Bilgi Teknolojileri A.Ş.": 2,
        "CommuniGal Communication Ltd.": 2,
        "Communigal Communications Ltd": 2,
        "Danesco Trading Ltd.": 4,
        "Dynadot Inc": 14,
        "Dynadot LLC": 14,
        "GMO Internet Group, Inc. d/b/a Onamae.com": 2,
        "GoDaddy.com, LLC": 6,
        "HOSTINGER operations, UAB": 4,
        "Lucky Elephant Domains, LLC": 2,
        "Name.com, Inc.": 2,
        "NameCheap, Inc.": 18,
        "NameSilo, LLC": 156,
        "Namecheap": 8,
        "OVH": 2,
        "PDR Ltd. d/b/a PublicDomainRegistry.com": 6,
        "Porkbun": 2,
        "Spaceship, Inc.": 4,
        "TLD Registrar Solutions Ltd.": 2,
        "Tucows Domains Inc.": 2,
        "VIRTUA DRUG Kutatási Szolgáltató Korlátolt Felelősségű Társaság": 4,
        "West263 International Limited": 2,
        "total": 262
    },
    "percentage": {
        "1API GmbH": 0.7633587786259542,
        "Atak Domain Bilgi Teknolojileri A.Ş.": 0.7633587786259542,
        "CommuniGal Communication Ltd.": 0.7633587786259542,
        "Communigal Communications Ltd": 0.7633587786259542,
        "Danesco Trading Ltd.": 1.5267175572519085,
        "Dynadot Inc": 5.343511450381679,
        "Dynadot LLC": 5.343511450381679,
        "GMO Internet Group, Inc. d/b/a Onamae.com": 0.7633587786259542,
        "GoDaddy.com, LLC": 2.2900763358778624,
        "HOSTINGER operations, UAB": 1.5267175572519085,
        "Lucky Elephant Domains, LLC": 0.7633587786259542,
        "Name.com, Inc.": 0.7633587786259542,
        "NameCheap, Inc.": 6.870229007633588,
        "NameSilo, LLC": 59.541984732824424,
        "Namecheap": 3.053435114503817,
        "OVH": 0.7633587786259542,
        "PDR Ltd. d/b/a PublicDomainRegistry.com": 2.2900763358778624,
        "Porkbun": 0.7633587786259542,
        "Spaceship, Inc.": 1.5267175572519085,
        "TLD Registrar Solutions Ltd.": 0.7633587786259542,
        "Tucows Domains Inc.": 0.7633587786259542,
        "VIRTUA DRUG Kutatási Szolgáltató Korlátolt Felelősségű Társaság": 1.5267175572519085,
        "West263 International Limited": 0.7633587786259542,
        "total": 100.0
    }
}