{
    "counter": {
        "101domain GRS Limited": 2,
        "Big Dipper Domains, LLC": 2,
        "Chengdu West Dimension Digital Technology Co., Ltd.": 2,
        "CommuniGal Communication Ltd.": 6,
        "Danesco Trading Ltd.": 4,
        "Devexpanse Ltd": 2,
        "Dynadot Inc": 34,
        "Dynadot LLC": 10,
        "Dynadot, LLC": 2,
        "GMO Internet Group, Inc. d/b/a Onamae.com": 14,
        "GMO Internet, Inc. d/b/a Onamae.com": 2,
        "Gandi SAS": 4,
        "GoDaddy.com, LLC": 4,
        "Gransy, s.r.o.": 2,
        "HOSTINGER operations, UAB": 4,
        "NETIM SAS": 2,
        "NameCheap, Inc.": 24,
        "NameSilo, LLC": 58,
        "Namecheap": 2,
        "OVH": 2,
        "One.com": 2,
        "PDR Ltd. d/b/a PublicDomainRegistry.com": 4,
        "Porkbun": 6,
        "Porkbun LLC": 2,
        "Sav.com, LLC - 32": 2,
        "Sav.com, LLC - 46": 2,
        "Spaceship, Inc.": 6,
        "TLD Registrar Solutions Ltd.": 2,
        "Tucows Domains Inc.": 2,
        "TuringSign Inc. d/b/a Cosmotown": 2,
        "total": 212
    },
    "percentage": {
        "101domain GRS Limited": 0.9433962264150944,
        "Big Dipper Domains, LLC": 0.9433962264150944,
        "Chengdu West Dimension Digital Technology Co., Ltd.": 0.9433962264150944,
        "CommuniGal Communication Ltd.": 2.830188679245283,
        "Danesco Trading Ltd.": 1.8867924528301887,
        "Devexpanse Ltd": 0.9433962264150944,
        "Dynadot Inc": 16.037735849056602,
        "Dynadot LLC": 4.716981132075472,
        "Dynadot, LLC": 0.9433962264150944,
        "GMO Internet Group, Inc. d/b/a Onamae.com": 6.60377358490566,
        "GMO Internet, Inc. d/b/a Onamae.com": 0.9433962264150944,
        "Gandi SAS": 1.8867924528301887,
        "GoDaddy.com, LLC": 1.8867924528301887,
        "Gransy, s.r.o.": 0.9433962264150944,
        "HOSTINGER operations, UAB": 1.8867924528301887,
        "NETIM SAS": 0.9433962264150944,
        "NameCheap, Inc.": 11.320754716981131,
        "NameSilo, LLC": 27.358490566037737,
        "Namecheap": 0.9433962264150944,
        "OVH": 0.9433962264150944,
        "One.com": 0.9433962264150944,
        "PDR Ltd. d/b/a PublicDomainRegistry.com": 1.8867924528301887,
        "Porkbun": 2.830188679245283,
        "Porkbun LLC": 0.9433962264150944,
        "Sav.com, LLC - 32": 0.9433962264150944,
        "Sav.com, LLC - 46": 0.9433962264150944,
        "Spaceship, Inc.": 2.830188679245283,
        "TLD Registrar Solutions Ltd.": 0.9433962264150944,
        "Tucows Domains Inc.": 0.9433962264150944,
        "TuringSign Inc. d/b/a Cosmotown": 0.9433962264150944,
        "total": 100.0
    }
}