{
    "counter": {
        "CHENGDU WEST DIMENSION DIGITAL TECHNOLOGY CO., LTD.": 2,
        "Chengdu West Dimension Digital Technology Co., Ltd.": 2,
        "CommuniGal Communication Ltd.": 2,
        "Communigal Communications Ltd": 10,
        "Danesco Trading Ltd.": 2,
        "Dynadot Inc": 4,
        "Dynadot LLC": 12,
        "GMO Internet Group, Inc. d/b/a Onamae.com": 2,
        "Gname.com Pte. Ltd.": 4,
        "GoDaddy.com, LLC": 8,
        "HOSTINGER operations, UAB": 4,
        "Name.com, Inc.": 2,
        "NameCheap, Inc.": 14,
        "NameSilo, LLC": 126,
        "Namecheap": 16,
        "Names Stop Here LLC": 2,
        "OVH": 2,
        "PDR Ltd. d/b/a PublicDomainRegistry.com": 2,
        "Porkbun": 6,
        "Porkbun, LLC": 2,
        "Sav.com, LLC- 6": 2,
        "TLD Registrar Solutions Ltd.": 2,
        "Tucows Domains Inc.": 2,
        "VIRTUA DRUG Kutatási Szolgáltató Korlátolt Felelősségű Társaság": 2,
        "West263 International Limited": 4,
        "total": 236
    },
    "percentage": {
        "CHENGDU WEST DIMENSION DIGITAL TECHNOLOGY CO., LTD.": 0.847457627118644,
        "Chengdu West Dimension Digital Technology Co., Ltd.": 0.847457627118644,
        "CommuniGal Communication Ltd.": 0.847457627118644,
        "Communigal Communications Ltd": 4.237288135593221,
        "Danesco Trading Ltd.": 0.847457627118644,
        "Dynadot Inc": 1.694915254237288,
        "Dynadot LLC": 5.084745762711864,
        "GMO Internet Group, Inc. d/b/a Onamae.com": 0.847457627118644,
        "Gname.com Pte. Ltd.": 1.694915254237288,
        "GoDaddy.com, LLC": 3.389830508474576,
        "HOSTINGER operations, UAB": 1.694915254237288,
        "Name.com, Inc.": 0.847457627118644,
        "NameCheap, Inc.": 5.932203389830509,
        "NameSilo, LLC": 53.389830508474574,
        "Namecheap": 6.779661016949152,
        "Names Stop Here LLC": 0.847457627118644,
        "OVH": 0.847457627118644,
        "PDR Ltd. d/b/a PublicDomainRegistry.com": 0.847457627118644,
        "Porkbun": 2.542372881355932,
        "Porkbun, LLC": 0.847457627118644,
        "Sav.com, LLC- 6": 0.847457627118644,
        "TLD Registrar Solutions Ltd.": 0.847457627118644,
        "Tucows Domains Inc.": 0.847457627118644,
        "VIRTUA DRUG Kutatási Szolgáltató Korlátolt Felelősségű Társaság": 0.847457627118644,
        "West263 International Limited": 1.694915254237288,
        "total": 100.0
    }
}