{
    "counter": {
        "Big Dipper Domains, LLC": 2,
        "Cloudflare, Inc.": 4,
        "CommuniGal Communication Ltd.": 14,
        "Danesco Trading Ltd.": 6,
        "Domain Science Kutatási Szolgáltató Korlátolt Felelősségű Társaság": 2,
        "Dynadot Inc": 16,
        "Dynadot LLC": 10,
        "GMO Internet Group, Inc. d/b/a Onamae.com": 14,
        "GMO Internet, Inc. d/b/a Onamae.com": 2,
        "Gandi SAS": 2,
        "GoDaddy.com, LLC": 4,
        "HOSTINGER operations, UAB": 4,
        "NAMECHEAP": 2,
        "NETIM SAS": 2,
        "NETIM.com": 2,
        "NameCheap, Inc.": 28,
        "NameSilo, LLC": 20,
        "Namecheap": 8,
        "OVH": 2,
        "One.com": 2,
        "One.com A/S": 2,
        "PDR Ltd. d/b/a PublicDomainRegistry.com": 2,
        "Porkbun LLC": 2,
        "Sav.com LLC": 2,
        "Spaceship, Inc.": 6,
        "TLD Registrar Solutions Ltd.": 2,
        "Tucows Domains Inc.": 2,
        "TuringSign Inc. d/b/a Cosmotown": 2,
        "total": 166
    },
    "percentage": {
        "Big Dipper Domains, LLC": 1.2048192771084338,
        "Cloudflare, Inc.": 2.4096385542168677,
        "CommuniGal Communication Ltd.": 8.433734939759036,
        "Danesco Trading Ltd.": 3.6144578313253013,
        "Domain Science Kutatási Szolgáltató Korlátolt Felelősségű Társaság": 1.2048192771084338,
        "Dynadot Inc": 9.63855421686747,
        "Dynadot LLC": 6.024096385542169,
        "GMO Internet Group, Inc. d/b/a Onamae.com": 8.433734939759036,
        "GMO Internet, Inc. d/b/a Onamae.com": 1.2048192771084338,
        "Gandi SAS": 1.2048192771084338,
        "GoDaddy.com, LLC": 2.4096385542168677,
        "HOSTINGER operations, UAB": 2.4096385542168677,
        "NAMECHEAP": 1.2048192771084338,
        "NETIM SAS": 1.2048192771084338,
        "NETIM.com": 1.2048192771084338,
        "NameCheap, Inc.": 16.867469879518072,
        "NameSilo, LLC": 12.048192771084338,
        "Namecheap": 4.819277108433735,
        "OVH": 1.2048192771084338,
        "One.com": 1.2048192771084338,
        "One.com A/S": 1.2048192771084338,
        "PDR Ltd. d/b/a PublicDomainRegistry.com": 1.2048192771084338,
        "Porkbun LLC": 1.2048192771084338,
        "Sav.com LLC": 1.2048192771084338,
        "Spaceship, Inc.": 3.6144578313253013,
        "TLD Registrar Solutions Ltd.": 1.2048192771084338,
        "Tucows Domains Inc.": 1.2048192771084338,
        "TuringSign Inc. d/b/a Cosmotown": 1.2048192771084338,
        "total": 100.0
    }
}