{
    "counter": {
        "Big Dipper Domains, LLC": 2,
        "Cloudflare, Inc.": 4,
        "CommuniGal Communication Ltd.": 32,
        "Danesco Trading Ltd.": 8,
        "Dynadot Inc": 16,
        "Dynadot LLC": 8,
        "GMO Internet Group, Inc. d/b/a Onamae.com": 16,
        "GMO Internet, Inc. d/b/a Onamae.com": 2,
        "Gandi SAS": 2,
        "GoDaddy.com, LLC": 4,
        "HOSTINGER operations, UAB": 4,
        "NAMECHEAP": 4,
        "NETIM SAS": 2,
        "NETIM.com": 2,
        "NameCheap, Inc.": 24,
        "NameSilo, LLC": 20,
        "Namecheap": 6,
        "Nicnames, Inc.": 2,
        "OVH": 2,
        "One.com": 2,
        "One.com A/S": 2,
        "PDR Ltd. d/b/a PublicDomainRegistry.com": 2,
        "Porkbun LLC": 2,
        "Spaceship, Inc.": 4,
        "TLD Registrar Solutions Ltd.": 2,
        "Tucows Domains Inc.": 2,
        "TuringSign Inc. d/b/a Cosmotown": 2,
        "West263 International Limited": 34,
        "total": 212
    },
    "percentage": {
        "Big Dipper Domains, LLC": 0.9433962264150944,
        "Cloudflare, Inc.": 1.8867924528301887,
        "CommuniGal Communication Ltd.": 15.09433962264151,
        "Danesco Trading Ltd.": 3.7735849056603774,
        "Dynadot Inc": 7.547169811320755,
        "Dynadot LLC": 3.7735849056603774,
        "GMO Internet Group, Inc. d/b/a Onamae.com": 7.547169811320755,
        "GMO Internet, Inc. d/b/a Onamae.com": 0.9433962264150944,
        "Gandi SAS": 0.9433962264150944,
        "GoDaddy.com, LLC": 1.8867924528301887,
        "HOSTINGER operations, UAB": 1.8867924528301887,
        "NAMECHEAP": 1.8867924528301887,
        "NETIM SAS": 0.9433962264150944,
        "NETIM.com": 0.9433962264150944,
        "NameCheap, Inc.": 11.320754716981131,
        "NameSilo, LLC": 9.433962264150944,
        "Namecheap": 2.830188679245283,
        "Nicnames, Inc.": 0.9433962264150944,
        "OVH": 0.9433962264150944,
        "One.com": 0.9433962264150944,
        "One.com A/S": 0.9433962264150944,
        "PDR Ltd. d/b/a PublicDomainRegistry.com": 0.9433962264150944,
        "Porkbun LLC": 0.9433962264150944,
        "Spaceship, Inc.": 1.8867924528301887,
        "TLD Registrar Solutions Ltd.": 0.9433962264150944,
        "Tucows Domains Inc.": 0.9433962264150944,
        "TuringSign Inc. d/b/a Cosmotown": 0.9433962264150944,
        "West263 International Limited": 16.037735849056602,
        "total": 100.0
    }
}