{
    "counter": {
        "Atak Domain Bilgi Teknolojileri A.Ş.": 2,
        "CommuniGal Communication Ltd.": 2,
        "Communigal Communications Ltd": 4,
        "Danesco Trading Ltd.": 4,
        "Dynadot Inc": 10,
        "Dynadot LLC": 16,
        "GMO Internet Group, Inc. d/b/a Onamae.com": 12,
        "GoDaddy.com, LLC": 8,
        "HOSTINGER operations, UAB": 4,
        "Lucky Elephant Domains, LLC": 2,
        "NAMECHEAP": 2,
        "NETIM.com": 2,
        "Name.com, Inc.": 2,
        "NameCheap, Inc.": 14,
        "NameSilo, LLC": 148,
        "Namecheap": 6,
        "Nicnames, Inc.": 2,
        "OVH": 2,
        "PDR Ltd. d/b/a PublicDomainRegistry.com": 4,
        "Porkbun": 2,
        "Porkbun, LLC": 2,
        "Spaceship, Inc.": 4,
        "TLD Registrar Solutions Ltd.": 2,
        "Tucows Domains Inc.": 2,
        "VIRTUA DRUG Kutatási Szolgáltató Korlátolt Felelősségű Társaság": 4,
        "West263 International Limited": 2,
        "total": 264
    },
    "percentage": {
        "Atak Domain Bilgi Teknolojileri A.Ş.": 0.7575757575757576,
        "CommuniGal Communication Ltd.": 0.7575757575757576,
        "Communigal Communications Ltd": 1.5151515151515151,
        "Danesco Trading Ltd.": 1.5151515151515151,
        "Dynadot Inc": 3.787878787878788,
        "Dynadot LLC": 6.0606060606060606,
        "GMO Internet Group, Inc. d/b/a Onamae.com": 4.545454545454546,
        "GoDaddy.com, LLC": 3.0303030303030303,
        "HOSTINGER operations, UAB": 1.5151515151515151,
        "Lucky Elephant Domains, LLC": 0.7575757575757576,
        "NAMECHEAP": 0.7575757575757576,
        "NETIM.com": 0.7575757575757576,
        "Name.com, Inc.": 0.7575757575757576,
        "NameCheap, Inc.": 5.303030303030303,
        "NameSilo, LLC": 56.06060606060606,
        "Namecheap": 2.272727272727273,
        "Nicnames, Inc.": 0.7575757575757576,
        "OVH": 0.7575757575757576,
        "PDR Ltd. d/b/a PublicDomainRegistry.com": 1.5151515151515151,
        "Porkbun": 0.7575757575757576,
        "Porkbun, LLC": 0.7575757575757576,
        "Spaceship, Inc.": 1.5151515151515151,
        "TLD Registrar Solutions Ltd.": 0.7575757575757576,
        "Tucows Domains Inc.": 0.7575757575757576,
        "VIRTUA DRUG Kutatási Szolgáltató Korlátolt Felelősségű Társaság": 1.5151515151515151,
        "West263 International Limited": 0.7575757575757576,
        "total": 100.0
    }
}