{
    "counter": {
        "Alibaba Cloud Computing Ltd. d/b/a HiChina (www.net.cn)": 160,
        "CHENGDU WEST DIMENSION DIGITAL TECHNOLOGY CO., LTD.": 2,
        "Chengdu West Dimension Digital Technology Co., Ltd.": 2,
        "CommuniGal Communication Ltd.": 2,
        "Communigal Communications Ltd": 16,
        "Danesco Trading Ltd.": 2,
        "Dynadot Inc": 6,
        "Dynadot LLC": 12,
        "Gname.com Pte. Ltd.": 4,
        "Go Daddy, LLC": 4,
        "GoDaddy.com, LLC": 10,
        "Name.com, Inc.": 2,
        "NameCheap, Inc.": 6,
        "NameSilo, LLC": 10,
        "Namecheap": 14,
        "Names Stop Here LLC": 2,
        "OVH": 2,
        "Porkbun": 2,
        "Sav.com, LLC- 6": 2,
        "TLD Registrar Solutions Ltd.": 2,
        "Tucows Domains Inc.": 2,
        "VIRTUA DRUG Kutatási Szolgáltató Korlátolt Felelősségű Társaság": 2,
        "West263 International Limited": 18,
        "total": 284
    },
    "percentage": {
        "Alibaba Cloud Computing Ltd. d/b/a HiChina (www.net.cn)": 56.33802816901409,
        "CHENGDU WEST DIMENSION DIGITAL TECHNOLOGY CO., LTD.": 0.704225352112676,
        "Chengdu West Dimension Digital Technology Co., Ltd.": 0.704225352112676,
        "CommuniGal Communication Ltd.": 0.704225352112676,
        "Communigal Communications Ltd": 5.633802816901408,
        "Danesco Trading Ltd.": 0.704225352112676,
        "Dynadot Inc": 2.112676056338028,
        "Dynadot LLC": 4.225352112676056,
        "Gname.com Pte. Ltd.": 1.408450704225352,
        "Go Daddy, LLC": 1.408450704225352,
        "GoDaddy.com, LLC": 3.5211267605633805,
        "Name.com, Inc.": 0.704225352112676,
        "NameCheap, Inc.": 2.112676056338028,
        "NameSilo, LLC": 3.5211267605633805,
        "Namecheap": 4.929577464788732,
        "Names Stop Here LLC": 0.704225352112676,
        "OVH": 0.704225352112676,
        "Porkbun": 0.704225352112676,
        "Sav.com, LLC- 6": 0.704225352112676,
        "TLD Registrar Solutions Ltd.": 0.704225352112676,
        "Tucows Domains Inc.": 0.704225352112676,
        "VIRTUA DRUG Kutatási Szolgáltató Korlátolt Felelősségű Társaság": 0.704225352112676,
        "West263 International Limited": 6.338028169014085,
        "total": 100.0
    }
}