{
    "counter": {
        "Alibaba Cloud Computing Ltd. d/b/a HiChina (www.net.cn)": 158,
        "CHENGDU WEST DIMENSION DIGITAL TECHNOLOGY CO., LTD.": 2,
        "Chengdu West Dimension Digital Technology Co., Ltd.": 2,
        "CommuniGal Communication Ltd.": 2,
        "Communigal Communications Ltd": 14,
        "Danesco Trading Ltd.": 2,
        "Dynadot Inc": 4,
        "Dynadot LLC": 18,
        "Gname.com Pte. Ltd.": 4,
        "Go Daddy, LLC": 2,
        "GoDaddy.com, LLC": 10,
        "Name.com, Inc.": 2,
        "NameCheap, Inc.": 4,
        "NameSilo, LLC": 6,
        "Namecheap": 16,
        "PDR Ltd. d/b/a PublicDomainRegistry.com": 2,
        "Porkbun": 4,
        "Sav.com, LLC- 6": 2,
        "Tucows Domains Inc.": 2,
        "West263 International Limited": 14,
        "total": 270
    },
    "percentage": {
        "Alibaba Cloud Computing Ltd. d/b/a HiChina (www.net.cn)": 58.51851851851852,
        "CHENGDU WEST DIMENSION DIGITAL TECHNOLOGY CO., LTD.": 0.7407407407407407,
        "Chengdu West Dimension Digital Technology Co., Ltd.": 0.7407407407407407,
        "CommuniGal Communication Ltd.": 0.7407407407407407,
        "Communigal Communications Ltd": 5.185185185185185,
        "Danesco Trading Ltd.": 0.7407407407407407,
        "Dynadot Inc": 1.4814814814814814,
        "Dynadot LLC": 6.666666666666667,
        "Gname.com Pte. Ltd.": 1.4814814814814814,
        "Go Daddy, LLC": 0.7407407407407407,
        "GoDaddy.com, LLC": 3.7037037037037037,
        "Name.com, Inc.": 0.7407407407407407,
        "NameCheap, Inc.": 1.4814814814814814,
        "NameSilo, LLC": 2.2222222222222223,
        "Namecheap": 5.925925925925926,
        "PDR Ltd. d/b/a PublicDomainRegistry.com": 0.7407407407407407,
        "Porkbun": 1.4814814814814814,
        "Sav.com, LLC- 6": 0.7407407407407407,
        "Tucows Domains Inc.": 0.7407407407407407,
        "West263 International Limited": 5.185185185185185,
        "total": 100.0
    }
}