{
    "counter": {
        "Big Dipper Domains, LLC": 2,
        "Cloudflare, Inc.": 4,
        "CommuniGal Communication Ltd.": 32,
        "Danesco Trading Ltd.": 8,
        "Dynadot Inc": 16,
        "Dynadot LLC": 8,
        "GMO Internet Group, Inc. d/b/a Onamae.com": 18,
        "GMO Internet, Inc. d/b/a Onamae.com": 2,
        "Gandi SAS": 2,
        "GoDaddy.com, LLC": 4,
        "HOSTINGER operations, UAB": 4,
        "NAMECHEAP": 4,
        "NETIM SAS": 2,
        "NETIM.com": 2,
        "NameCheap, Inc.": 24,
        "NameSilo, LLC": 20,
        "Namecheap": 8,
        "Nicnames, Inc.": 2,
        "OVH": 2,
        "One.com": 2,
        "One.com A/S": 2,
        "PDR Ltd. d/b/a PublicDomainRegistry.com": 2,
        "Porkbun LLC": 2,
        "Spaceship, Inc.": 4,
        "TLD Registrar Solutions Ltd.": 2,
        "Tucows Domains Inc.": 2,
        "TuringSign Inc. d/b/a Cosmotown": 2,
        "VIRTUA DRUG Kutatási Szolgáltató Korlátolt Felelősségű Társaság": 2,
        "West263 International Limited": 36,
        "total": 220
    },
    "percentage": {
        "Big Dipper Domains, LLC": 0.9090909090909091,
        "Cloudflare, Inc.": 1.8181818181818181,
        "CommuniGal Communication Ltd.": 14.545454545454545,
        "Danesco Trading Ltd.": 3.6363636363636362,
        "Dynadot Inc": 7.2727272727272725,
        "Dynadot LLC": 3.6363636363636362,
        "GMO Internet Group, Inc. d/b/a Onamae.com": 8.181818181818182,
        "GMO Internet, Inc. d/b/a Onamae.com": 0.9090909090909091,
        "Gandi SAS": 0.9090909090909091,
        "GoDaddy.com, LLC": 1.8181818181818181,
        "HOSTINGER operations, UAB": 1.8181818181818181,
        "NAMECHEAP": 1.8181818181818181,
        "NETIM SAS": 0.9090909090909091,
        "NETIM.com": 0.9090909090909091,
        "NameCheap, Inc.": 10.909090909090908,
        "NameSilo, LLC": 9.090909090909092,
        "Namecheap": 3.6363636363636362,
        "Nicnames, Inc.": 0.9090909090909091,
        "OVH": 0.9090909090909091,
        "One.com": 0.9090909090909091,
        "One.com A/S": 0.9090909090909091,
        "PDR Ltd. d/b/a PublicDomainRegistry.com": 0.9090909090909091,
        "Porkbun LLC": 0.9090909090909091,
        "Spaceship, Inc.": 1.8181818181818181,
        "TLD Registrar Solutions Ltd.": 0.9090909090909091,
        "Tucows Domains Inc.": 0.9090909090909091,
        "TuringSign Inc. d/b/a Cosmotown": 0.9090909090909091,
        "VIRTUA DRUG Kutatási Szolgáltató Korlátolt Felelősségű Társaság": 0.9090909090909091,
        "West263 International Limited": 16.363636363636363,
        "total": 100.0
    }
}