{
    "counter": {
        "Atak Domain Bilgi Teknolojileri A.Ş.": 2,
        "CommuniGal Communication Ltd.": 2,
        "Danesco Trading Ltd.": 4,
        "Dynadot Inc": 8,
        "Dynadot LLC": 12,
        "GoDaddy.com, LLC": 4,
        "HOSTINGER operations, UAB": 4,
        "Lucky Elephant Domains, LLC": 2,
        "Name.com, Inc.": 2,
        "NameCheap, Inc.": 10,
        "NameSilo, LLC": 56,
        "Namecheap": 8,
        "OVH": 2,
        "PDR Ltd. d/b/a PublicDomainRegistry.com": 8,
        "Sav.com, LLC- 6": 2,
        "TLD Registrar Solutions Ltd.": 2,
        "Tucows Domains Inc.": 2,
        "VIRTUA DRUG Kutatási Szolgáltató Korlátolt Felelősségű Társaság": 4,
        "total": 134
    },
    "percentage": {
        "Atak Domain Bilgi Teknolojileri A.Ş.": 1.492537313432836,
        "CommuniGal Communication Ltd.": 1.492537313432836,
        "Danesco Trading Ltd.": 2.985074626865672,
        "Dynadot Inc": 5.970149253731344,
        "Dynadot LLC": 8.955223880597014,
        "GoDaddy.com, LLC": 2.985074626865672,
        "HOSTINGER operations, UAB": 2.985074626865672,
        "Lucky Elephant Domains, LLC": 1.492537313432836,
        "Name.com, Inc.": 1.492537313432836,
        "NameCheap, Inc.": 7.462686567164179,
        "NameSilo, LLC": 41.791044776119406,
        "Namecheap": 5.970149253731344,
        "OVH": 1.492537313432836,
        "PDR Ltd. d/b/a PublicDomainRegistry.com": 5.970149253731344,
        "Sav.com, LLC- 6": 1.492537313432836,
        "TLD Registrar Solutions Ltd.": 1.492537313432836,
        "Tucows Domains Inc.": 1.492537313432836,
        "VIRTUA DRUG Kutatási Szolgáltató Korlátolt Felelősségű Társaság": 2.985074626865672,
        "total": 100.0
    }
}