{
    "counter": {
        "Above.com Pty Ltd.": 2,
        "Atak Domain Bilgi Teknolojileri A.Ş.": 2,
        "Big Dipper Domains, LLC": 2,
        "Cloudflare, Inc.": 4,
        "CommuniGal Communication Ltd.": 8,
        "Communigal Communications Ltd": 32,
        "Danesco Trading Ltd.": 6,
        "Dynadot Inc": 18,
        "Dynadot LLC": 16,
        "GMO Internet Group, Inc. d/b/a Onamae.com": 18,
        "GoDaddy.com, LLC": 4,
        "HOSTINGER operations, UAB": 4,
        "NAMECHEAP": 2,
        "NETIM.com": 2,
        "NameCheap, Inc.": 18,
        "NameSilo, LLC": 18,
        "Namecheap": 4,
        "Nicnames, Inc.": 2,
        "OVH": 2,
        "PDR Ltd. d/b/a PublicDomainRegistry.com": 4,
        "Porkbun, LLC": 2,
        "Sav.com LLC": 2,
        "Spaceship, Inc.": 4,
        "TLD Registrar Solutions Ltd.": 2,
        "Tucows Domains Inc.": 2,
        "VIRTUA DRUG Kutatási Szolgáltató Korlátolt Felelősségű Társaság": 2,
        "West263 International Limited": 36,
        "total": 218
    },
    "percentage": {
        "Above.com Pty Ltd.": 0.9174311926605505,
        "Atak Domain Bilgi Teknolojileri A.Ş.": 0.9174311926605505,
        "Big Dipper Domains, LLC": 0.9174311926605505,
        "Cloudflare, Inc.": 1.834862385321101,
        "CommuniGal Communication Ltd.": 3.669724770642202,
        "Communigal Communications Ltd": 14.678899082568808,
        "Danesco Trading Ltd.": 2.7522935779816513,
        "Dynadot Inc": 8.256880733944953,
        "Dynadot LLC": 7.339449541284404,
        "GMO Internet Group, Inc. d/b/a Onamae.com": 8.256880733944953,
        "GoDaddy.com, LLC": 1.834862385321101,
        "HOSTINGER operations, UAB": 1.834862385321101,
        "NAMECHEAP": 0.9174311926605505,
        "NETIM.com": 0.9174311926605505,
        "NameCheap, Inc.": 8.256880733944953,
        "NameSilo, LLC": 8.256880733944953,
        "Namecheap": 1.834862385321101,
        "Nicnames, Inc.": 0.9174311926605505,
        "OVH": 0.9174311926605505,
        "PDR Ltd. d/b/a PublicDomainRegistry.com": 1.834862385321101,
        "Porkbun, LLC": 0.9174311926605505,
        "Sav.com LLC": 0.9174311926605505,
        "Spaceship, Inc.": 1.834862385321101,
        "TLD Registrar Solutions Ltd.": 0.9174311926605505,
        "Tucows Domains Inc.": 0.9174311926605505,
        "VIRTUA DRUG Kutatási Szolgáltató Korlátolt Felelősségű Társaság": 0.9174311926605505,
        "West263 International Limited": 16.513761467889907,
        "total": 100.0
    }
}