{
    "counter": {
        "Alibaba Cloud Computing Ltd. d/b/a HiChina (www.net.cn)": 160,
        "CHENGDU WEST DIMENSION DIGITAL TECHNOLOGY CO., LTD.": 2,
        "Chengdu West Dimension Digital Technology Co., Ltd.": 2,
        "CommuniGal Communication Ltd.": 2,
        "Communigal Communications Ltd": 16,
        "Danesco Trading Ltd.": 2,
        "Dynadot Inc": 6,
        "Dynadot LLC": 16,
        "Gname.com Pte. Ltd.": 4,
        "Go Daddy, LLC": 2,
        "GoDaddy.com, LLC": 10,
        "Name.com, Inc.": 2,
        "NameCheap, Inc.": 6,
        "NameSilo, LLC": 8,
        "Namecheap": 16,
        "Names Stop Here LLC": 2,
        "OVH": 2,
        "Porkbun": 2,
        "Sav.com, LLC- 6": 2,
        "Tucows Domains Inc.": 2,
        "West263 International Limited": 14,
        "total": 278
    },
    "percentage": {
        "Alibaba Cloud Computing Ltd. d/b/a HiChina (www.net.cn)": 57.55395683453237,
        "CHENGDU WEST DIMENSION DIGITAL TECHNOLOGY CO., LTD.": 0.7194244604316546,
        "Chengdu West Dimension Digital Technology Co., Ltd.": 0.7194244604316546,
        "CommuniGal Communication Ltd.": 0.7194244604316546,
        "Communigal Communications Ltd": 5.755395683453237,
        "Danesco Trading Ltd.": 0.7194244604316546,
        "Dynadot Inc": 2.158273381294964,
        "Dynadot LLC": 5.755395683453237,
        "Gname.com Pte. Ltd.": 1.4388489208633093,
        "Go Daddy, LLC": 0.7194244604316546,
        "GoDaddy.com, LLC": 3.597122302158273,
        "Name.com, Inc.": 0.7194244604316546,
        "NameCheap, Inc.": 2.158273381294964,
        "NameSilo, LLC": 2.8776978417266186,
        "Namecheap": 5.755395683453237,
        "Names Stop Here LLC": 0.7194244604316546,
        "OVH": 0.7194244604316546,
        "Porkbun": 0.7194244604316546,
        "Sav.com, LLC- 6": 0.7194244604316546,
        "Tucows Domains Inc.": 0.7194244604316546,
        "West263 International Limited": 5.0359712230215825,
        "total": 100.0
    }
}