{
    "counter": {
        "Alibaba Cloud Computing Ltd. d/b/a HiChina (www.net.cn)": 160,
        "CHENGDU WEST DIMENSION DIGITAL TECHNOLOGY CO., LTD.": 2,
        "Communigal Communications Ltd": 14,
        "Danesco Trading Ltd.": 2,
        "Dynadot Inc": 6,
        "Dynadot LLC": 16,
        "GMO Internet, Inc. d/b/a Onamae.com": 2,
        "Gname.com Pte. Ltd.": 6,
        "Go Daddy, LLC": 4,
        "GoDaddy.com, LLC": 6,
        "Name.com, Inc.": 2,
        "NameCheap, Inc.": 8,
        "NameSilo, LLC": 6,
        "Namecheap": 12,
        "Porkbun": 2,
        "Sav.com, LLC- 6": 2,
        "Spaceship, Inc.": 2,
        "Tucows Domains Inc.": 2,
        "West263 International Limited": 14,
        "White Rhino Domains, LLC": 2,
        "total": 270
    },
    "percentage": {
        "Alibaba Cloud Computing Ltd. d/b/a HiChina (www.net.cn)": 59.25925925925926,
        "CHENGDU WEST DIMENSION DIGITAL TECHNOLOGY CO., LTD.": 0.7407407407407407,
        "Communigal Communications Ltd": 5.185185185185185,
        "Danesco Trading Ltd.": 0.7407407407407407,
        "Dynadot Inc": 2.2222222222222223,
        "Dynadot LLC": 5.925925925925926,
        "GMO Internet, Inc. d/b/a Onamae.com": 0.7407407407407407,
        "Gname.com Pte. Ltd.": 2.2222222222222223,
        "Go Daddy, LLC": 1.4814814814814814,
        "GoDaddy.com, LLC": 2.2222222222222223,
        "Name.com, Inc.": 0.7407407407407407,
        "NameCheap, Inc.": 2.962962962962963,
        "NameSilo, LLC": 2.2222222222222223,
        "Namecheap": 4.444444444444445,
        "Porkbun": 0.7407407407407407,
        "Sav.com, LLC- 6": 0.7407407407407407,
        "Spaceship, Inc.": 0.7407407407407407,
        "Tucows Domains Inc.": 0.7407407407407407,
        "West263 International Limited": 5.185185185185185,
        "White Rhino Domains, LLC": 0.7407407407407407,
        "total": 100.0
    }
}