{
    "counter": {
        "Atak Domain Bilgi Teknolojileri A.Ş.": 2,
        "Cloudflare, Inc.": 2,
        "CommuniGal Communication Ltd.": 2,
        "Communigal Communications Ltd": 2,
        "Danesco Trading Ltd.": 4,
        "Dynadot Inc": 14,
        "Dynadot LLC": 16,
        "GMO Internet Group, Inc. d/b/a Onamae.com": 6,
        "GoDaddy.com, LLC": 6,
        "HOSTINGER operations, UAB": 4,
        "Lucky Elephant Domains, LLC": 2,
        "Name.com, Inc.": 2,
        "NameCheap, Inc.": 16,
        "NameSilo, LLC": 156,
        "Namecheap": 6,
        "OVH": 2,
        "PDR Ltd. d/b/a PublicDomainRegistry.com": 6,
        "Porkbun": 2,
        "Spaceship, Inc.": 4,
        "TLD Registrar Solutions Ltd.": 2,
        "Tucows Domains Inc.": 2,
        "VIRTUA DRUG Kutatási Szolgáltató Korlátolt Felelősségű Társaság": 4,
        "West263 International Limited": 2,
        "total": 264
    },
    "percentage": {
        "Atak Domain Bilgi Teknolojileri A.Ş.": 0.7575757575757576,
        "Cloudflare, Inc.": 0.7575757575757576,
        "CommuniGal Communication Ltd.": 0.7575757575757576,
        "Communigal Communications Ltd": 0.7575757575757576,
        "Danesco Trading Ltd.": 1.5151515151515151,
        "Dynadot Inc": 5.303030303030303,
        "Dynadot LLC": 6.0606060606060606,
        "GMO Internet Group, Inc. d/b/a Onamae.com": 2.272727272727273,
        "GoDaddy.com, LLC": 2.272727272727273,
        "HOSTINGER operations, UAB": 1.5151515151515151,
        "Lucky Elephant Domains, LLC": 0.7575757575757576,
        "Name.com, Inc.": 0.7575757575757576,
        "NameCheap, Inc.": 6.0606060606060606,
        "NameSilo, LLC": 59.09090909090909,
        "Namecheap": 2.272727272727273,
        "OVH": 0.7575757575757576,
        "PDR Ltd. d/b/a PublicDomainRegistry.com": 2.272727272727273,
        "Porkbun": 0.7575757575757576,
        "Spaceship, Inc.": 1.5151515151515151,
        "TLD Registrar Solutions Ltd.": 0.7575757575757576,
        "Tucows Domains Inc.": 0.7575757575757576,
        "VIRTUA DRUG Kutatási Szolgáltató Korlátolt Felelősségű Társaság": 1.5151515151515151,
        "West263 International Limited": 0.7575757575757576,
        "total": 100.0
    }
}