{
    "counter": {
        "Atak Domain Bilgi Teknolojileri A.Ş.": 2,
        "Big Dipper Domains, LLC": 2,
        "CommuniGal Communication Ltd.": 4,
        "Communigal Communications Ltd": 22,
        "Danesco Trading Ltd.": 6,
        "Dynadot Inc": 16,
        "Dynadot LLC": 14,
        "GMO Internet Group, Inc. d/b/a Onamae.com": 16,
        "GoDaddy.com, LLC": 6,
        "HOSTINGER operations, UAB": 4,
        "NAMECHEAP": 2,
        "NETIM.com": 2,
        "Name.com, Inc.": 2,
        "NameCheap, Inc.": 14,
        "NameSilo, LLC": 88,
        "Namecheap": 4,
        "Nicnames, Inc.": 2,
        "OVH": 2,
        "PDR Ltd. d/b/a PublicDomainRegistry.com": 4,
        "Porkbun": 2,
        "Porkbun, LLC": 2,
        "Spaceship, Inc.": 4,
        "TLD Registrar Solutions Ltd.": 2,
        "Tucows Domains Inc.": 2,
        "VIRTUA DRUG Kutatási Szolgáltató Korlátolt Felelősségű Társaság": 2,
        "West263 International Limited": 38,
        "total": 264
    },
    "percentage": {
        "Atak Domain Bilgi Teknolojileri A.Ş.": 0.7575757575757576,
        "Big Dipper Domains, LLC": 0.7575757575757576,
        "CommuniGal Communication Ltd.": 1.5151515151515151,
        "Communigal Communications Ltd": 8.333333333333334,
        "Danesco Trading Ltd.": 2.272727272727273,
        "Dynadot Inc": 6.0606060606060606,
        "Dynadot LLC": 5.303030303030303,
        "GMO Internet Group, Inc. d/b/a Onamae.com": 6.0606060606060606,
        "GoDaddy.com, LLC": 2.272727272727273,
        "HOSTINGER operations, UAB": 1.5151515151515151,
        "NAMECHEAP": 0.7575757575757576,
        "NETIM.com": 0.7575757575757576,
        "Name.com, Inc.": 0.7575757575757576,
        "NameCheap, Inc.": 5.303030303030303,
        "NameSilo, LLC": 33.333333333333336,
        "Namecheap": 1.5151515151515151,
        "Nicnames, Inc.": 0.7575757575757576,
        "OVH": 0.7575757575757576,
        "PDR Ltd. d/b/a PublicDomainRegistry.com": 1.5151515151515151,
        "Porkbun": 0.7575757575757576,
        "Porkbun, LLC": 0.7575757575757576,
        "Spaceship, Inc.": 1.5151515151515151,
        "TLD Registrar Solutions Ltd.": 0.7575757575757576,
        "Tucows Domains Inc.": 0.7575757575757576,
        "VIRTUA DRUG Kutatási Szolgáltató Korlátolt Felelősségű Társaság": 0.7575757575757576,
        "West263 International Limited": 14.393939393939394,
        "total": 100.0
    }
}