{
    "counter": {
        "101domain GRS Limited": 2,
        "Big Dipper Domains, LLC": 2,
        "CommuniGal Communication Ltd.": 4,
        "Danesco Trading Ltd.": 4,
        "Devexpanse Ltd": 2,
        "Domain Science Kutatási Szolgáltató Korlátolt Felelősségű Társaság": 2,
        "Dynadot Inc": 18,
        "Dynadot LLC": 10,
        "GMO Internet Group, Inc. d/b/a Onamae.com": 10,
        "Gandi SAS": 2,
        "GoDaddy.com, LLC": 4,
        "Gransy, s.r.o.": 2,
        "HOSTINGER operations, UAB": 4,
        "NAMECHEAP": 2,
        "NETIM SAS": 2,
        "NameCheap, Inc.": 24,
        "NameSilo, LLC": 58,
        "Namecheap": 4,
        "OVH": 2,
        "One.com": 2,
        "One.com A/S": 2,
        "PDR Ltd. d/b/a PublicDomainRegistry.com": 2,
        "Porkbun": 4,
        "Porkbun LLC": 2,
        "Sav.com, LLC - 32": 2,
        "Sav.com, LLC - 46": 2,
        "Spaceship, Inc.": 6,
        "TLD Registrar Solutions Ltd.": 2,
        "Tucows Domains Inc.": 2,
        "TuringSign Inc. d/b/a Cosmotown": 2,
        "total": 186
    },
    "percentage": {
        "101domain GRS Limited": 1.075268817204301,
        "Big Dipper Domains, LLC": 1.075268817204301,
        "CommuniGal Communication Ltd.": 2.150537634408602,
        "Danesco Trading Ltd.": 2.150537634408602,
        "Devexpanse Ltd": 1.075268817204301,
        "Domain Science Kutatási Szolgáltató Korlátolt Felelősségű Társaság": 1.075268817204301,
        "Dynadot Inc": 9.67741935483871,
        "Dynadot LLC": 5.376344086021505,
        "GMO Internet Group, Inc. d/b/a Onamae.com": 5.376344086021505,
        "Gandi SAS": 1.075268817204301,
        "GoDaddy.com, LLC": 2.150537634408602,
        "Gransy, s.r.o.": 1.075268817204301,
        "HOSTINGER operations, UAB": 2.150537634408602,
        "NAMECHEAP": 1.075268817204301,
        "NETIM SAS": 1.075268817204301,
        "NameCheap, Inc.": 12.903225806451612,
        "NameSilo, LLC": 31.182795698924732,
        "Namecheap": 2.150537634408602,
        "OVH": 1.075268817204301,
        "One.com": 1.075268817204301,
        "One.com A/S": 1.075268817204301,
        "PDR Ltd. d/b/a PublicDomainRegistry.com": 1.075268817204301,
        "Porkbun": 2.150537634408602,
        "Porkbun LLC": 1.075268817204301,
        "Sav.com, LLC - 32": 1.075268817204301,
        "Sav.com, LLC - 46": 1.075268817204301,
        "Spaceship, Inc.": 3.225806451612903,
        "TLD Registrar Solutions Ltd.": 1.075268817204301,
        "Tucows Domains Inc.": 1.075268817204301,
        "TuringSign Inc. d/b/a Cosmotown": 1.075268817204301,
        "total": 100.0
    }
}