{
    "counter": {
        "Atak Domain Bilgi Teknolojileri A.Ş.": 2,
        "Big Dipper Domains, LLC": 2,
        "CommuniGal Communication Ltd.": 4,
        "Communigal Communications Ltd": 22,
        "Danesco Trading Ltd.": 6,
        "Dynadot Inc": 14,
        "Dynadot LLC": 14,
        "GMO Internet Group, Inc. d/b/a Onamae.com": 18,
        "GoDaddy.com, LLC": 4,
        "HOSTINGER operations, UAB": 4,
        "NAMECHEAP": 2,
        "NETIM.com": 2,
        "Name.com, Inc.": 2,
        "NameCheap, Inc.": 14,
        "NameSilo, LLC": 90,
        "Namecheap": 6,
        "Nicnames, Inc.": 2,
        "OVH": 2,
        "PDR Ltd. d/b/a PublicDomainRegistry.com": 4,
        "Porkbun": 2,
        "Porkbun, LLC": 2,
        "Spaceship, Inc.": 4,
        "TLD Registrar Solutions Ltd.": 2,
        "Tucows Domains Inc.": 2,
        "VIRTUA DRUG Kutatási Szolgáltató Korlátolt Felelősségű Társaság": 2,
        "West263 International Limited": 38,
        "total": 266
    },
    "percentage": {
        "Atak Domain Bilgi Teknolojileri A.Ş.": 0.7518796992481203,
        "Big Dipper Domains, LLC": 0.7518796992481203,
        "CommuniGal Communication Ltd.": 1.5037593984962405,
        "Communigal Communications Ltd": 8.270676691729323,
        "Danesco Trading Ltd.": 2.255639097744361,
        "Dynadot Inc": 5.2631578947368425,
        "Dynadot LLC": 5.2631578947368425,
        "GMO Internet Group, Inc. d/b/a Onamae.com": 6.7669172932330826,
        "GoDaddy.com, LLC": 1.5037593984962405,
        "HOSTINGER operations, UAB": 1.5037593984962405,
        "NAMECHEAP": 0.7518796992481203,
        "NETIM.com": 0.7518796992481203,
        "Name.com, Inc.": 0.7518796992481203,
        "NameCheap, Inc.": 5.2631578947368425,
        "NameSilo, LLC": 33.83458646616541,
        "Namecheap": 2.255639097744361,
        "Nicnames, Inc.": 0.7518796992481203,
        "OVH": 0.7518796992481203,
        "PDR Ltd. d/b/a PublicDomainRegistry.com": 1.5037593984962405,
        "Porkbun": 0.7518796992481203,
        "Porkbun, LLC": 0.7518796992481203,
        "Spaceship, Inc.": 1.5037593984962405,
        "TLD Registrar Solutions Ltd.": 0.7518796992481203,
        "Tucows Domains Inc.": 0.7518796992481203,
        "VIRTUA DRUG Kutatási Szolgáltató Korlátolt Felelősségű Társaság": 0.7518796992481203,
        "West263 International Limited": 14.285714285714286,
        "total": 100.0
    }
}