{
    "counter": {
        "Atak Domain Bilgi Teknolojileri A.Ş.": 2,
        "CommuniGal Communication Ltd.": 2,
        "Communigal Communications Ltd": 20,
        "Danesco Trading Ltd.": 4,
        "Dynadot Inc": 14,
        "Dynadot LLC": 18,
        "GMO Internet Group, Inc. d/b/a Onamae.com": 18,
        "GoDaddy.com, LLC": 8,
        "HOSTINGER operations, UAB": 4,
        "NAMECHEAP": 2,
        "NETIM.com": 2,
        "Name.com, Inc.": 2,
        "NameCheap, Inc.": 16,
        "NameSilo, LLC": 146,
        "Namecheap": 10,
        "Nicnames, Inc.": 2,
        "OVH": 2,
        "PDR Ltd. d/b/a PublicDomainRegistry.com": 4,
        "Porkbun": 2,
        "Porkbun, LLC": 2,
        "Spaceship, Inc.": 4,
        "TLD Registrar Solutions Ltd.": 2,
        "Tucows Domains Inc.": 2,
        "VIRTUA DRUG Kutatási Szolgáltató Korlátolt Felelősségű Társaság": 4,
        "West263 International Limited": 18,
        "total": 310
    },
    "percentage": {
        "Atak Domain Bilgi Teknolojileri A.Ş.": 0.6451612903225806,
        "CommuniGal Communication Ltd.": 0.6451612903225806,
        "Communigal Communications Ltd": 6.451612903225806,
        "Danesco Trading Ltd.": 1.2903225806451613,
        "Dynadot Inc": 4.516129032258065,
        "Dynadot LLC": 5.806451612903226,
        "GMO Internet Group, Inc. d/b/a Onamae.com": 5.806451612903226,
        "GoDaddy.com, LLC": 2.5806451612903225,
        "HOSTINGER operations, UAB": 1.2903225806451613,
        "NAMECHEAP": 0.6451612903225806,
        "NETIM.com": 0.6451612903225806,
        "Name.com, Inc.": 0.6451612903225806,
        "NameCheap, Inc.": 5.161290322580645,
        "NameSilo, LLC": 47.096774193548384,
        "Namecheap": 3.225806451612903,
        "Nicnames, Inc.": 0.6451612903225806,
        "OVH": 0.6451612903225806,
        "PDR Ltd. d/b/a PublicDomainRegistry.com": 1.2903225806451613,
        "Porkbun": 0.6451612903225806,
        "Porkbun, LLC": 0.6451612903225806,
        "Spaceship, Inc.": 1.2903225806451613,
        "TLD Registrar Solutions Ltd.": 0.6451612903225806,
        "Tucows Domains Inc.": 0.6451612903225806,
        "VIRTUA DRUG Kutatási Szolgáltató Korlátolt Felelősségű Társaság": 1.2903225806451613,
        "West263 International Limited": 5.806451612903226,
        "total": 100.0
    }
}