{
    "counter": {
        "Alibaba Cloud Computing Ltd. d/b/a HiChina (www.net.cn)": 28,
        "CHENGDU WEST DIMENSION DIGITAL TECHNOLOGY CO., LTD.": 2,
        "Chengdu West Dimension Digital Technology Co., Ltd.": 2,
        "CommuniGal Communication Ltd.": 2,
        "Communigal Communications Ltd": 10,
        "Danesco Trading Ltd.": 2,
        "Dynadot Inc": 6,
        "Dynadot LLC": 12,
        "Gname.com Pte. Ltd.": 4,
        "GoDaddy.com, LLC": 10,
        "Gransy s.r.o.": 2,
        "NameCheap, Inc.": 12,
        "NameSilo, LLC": 10,
        "Namecheap": 14,
        "Names Stop Here LLC": 2,
        "OVH": 2,
        "Porkbun": 4,
        "Sav.com, LLC- 6": 2,
        "TLD Registrar Solutions Ltd.": 2,
        "Tucows Domains Inc.": 2,
        "West263 International Limited": 18,
        "total": 148
    },
    "percentage": {
        "Alibaba Cloud Computing Ltd. d/b/a HiChina (www.net.cn)": 18.91891891891892,
        "CHENGDU WEST DIMENSION DIGITAL TECHNOLOGY CO., LTD.": 1.3513513513513513,
        "Chengdu West Dimension Digital Technology Co., Ltd.": 1.3513513513513513,
        "CommuniGal Communication Ltd.": 1.3513513513513513,
        "Communigal Communications Ltd": 6.756756756756757,
        "Danesco Trading Ltd.": 1.3513513513513513,
        "Dynadot Inc": 4.054054054054054,
        "Dynadot LLC": 8.108108108108109,
        "Gname.com Pte. Ltd.": 2.7027027027027026,
        "GoDaddy.com, LLC": 6.756756756756757,
        "Gransy s.r.o.": 1.3513513513513513,
        "NameCheap, Inc.": 8.108108108108109,
        "NameSilo, LLC": 6.756756756756757,
        "Namecheap": 9.45945945945946,
        "Names Stop Here LLC": 1.3513513513513513,
        "OVH": 1.3513513513513513,
        "Porkbun": 2.7027027027027026,
        "Sav.com, LLC- 6": 1.3513513513513513,
        "TLD Registrar Solutions Ltd.": 1.3513513513513513,
        "Tucows Domains Inc.": 1.3513513513513513,
        "West263 International Limited": 12.162162162162161,
        "total": 100.0
    }
}