{
    "counter": {
        "Atak Domain Bilgi Teknolojileri A.Ş.": 2,
        "Big Dipper Domains, LLC": 2,
        "CommuniGal Communication Ltd.": 4,
        "Communigal Communications Ltd": 20,
        "Danesco Trading Ltd.": 4,
        "Dynadot Inc": 10,
        "Dynadot LLC": 10,
        "GMO Internet Group, Inc. d/b/a Onamae.com": 12,
        "GoDaddy.com, LLC": 6,
        "HOSTINGER operations, UAB": 2,
        "NAMECHEAP": 2,
        "NETIM.com": 2,
        "NameCheap, Inc.": 10,
        "NameSilo, LLC": 144,
        "Namecheap": 2,
        "OVH": 2,
        "PDR Ltd. d/b/a PublicDomainRegistry.com": 4,
        "Porkbun": 2,
        "Porkbun, LLC": 2,
        "Spaceship, Inc.": 4,
        "Tucows Domains Inc.": 2,
        "VIRTUA DRUG Kutatási Szolgáltató Korlátolt Felelősségű Társaság": 2,
        "West263 International Limited": 38,
        "total": 288
    },
    "percentage": {
        "Atak Domain Bilgi Teknolojileri A.Ş.": 0.6944444444444444,
        "Big Dipper Domains, LLC": 0.6944444444444444,
        "CommuniGal Communication Ltd.": 1.3888888888888888,
        "Communigal Communications Ltd": 6.944444444444445,
        "Danesco Trading Ltd.": 1.3888888888888888,
        "Dynadot Inc": 3.4722222222222223,
        "Dynadot LLC": 3.4722222222222223,
        "GMO Internet Group, Inc. d/b/a Onamae.com": 4.166666666666667,
        "GoDaddy.com, LLC": 2.0833333333333335,
        "HOSTINGER operations, UAB": 0.6944444444444444,
        "NAMECHEAP": 0.6944444444444444,
        "NETIM.com": 0.6944444444444444,
        "NameCheap, Inc.": 3.4722222222222223,
        "NameSilo, LLC": 50.0,
        "Namecheap": 0.6944444444444444,
        "OVH": 0.6944444444444444,
        "PDR Ltd. d/b/a PublicDomainRegistry.com": 1.3888888888888888,
        "Porkbun": 0.6944444444444444,
        "Porkbun, LLC": 0.6944444444444444,
        "Spaceship, Inc.": 1.3888888888888888,
        "Tucows Domains Inc.": 0.6944444444444444,
        "VIRTUA DRUG Kutatási Szolgáltató Korlátolt Felelősségű Társaság": 0.6944444444444444,
        "West263 International Limited": 13.194444444444445,
        "total": 100.0
    }
}