{
    "counter": {
        "CHENGDU WEST DIMENSION DIGITAL TECHNOLOGY CO., LTD.": 2,
        "Chengdu West Dimension Digital Technology Co., Ltd.": 2,
        "CommuniGal Communication Ltd.": 2,
        "Communigal Communications Ltd": 10,
        "Danesco Trading Ltd.": 2,
        "Dynadot Inc": 4,
        "Dynadot LLC": 14,
        "Gname.com Pte. Ltd.": 4,
        "GoDaddy.com, LLC": 8,
        "Name.com, Inc.": 2,
        "NameCheap, Inc.": 14,
        "NameSilo, LLC": 12,
        "Namecheap": 14,
        "Names Stop Here LLC": 2,
        "OVH": 2,
        "Porkbun": 4,
        "Porkbun, LLC": 2,
        "Sav.com, LLC- 6": 2,
        "TLD Registrar Solutions Ltd.": 2,
        "Tucows Domains Inc.": 2,
        "VIRTUA DRUG Kutatási Szolgáltató Korlátolt Felelősségű Társaság": 2,
        "West263 International Limited": 4,
        "total": 112
    },
    "percentage": {
        "CHENGDU WEST DIMENSION DIGITAL TECHNOLOGY CO., LTD.": 1.7857142857142858,
        "Chengdu West Dimension Digital Technology Co., Ltd.": 1.7857142857142858,
        "CommuniGal Communication Ltd.": 1.7857142857142858,
        "Communigal Communications Ltd": 8.928571428571429,
        "Danesco Trading Ltd.": 1.7857142857142858,
        "Dynadot Inc": 3.5714285714285716,
        "Dynadot LLC": 12.5,
        "Gname.com Pte. Ltd.": 3.5714285714285716,
        "GoDaddy.com, LLC": 7.142857142857143,
        "Name.com, Inc.": 1.7857142857142858,
        "NameCheap, Inc.": 12.5,
        "NameSilo, LLC": 10.714285714285714,
        "Namecheap": 12.5,
        "Names Stop Here LLC": 1.7857142857142858,
        "OVH": 1.7857142857142858,
        "Porkbun": 3.5714285714285716,
        "Porkbun, LLC": 1.7857142857142858,
        "Sav.com, LLC- 6": 1.7857142857142858,
        "TLD Registrar Solutions Ltd.": 1.7857142857142858,
        "Tucows Domains Inc.": 1.7857142857142858,
        "VIRTUA DRUG Kutatási Szolgáltató Korlátolt Felelősségű Társaság": 1.7857142857142858,
        "West263 International Limited": 3.5714285714285716,
        "total": 100.0
    }
}