{
    "counter": {
        "101domain GRS Limited": 2,
        "Big Dipper Domains, LLC": 2,
        "CommuniGal Communication Ltd.": 6,
        "Danesco Trading Ltd.": 4,
        "Devexpanse Ltd": 2,
        "Domain Science Kutatási Szolgáltató Korlátolt Felelősségű Társaság": 2,
        "Dynadot Inc": 14,
        "Dynadot LLC": 10,
        "GMO Internet Group, Inc. d/b/a Onamae.com": 12,
        "Gandi SAS": 2,
        "GoDaddy.com, LLC": 4,
        "Gransy, s.r.o.": 2,
        "HOSTINGER operations, UAB": 4,
        "NAMECHEAP": 2,
        "NETIM SAS": 2,
        "NameCheap, Inc.": 26,
        "NameSilo, LLC": 18,
        "Namecheap": 6,
        "OVH": 2,
        "One.com": 2,
        "One.com A/S": 2,
        "PDR Ltd. d/b/a PublicDomainRegistry.com": 2,
        "Porkbun": 4,
        "Porkbun LLC": 2,
        "Sav.com, LLC - 46": 2,
        "Spaceship, Inc.": 6,
        "TLD Registrar Solutions Ltd.": 2,
        "Tucows Domains Inc.": 2,
        "TuringSign Inc. d/b/a Cosmotown": 2,
        "total": 148
    },
    "percentage": {
        "101domain GRS Limited": 1.3513513513513513,
        "Big Dipper Domains, LLC": 1.3513513513513513,
        "CommuniGal Communication Ltd.": 4.054054054054054,
        "Danesco Trading Ltd.": 2.7027027027027026,
        "Devexpanse Ltd": 1.3513513513513513,
        "Domain Science Kutatási Szolgáltató Korlátolt Felelősségű Társaság": 1.3513513513513513,
        "Dynadot Inc": 9.45945945945946,
        "Dynadot LLC": 6.756756756756757,
        "GMO Internet Group, Inc. d/b/a Onamae.com": 8.108108108108109,
        "Gandi SAS": 1.3513513513513513,
        "GoDaddy.com, LLC": 2.7027027027027026,
        "Gransy, s.r.o.": 1.3513513513513513,
        "HOSTINGER operations, UAB": 2.7027027027027026,
        "NAMECHEAP": 1.3513513513513513,
        "NETIM SAS": 1.3513513513513513,
        "NameCheap, Inc.": 17.56756756756757,
        "NameSilo, LLC": 12.162162162162161,
        "Namecheap": 4.054054054054054,
        "OVH": 1.3513513513513513,
        "One.com": 1.3513513513513513,
        "One.com A/S": 1.3513513513513513,
        "PDR Ltd. d/b/a PublicDomainRegistry.com": 1.3513513513513513,
        "Porkbun": 2.7027027027027026,
        "Porkbun LLC": 1.3513513513513513,
        "Sav.com, LLC - 46": 1.3513513513513513,
        "Spaceship, Inc.": 4.054054054054054,
        "TLD Registrar Solutions Ltd.": 1.3513513513513513,
        "Tucows Domains Inc.": 1.3513513513513513,
        "TuringSign Inc. d/b/a Cosmotown": 1.3513513513513513,
        "total": 100.0
    }
}