{
    "counter": {
        "Atak Domain Bilgi Teknolojileri A.Ş.": 2,
        "Big Dipper Domains, LLC": 2,
        "CommuniGal Communication Ltd.": 4,
        "Communigal Communications Ltd": 22,
        "Danesco Trading Ltd.": 6,
        "Dynadot Inc": 14,
        "Dynadot LLC": 14,
        "GMO Internet Group, Inc. d/b/a Onamae.com": 18,
        "GoDaddy.com, LLC": 4,
        "HOSTINGER operations, UAB": 4,
        "NAMECHEAP": 2,
        "NETIM.com": 2,
        "Name.com, Inc.": 2,
        "NameCheap, Inc.": 16,
        "NameSilo, LLC": 90,
        "Namecheap": 6,
        "Nicnames, Inc.": 2,
        "OVH": 2,
        "PDR Ltd. d/b/a PublicDomainRegistry.com": 4,
        "Porkbun": 2,
        "Porkbun, LLC": 2,
        "Spaceship, Inc.": 4,
        "TLD Registrar Solutions Ltd.": 2,
        "Tucows Domains Inc.": 2,
        "VIRTUA DRUG Kutatási Szolgáltató Korlátolt Felelősségű Társaság": 2,
        "West263 International Limited": 38,
        "total": 268
    },
    "percentage": {
        "Atak Domain Bilgi Teknolojileri A.Ş.": 0.746268656716418,
        "Big Dipper Domains, LLC": 0.746268656716418,
        "CommuniGal Communication Ltd.": 1.492537313432836,
        "Communigal Communications Ltd": 8.208955223880597,
        "Danesco Trading Ltd.": 2.2388059701492535,
        "Dynadot Inc": 5.223880597014926,
        "Dynadot LLC": 5.223880597014926,
        "GMO Internet Group, Inc. d/b/a Onamae.com": 6.7164179104477615,
        "GoDaddy.com, LLC": 1.492537313432836,
        "HOSTINGER operations, UAB": 1.492537313432836,
        "NAMECHEAP": 0.746268656716418,
        "NETIM.com": 0.746268656716418,
        "Name.com, Inc.": 0.746268656716418,
        "NameCheap, Inc.": 5.970149253731344,
        "NameSilo, LLC": 33.582089552238806,
        "Namecheap": 2.2388059701492535,
        "Nicnames, Inc.": 0.746268656716418,
        "OVH": 0.746268656716418,
        "PDR Ltd. d/b/a PublicDomainRegistry.com": 1.492537313432836,
        "Porkbun": 0.746268656716418,
        "Porkbun, LLC": 0.746268656716418,
        "Spaceship, Inc.": 1.492537313432836,
        "TLD Registrar Solutions Ltd.": 0.746268656716418,
        "Tucows Domains Inc.": 0.746268656716418,
        "VIRTUA DRUG Kutatási Szolgáltató Korlátolt Felelősségű Társaság": 0.746268656716418,
        "West263 International Limited": 14.17910447761194,
        "total": 100.0
    }
}