{
    "counter": {
        "Atak Domain Bilgi Teknolojileri A.Ş.": 2,
        "CommuniGal Communication Ltd.": 2,
        "Communigal Communications Ltd": 22,
        "Danesco Trading Ltd.": 4,
        "Dynadot Inc": 14,
        "Dynadot LLC": 18,
        "GMO Internet Group, Inc. d/b/a Onamae.com": 16,
        "GoDaddy.com, LLC": 8,
        "HOSTINGER operations, UAB": 4,
        "NAMECHEAP": 2,
        "NETIM.com": 2,
        "Name.com, Inc.": 2,
        "NameCheap, Inc.": 12,
        "NameSilo, LLC": 146,
        "Namecheap": 6,
        "Nicnames, Inc.": 2,
        "OVH": 2,
        "PDR Ltd. d/b/a PublicDomainRegistry.com": 4,
        "Porkbun": 2,
        "Porkbun, LLC": 2,
        "Spaceship, Inc.": 4,
        "TLD Registrar Solutions Ltd.": 2,
        "Tucows Domains Inc.": 2,
        "VIRTUA DRUG Kutatási Szolgáltató Korlátolt Felelősségű Társaság": 4,
        "West263 International Limited": 34,
        "total": 318
    },
    "percentage": {
        "Atak Domain Bilgi Teknolojileri A.Ş.": 0.6289308176100629,
        "CommuniGal Communication Ltd.": 0.6289308176100629,
        "Communigal Communications Ltd": 6.918238993710692,
        "Danesco Trading Ltd.": 1.2578616352201257,
        "Dynadot Inc": 4.40251572327044,
        "Dynadot LLC": 5.660377358490566,
        "GMO Internet Group, Inc. d/b/a Onamae.com": 5.031446540880503,
        "GoDaddy.com, LLC": 2.5157232704402515,
        "HOSTINGER operations, UAB": 1.2578616352201257,
        "NAMECHEAP": 0.6289308176100629,
        "NETIM.com": 0.6289308176100629,
        "Name.com, Inc.": 0.6289308176100629,
        "NameCheap, Inc.": 3.7735849056603774,
        "NameSilo, LLC": 45.911949685534594,
        "Namecheap": 1.8867924528301887,
        "Nicnames, Inc.": 0.6289308176100629,
        "OVH": 0.6289308176100629,
        "PDR Ltd. d/b/a PublicDomainRegistry.com": 1.2578616352201257,
        "Porkbun": 0.6289308176100629,
        "Porkbun, LLC": 0.6289308176100629,
        "Spaceship, Inc.": 1.2578616352201257,
        "TLD Registrar Solutions Ltd.": 0.6289308176100629,
        "Tucows Domains Inc.": 0.6289308176100629,
        "VIRTUA DRUG Kutatási Szolgáltató Korlátolt Felelősségű Társaság": 1.2578616352201257,
        "West263 International Limited": 10.69182389937107,
        "total": 100.0
    }
}