{
    "counter": {
        "Atak Domain Bilgi Teknolojileri A.Ş.": 2,
        "CommuniGal Communication Ltd.": 10,
        "Communigal Communications Ltd": 8,
        "Danesco Trading Ltd.": 4,
        "Dynadot Inc": 16,
        "Dynadot LLC": 10,
        "GoDaddy.com, LLC": 6,
        "HOSTINGER operations, UAB": 4,
        "Lucky Elephant Domains, LLC": 2,
        "Name.com, Inc.": 2,
        "NameCheap, Inc.": 18,
        "NameSilo, LLC": 152,
        "Namecheap": 4,
        "OVH": 2,
        "PDR Ltd. d/b/a PublicDomainRegistry.com": 8,
        "Porkbun": 2,
        "Spaceship, Inc.": 4,
        "TLD Registrar Solutions Ltd.": 2,
        "Tucows Domains Inc.": 2,
        "VIRTUA DRUG Kutatási Szolgáltató Korlátolt Felelősségű Társaság": 4,
        "West263 International Limited": 2,
        "total": 264
    },
    "percentage": {
        "Atak Domain Bilgi Teknolojileri A.Ş.": 0.7575757575757576,
        "CommuniGal Communication Ltd.": 3.787878787878788,
        "Communigal Communications Ltd": 3.0303030303030303,
        "Danesco Trading Ltd.": 1.5151515151515151,
        "Dynadot Inc": 6.0606060606060606,
        "Dynadot LLC": 3.787878787878788,
        "GoDaddy.com, LLC": 2.272727272727273,
        "HOSTINGER operations, UAB": 1.5151515151515151,
        "Lucky Elephant Domains, LLC": 0.7575757575757576,
        "Name.com, Inc.": 0.7575757575757576,
        "NameCheap, Inc.": 6.818181818181818,
        "NameSilo, LLC": 57.57575757575758,
        "Namecheap": 1.5151515151515151,
        "OVH": 0.7575757575757576,
        "PDR Ltd. d/b/a PublicDomainRegistry.com": 3.0303030303030303,
        "Porkbun": 0.7575757575757576,
        "Spaceship, Inc.": 1.5151515151515151,
        "TLD Registrar Solutions Ltd.": 0.7575757575757576,
        "Tucows Domains Inc.": 0.7575757575757576,
        "VIRTUA DRUG Kutatási Szolgáltató Korlátolt Felelősségű Társaság": 1.5151515151515151,
        "West263 International Limited": 0.7575757575757576,
        "total": 100.0
    }
}