{
    "counter": {
        "101domain GRS Limited": 2,
        "Big Dipper Domains, LLC": 2,
        "Cloudflare, Inc.": 2,
        "CommuniGal Communication Ltd.": 6,
        "Danesco Trading Ltd.": 4,
        "Devexpanse Ltd": 2,
        "Domain Science Kutatási Szolgáltató Korlátolt Felelősségű Társaság": 2,
        "Dynadot Inc": 12,
        "Dynadot LLC": 10,
        "GMO Internet Group, Inc. d/b/a Onamae.com": 10,
        "Gandi SAS": 2,
        "GoDaddy.com, LLC": 4,
        "Gransy, s.r.o.": 2,
        "HOSTINGER operations, UAB": 4,
        "NAMECHEAP": 2,
        "NETIM SAS": 2,
        "NameCheap, Inc.": 28,
        "NameSilo, LLC": 18,
        "Namecheap": 6,
        "OVH": 2,
        "One.com": 2,
        "One.com A/S": 2,
        "PDR Ltd. d/b/a PublicDomainRegistry.com": 2,
        "Porkbun": 4,
        "Porkbun LLC": 2,
        "Spaceship, Inc.": 6,
        "TLD Registrar Solutions Ltd.": 2,
        "Tucows Domains Inc.": 2,
        "TuringSign Inc. d/b/a Cosmotown": 2,
        "total": 146
    },
    "percentage": {
        "101domain GRS Limited": 1.36986301369863,
        "Big Dipper Domains, LLC": 1.36986301369863,
        "Cloudflare, Inc.": 1.36986301369863,
        "CommuniGal Communication Ltd.": 4.109589041095891,
        "Danesco Trading Ltd.": 2.73972602739726,
        "Devexpanse Ltd": 1.36986301369863,
        "Domain Science Kutatási Szolgáltató Korlátolt Felelősségű Társaság": 1.36986301369863,
        "Dynadot Inc": 8.219178082191782,
        "Dynadot LLC": 6.8493150684931505,
        "GMO Internet Group, Inc. d/b/a Onamae.com": 6.8493150684931505,
        "Gandi SAS": 1.36986301369863,
        "GoDaddy.com, LLC": 2.73972602739726,
        "Gransy, s.r.o.": 1.36986301369863,
        "HOSTINGER operations, UAB": 2.73972602739726,
        "NAMECHEAP": 1.36986301369863,
        "NETIM SAS": 1.36986301369863,
        "NameCheap, Inc.": 19.17808219178082,
        "NameSilo, LLC": 12.32876712328767,
        "Namecheap": 4.109589041095891,
        "OVH": 1.36986301369863,
        "One.com": 1.36986301369863,
        "One.com A/S": 1.36986301369863,
        "PDR Ltd. d/b/a PublicDomainRegistry.com": 1.36986301369863,
        "Porkbun": 2.73972602739726,
        "Porkbun LLC": 1.36986301369863,
        "Spaceship, Inc.": 4.109589041095891,
        "TLD Registrar Solutions Ltd.": 1.36986301369863,
        "Tucows Domains Inc.": 1.36986301369863,
        "TuringSign Inc. d/b/a Cosmotown": 1.36986301369863,
        "total": 100.0
    }
}