{
    "counter": {
        "Atak Domain Bilgi Teknolojileri A.Ş.": 2,
        "Communigal Communications Ltd": 2,
        "Danesco Trading Ltd.": 4,
        "Dynadot Inc": 10,
        "Dynadot LLC": 12,
        "GoDaddy.com, LLC": 4,
        "HOSTINGER operations, UAB": 4,
        "Lucky Elephant Domains, LLC": 2,
        "Name.com, Inc.": 2,
        "NameCheap, Inc.": 18,
        "NameSilo, LLC": 26,
        "Namecheap": 8,
        "OVH": 2,
        "PDR Ltd. d/b/a PublicDomainRegistry.com": 8,
        "Porkbun": 2,
        "Porkbun, LLC": 2,
        "TLD Registrar Solutions Ltd.": 2,
        "Tucows Domains Inc.": 2,
        "VIRTUA DRUG Kutatási Szolgáltató Korlátolt Felelősségű Társaság": 4,
        "total": 116
    },
    "percentage": {
        "Atak Domain Bilgi Teknolojileri A.Ş.": 1.7241379310344827,
        "Communigal Communications Ltd": 1.7241379310344827,
        "Danesco Trading Ltd.": 3.4482758620689653,
        "Dynadot Inc": 8.620689655172415,
        "Dynadot LLC": 10.344827586206897,
        "GoDaddy.com, LLC": 3.4482758620689653,
        "HOSTINGER operations, UAB": 3.4482758620689653,
        "Lucky Elephant Domains, LLC": 1.7241379310344827,
        "Name.com, Inc.": 1.7241379310344827,
        "NameCheap, Inc.": 15.517241379310345,
        "NameSilo, LLC": 22.413793103448278,
        "Namecheap": 6.896551724137931,
        "OVH": 1.7241379310344827,
        "PDR Ltd. d/b/a PublicDomainRegistry.com": 6.896551724137931,
        "Porkbun": 1.7241379310344827,
        "Porkbun, LLC": 1.7241379310344827,
        "TLD Registrar Solutions Ltd.": 1.7241379310344827,
        "Tucows Domains Inc.": 1.7241379310344827,
        "VIRTUA DRUG Kutatási Szolgáltató Korlátolt Felelősségű Társaság": 3.4482758620689653,
        "total": 100.0
    }
}