idna_subject,checker_type,destination,tested_at
phimsexnhat.live,AVAILABILITY,origin.list,2026-10-01 08:14:23.673272+00:00
jxg168.com,AVAILABILITY,origin.list,2026-10-01 08:14:27.164092+00:00
kkt21.com,AVAILABILITY,origin.list,2026-10-01 08:14:29.303137+00:00
kkv70.com,AVAILABILITY,origin.list,2026-10-01 08:14:32.815315+00:00
kku06.com,AVAILABILITY,origin.list,2026-10-01 08:14:34.933824+00:00
kkt17.com,AVAILABILITY,origin.list,2026-10-01 08:14:38.518558+00:00
lffsj.com,AVAILABILITY,origin.list,2026-10-01 08:14:40.609686+00:00
kke32.com,AVAILABILITY,origin.list,2026-10-01 08:14:44.138889+00:00
kku10.com,AVAILABILITY,origin.list,2026-10-01 08:14:46.302760+00:00
kkv72.com,AVAILABILITY,origin.list,2026-10-01 08:14:49.882042+00:00
jjgcujteebbgg.xyz,AVAILABILITY,origin.list,2026-10-01 08:14:52.273632+00:00
liujiangpaper.com,AVAILABILITY,origin.list,2026-10-01 08:14:55.497341+00:00
kku18.com,AVAILABILITY,origin.list,2026-10-01 08:14:57.934231+00:00
hanoivip.vnzz.me,AVAILABILITY,origin.list,2026-10-01 08:15:01.166546+00:00
lhw13129993419.com,AVAILABILITY,origin.list,2026-10-01 08:15:03.660432+00:00
liangtaowy.com,AVAILABILITY,origin.list,2026-10-01 08:15:06.863835+00:00
linmucorp.com,AVAILABILITY,origin.list,2026-10-01 08:15:09.291189+00:00
ljzs6.com,AVAILABILITY,origin.list,2026-10-01 08:15:12.483964+00:00
lsj153.com,AVAILABILITY,origin.list,2026-10-01 08:15:14.973223+00:00
longxinyinji.com,AVAILABILITY,origin.list,2026-10-01 08:15:18.179424+00:00
longtreker.com,AVAILABILITY,origin.list,2026-10-01 08:15:20.668863+00:00
lsj154.com,AVAILABILITY,origin.list,2026-10-01 08:15:24.044410+00:00
lsj157.com,AVAILABILITY,origin.list,2026-10-01 08:15:26.306060+00:00
lsj156.com,AVAILABILITY,origin.list,2026-10-01 08:15:29.822817+00:00
lsj148.com,AVAILABILITY,origin.list,2026-10-01 08:15:32.028019+00:00
lsj160.com,AVAILABILITY,origin.list,2026-10-01 08:15:35.427676+00:00
lsj161.com,AVAILABILITY,origin.list,2026-10-01 08:15:37.724263+00:00
lsj159.com,AVAILABILITY,origin.list,2026-10-01 08:15:41.041537+00:00
lsj166.com,AVAILABILITY,origin.list,2026-10-01 08:15:43.479081+00:00
maonvwu.com,AVAILABILITY,origin.list,2026-10-01 08:15:46.706799+00:00
lsj162.com,AVAILABILITY,origin.list,2026-10-01 08:15:49.138714+00:00
shangyecankao.com,AVAILABILITY,origin.list,2026-10-01 08:15:52.404989+00:00
shunkinghk.com,AVAILABILITY,origin.list,2026-10-01 08:15:54.794672+00:00
lsjapi.com,AVAILABILITY,origin.list,2026-10-01 08:15:58.019412+00:00
javsub.live,AVAILABILITY,origin.list,2026-10-01 08:16:00.515755+00:00
lhnyhg.com,AVAILABILITY,origin.list,2026-10-01 08:16:03.698316+00:00
youjizz-gay.com,AVAILABILITY,origin.list,2026-10-01 08:16:06.124836+00:00
lsj254.com,AVAILABILITY,origin.list,2026-10-01 08:16:09.493773+00:00
lsj164.com,AVAILABILITY,origin.list,2026-10-01 08:16:11.740510+00:00
luxiujiafang.com,AVAILABILITY,origin.list,2026-10-01 08:16:15.131067+00:00
lustxtube.com,AVAILABILITY,origin.list,2026-10-01 08:16:17.398966+00:00
lsjcaiji.com,AVAILABILITY,origin.list,2026-10-01 08:16:20.788653+00:00
lygs090.com,AVAILABILITY,origin.list,2026-10-01 08:16:22.999898+00:00
javx.nl,AVAILABILITY,origin.list,2026-10-01 08:16:28.790649+00:00
maturepornvideos.net,AVAILABILITY,origin.list,2026-10-01 08:16:28.893272+00:00
maturetubeporn.net,AVAILABILITY,origin.list,2026-10-01 08:16:34.445893+00:00
brothersporn.pro,AVAILABILITY,origin.list,2026-10-01 08:18:19.998052+00:00
brutal-femdom.info,AVAILABILITY,origin.list,2026-10-01 08:18:20.929082+00:00
fu-bang.com,AVAILABILITY,origin.list,2026-10-01 08:19:30.045395+00:00
hzfjpw.com,AVAILABILITY,origin.list,2026-10-01 08:20:16.238695+00:00
porn666.pro,AVAILABILITY,origin.list,2026-10-01 08:22:45.146361+00:00
porno-love.com,AVAILABILITY,origin.list,2026-10-01 08:22:45.160346+00:00
turboporno.net,AVAILABILITY,origin.list,2026-10-01 08:24:41.151821+00:00
yili12.com,AVAILABILITY,origin.list,2026-10-01 08:26:06.212954+00:00
ynly118.com,AVAILABILITY,origin.list,2026-10-01 08:26:14.317749+00:00
meimeitex.com,AVAILABILITY,origin.list,2026-10-01 08:26:46.608280+00:00
lvse100.com,AVAILABILITY,origin.list,2026-10-01 08:26:52.254629+00:00
vlxx.media,AVAILABILITY,origin.list,2026-10-01 08:26:57.513722+00:00
meirixianyouxuan.com,AVAILABILITY,origin.list,2026-10-01 08:26:57.976981+00:00
milfhdporn.net,AVAILABILITY,origin.list,2026-10-01 08:27:03.172287+00:00
jdavdz.top,AVAILABILITY,origin.list,2026-10-01 08:27:04.540449+00:00
mhksbg.com,AVAILABILITY,origin.list,2026-10-01 08:27:08.850718+00:00
zzalk.net,AVAILABILITY,origin.list,2026-10-01 08:27:10.370335+00:00
minsheng-bj.com,AVAILABILITY,origin.list,2026-10-01 08:27:14.620027+00:00
mmx09.com,AVAILABILITY,origin.list,2026-10-01 08:27:16.109516+00:00
milffreeporn.net,AVAILABILITY,origin.list,2026-10-01 08:27:20.240998+00:00
asiansexphotos.net,AVAILABILITY,origin.list,2026-10-01 08:27:21.704109+00:00
baoqianlang.com,AVAILABILITY,origin.list,2026-10-01 08:27:26.043433+00:00
kowhem.com,AVAILABILITY,origin.list,2026-10-01 08:27:27.302115+00:00
momporn.net,AVAILABILITY,origin.list,2026-10-01 08:27:31.660734+00:00
mmtv057.com,AVAILABILITY,origin.list,2026-10-01 08:27:32.935848+00:00
dq668.com,AVAILABILITY,origin.list,2026-10-01 08:27:47.604049+00:00
webcamsbabe.com,AVAILABILITY,origin.list,2026-10-01 08:27:48.848274+00:00
mmv14.com,AVAILABILITY,origin.list,2026-10-01 08:27:54.650555+00:00
coiphimsex.org,AVAILABILITY,origin.list,2026-10-01 08:27:56.302719+00:00
mnfhome.com,AVAILABILITY,origin.list,2026-10-01 08:28:00.375341+00:00
mmx29.com,AVAILABILITY,origin.list,2026-10-01 08:28:02.086675+00:00
my-yoya.com,AVAILABILITY,origin.list,2026-10-01 08:28:06.199700+00:00
mma59.com,AVAILABILITY,origin.list,2026-10-01 08:28:11.930954+00:00
4fappers.com,AVAILABILITY,origin.list,2026-10-01 08:28:17.405526+00:00
mqxw110.com,AVAILABILITY,origin.list,2026-10-01 08:28:18.023709+00:00
porn-tube-videos.net,AVAILABILITY,origin.list,2026-10-01 08:28:23.177433+00:00
jnaolida.com,AVAILABILITY,origin.list,2026-10-01 08:28:23.768560+00:00
mtt013.com,AVAILABILITY,origin.list,2026-10-01 08:28:28.930392+00:00
mtt011.com,AVAILABILITY,origin.list,2026-10-01 08:28:29.457213+00:00
mytruehues.com,AVAILABILITY,origin.list,2026-10-01 08:28:34.566420+00:00
myporn4u.com,AVAILABILITY,origin.list,2026-10-01 08:28:35.296606+00:00
mnc8s.xyz,AVAILABILITY,origin.list,2026-10-01 08:28:40.371655+00:00
nakedlatinaporn.com,AVAILABILITY,origin.list,2026-10-01 08:28:41.078096+00:00
mtt018.com,AVAILABILITY,origin.list,2026-10-01 08:28:46.270580+00:00
nakedliveteens.com,AVAILABILITY,origin.list,2026-10-01 08:28:46.901778+00:00
nagamasexy.com,AVAILABILITY,origin.list,2026-10-01 08:28:51.909521+00:00
lbwenming.com,AVAILABILITY,origin.list,2026-10-01 08:28:52.671263+00:00
njyqsgx.com,AVAILABILITY,origin.list,2026-10-01 08:28:57.684073+00:00
oldhdporn.com,AVAILABILITY,origin.list,2026-10-01 08:28:58.264604+00:00
nsotechgroup.com,AVAILABILITY,origin.list,2026-10-01 08:29:03.381177+00:00
nudeteenxxx.net,AVAILABILITY,origin.list,2026-10-01 08:29:03.970798+00:00
nikutai-kaizou.com,AVAILABILITY,origin.list,2026-10-01 08:29:08.985400+00:00
phim18hd.co,AVAILABILITY,origin.list,2026-10-01 08:29:09.591814+00:00
onlypornhd.net,AVAILABILITY,origin.list,2026-10-01 08:29:14.668743+00:00
onetubesex.com,AVAILABILITY,origin.list,2026-10-01 08:29:15.457743+00:00
30ykj.com,AVAILABILITY,origin.list,2026-10-01 08:29:20.335412+00:00
phimdemz.com,AVAILABILITY,origin.list,2026-10-01 08:29:21.217779+00:00
phimsexkoche.net,AVAILABILITY,origin.list,2026-10-01 08:29:26.060674+00:00
phimsecc.net,AVAILABILITY,origin.list,2026-10-01 08:29:26.882174+00:00
phimsexphap.net,AVAILABILITY,origin.list,2026-10-01 08:29:31.784980+00:00
my1gl.xyz,AVAILABILITY,origin.list,2026-10-01 08:29:32.578545+00:00
papa300.xyz,AVAILABILITY,origin.list,2026-10-01 08:29:37.586698+00:00
phimxec.net,AVAILABILITY,origin.list,2026-10-01 08:29:38.256129+00:00
porndady.com,AVAILABILITY,origin.list,2026-10-01 08:29:43.259032+00:00
pjltgs.com,AVAILABILITY,origin.list,2026-10-01 08:29:44.002123+00:00
pormxxx.com,AVAILABILITY,origin.list,2026-10-01 08:29:49.183868+00:00
femdom-dominatrix.info,AVAILABILITY,origin.list,2026-10-01 08:29:52.031592+00:00
phoneporn24.com,AVAILABILITY,origin.list,2026-10-01 08:29:54.755023+00:00
pornofosos.com,AVAILABILITY,origin.list,2026-10-01 08:29:57.662446+00:00
pornodedsi.com,AVAILABILITY,origin.list,2026-10-01 08:30:00.380541+00:00
hdsex.su,AVAILABILITY,origin.list,2026-10-01 08:30:04.704748+00:00
matures.club,AVAILABILITY,origin.list,2026-10-01 08:30:09.114485+00:00
pornokarina.net,AVAILABILITY,origin.list,2026-10-01 08:30:10.405973+00:00
pornobabos.com,AVAILABILITY,origin.list,2026-10-01 08:30:16.180717+00:00
dongzhichun.cn,AVAILABILITY,origin.list,2026-10-01 08:30:18.806839+00:00
pornokezka.com,AVAILABILITY,origin.list,2026-10-01 08:30:21.901638+00:00
pornomorkovka.com,AVAILABILITY,origin.list,2026-10-01 08:30:24.467006+00:00
pornomobsi.com,AVAILABILITY,origin.list,2026-10-01 08:30:27.589747+00:00
pornosekos.com,AVAILABILITY,origin.list,2026-10-01 08:30:30.150219+00:00
pornorotik.com,AVAILABILITY,origin.list,2026-10-01 08:30:33.261613+00:00
pornolosik.net,AVAILABILITY,origin.list,2026-10-01 08:30:35.816255+00:00
pornosisek.com,AVAILABILITY,origin.list,2026-10-01 08:30:39.125548+00:00
pornotinka.net,AVAILABILITY,origin.list,2026-10-01 08:30:41.494412+00:00
pornosiwap.com,AVAILABILITY,origin.list,2026-10-01 08:30:47.172571+00:00
xvideos24.pro,AVAILABILITY,origin.list,2026-10-01 08:30:48.741064+00:00
pornotroia.com,AVAILABILITY,origin.list,2026-10-01 08:30:52.787450+00:00
ppsmmtv.com,AVAILABILITY,origin.list,2026-10-01 08:30:54.747787+00:00
mature-porn-tube.pro,AVAILABILITY,origin.list,2026-10-01 08:30:59.399120+00:00
phimsexkoche.me,AVAILABILITY,origin.list,2026-10-01 08:31:01.466297+00:00
phimsexjapan.me,AVAILABILITY,origin.list,2026-10-01 08:31:07.728768+00:00
phimsexnhat.club,AVAILABILITY,origin.list,2026-10-01 08:31:08.129833+00:00
pornovrotik.com,AVAILABILITY,origin.list,2026-10-01 08:31:13.324835+00:00
prostitutkinovorossiyskachange.com,AVAILABILITY,origin.list,2026-10-01 08:31:13.807254+00:00
pornozaglot.com,AVAILABILITY,origin.list,2026-10-01 08:31:18.994086+00:00
prostitutkianapycity.com,AVAILABILITY,origin.list,2026-10-01 08:31:19.478877+00:00
prostitutkismolenska2023.com,AVAILABILITY,origin.list,2026-10-01 08:31:24.807964+00:00
prostitutkistavropolyalast.com,AVAILABILITY,origin.list,2026-10-01 08:31:25.120954+00:00
prostitutkiufyvip.net,AVAILABILITY,origin.list,2026-10-01 08:31:30.849206+00:00
phimxnxx.pro,AVAILABILITY,origin.list,2026-10-01 08:31:31.534988+00:00
prostitutkiulanudelast.com,AVAILABILITY,origin.list,2026-10-01 08:31:36.548725+00:00
qishengmaoyi.com,AVAILABILITY,origin.list,2026-10-01 08:31:37.133508+00:00
pormhub.nl,AVAILABILITY,origin.list,2026-10-01 08:31:43.551152+00:00
javphe.info,AVAILABILITY,origin.list,2026-10-01 08:31:45.308165+00:00
richtbzr.com,AVAILABILITY,origin.list,2026-10-01 08:31:49.329156+00:00
realasianfuck.com,AVAILABILITY,origin.list,2026-10-01 08:31:51.137747+00:00
qxx22.com,AVAILABILITY,origin.list,2026-10-01 08:31:57.022717+00:00
qysanlijx.com,AVAILABILITY,origin.list,2026-10-01 08:32:02.907661+00:00
qlxnhl.com,AVAILABILITY,origin.list,2026-10-01 08:32:08.698331+00:00
rytnz.com,AVAILABILITY,origin.list,2026-10-01 08:32:14.492231+00:00
riyinhonda.com,AVAILABILITY,origin.list,2026-10-01 08:32:20.373895+00:00
phimsexdep.pro,AVAILABILITY,origin.list,2026-10-01 08:32:27.099265+00:00
scsklawyer.com,AVAILABILITY,origin.list,2026-10-01 08:32:33.003989+00:00
scdcdg.com,AVAILABILITY,origin.list,2026-10-01 08:32:38.727461+00:00
phimsexmyden.top,AVAILABILITY,origin.list,2026-10-01 08:32:45.026177+00:00
sds295.com,AVAILABILITY,origin.list,2026-10-01 08:32:50.783733+00:00
girlsfuckporn.com,AVAILABILITY,origin.list,2026-10-01 08:32:53.787383+00:00
r99rnniihxhz.xyz,AVAILABILITY,origin.list,2026-10-01 08:32:56.678415+00:00
rkb5h.xyz,AVAILABILITY,origin.list,2026-10-01 08:32:59.516552+00:00
porngranny.pro,AVAILABILITY,origin.list,2026-10-01 08:33:03.657866+00:00
sdgxmby.com,AVAILABILITY,origin.list,2026-10-01 08:33:05.291752+00:00
51miehai.com,AVAILABILITY,origin.list,2026-10-01 08:33:09.329531+00:00
sds369.com,AVAILABILITY,origin.list,2026-10-01 08:33:10.932827+00:00
sdjfspjx.com,AVAILABILITY,origin.list,2026-10-01 08:33:15.195581+00:00
sexmoi.info,AVAILABILITY,origin.list,2026-10-01 08:33:18.279277+00:00
ttavcaiji.com,AVAILABILITY,origin.list,2026-10-01 08:33:20.998171+00:00
phimsexvip.pro,AVAILABILITY,origin.list,2026-10-01 08:33:24.939251+00:00
sds505.com,AVAILABILITY,origin.list,2026-10-01 08:33:26.741828+00:00
adultvideosfree.com,AVAILABILITY,origin.list,2026-10-01 08:33:30.552281+00:00
bjjqjmhj.com,AVAILABILITY,origin.list,2026-10-01 08:33:32.387074+00:00
demon-porn.com,AVAILABILITY,origin.list,2026-10-01 08:33:38.110338+00:00
hzyg88.com,AVAILABILITY,origin.list,2026-10-01 08:33:42.277889+00:00
indianporn.click,AVAILABILITY,origin.list,2026-10-01 08:33:43.963574+00:00
javhdvietsub.com,AVAILABILITY,origin.list,2026-10-01 08:33:47.903339+00:00
newaymold.com,AVAILABILITY,origin.list,2026-10-01 08:33:49.637397+00:00
stjmmj.com,AVAILABILITY,origin.list,2026-10-01 08:33:55.484591+00:00
ghglass.cn,AVAILABILITY,origin.list,2026-10-01 08:33:58.149905+00:00
schhnt.com,AVAILABILITY,origin.list,2026-10-01 08:34:01.106902+00:00
xlhsf88.com,AVAILABILITY,origin.list,2026-10-01 08:34:03.744723+00:00
jinaodijiaju.com,AVAILABILITY,origin.list,2026-10-01 08:34:06.813208+00:00
syxyw.com,AVAILABILITY,origin.list,2026-10-01 08:34:09.391191+00:00
sds311.com,AVAILABILITY,origin.list,2026-10-01 08:34:12.514741+00:00
sds508.com,AVAILABILITY,origin.list,2026-10-01 08:34:15.106897+00:00
szwod.com,AVAILABILITY,origin.list,2026-10-01 08:34:18.266659+00:00
boan99.com,AVAILABILITY,origin.list,2026-10-01 08:34:23.856307+00:00
eg-gay.xvideos5.tv,AVAILABILITY,origin.list,2026-10-01 08:34:29.498131+00:00
erotinka.net,AVAILABILITY,origin.list,2026-10-01 08:34:35.114652+00:00
boysporn.net,AVAILABILITY,origin.list,2026-10-01 08:34:40.810776+00:00
guysporn.net,AVAILABILITY,origin.list,2026-10-01 08:34:46.426772+00:00
gcncn.com,AVAILABILITY,origin.list,2026-10-01 08:34:52.149759+00:00
porngrip.com,AVAILABILITY,origin.list,2026-10-01 08:34:56.734769+00:00
pcryp.com,AVAILABILITY,origin.list,2026-10-01 08:34:57.875220+00:00
japanesex.mobi,AVAILABILITY,origin.list,2026-10-01 08:35:03.280071+00:00
porndhvideo.com,AVAILABILITY,origin.list,2026-10-01 08:35:03.538217+00:00
vipporntoday.com,AVAILABILITY,origin.list,2026-10-01 08:35:08.966708+00:00
porntubie.com,AVAILABILITY,origin.list,2026-10-01 08:35:09.126875+00:00
whjmtsf.com,AVAILABILITY,origin.list,2026-10-01 08:35:14.696590+00:00
sds702.com,AVAILABILITY,origin.list,2026-10-01 08:35:14.761718+00:00
sds708.com,AVAILABILITY,origin.list,2026-10-01 08:35:20.489027+00:00
sds606.com,AVAILABILITY,origin.list,2026-10-01 08:35:20.562486+00:00
sds609.com,AVAILABILITY,origin.list,2026-10-01 08:35:26.083054+00:00
sds681.com,AVAILABILITY,origin.list,2026-10-01 08:35:26.323430+00:00
sexgaiviet.com,AVAILABILITY,origin.list,2026-10-01 08:35:31.736523+00:00
sexscene.info,AVAILABILITY,origin.list,2026-10-01 08:35:34.192550+00:00
sex-phim.net,AVAILABILITY,origin.list,2026-10-01 08:35:37.488892+00:00
sds705.com,AVAILABILITY,origin.list,2026-10-01 08:35:39.840711+00:00
sexnhanhz.net,AVAILABILITY,origin.list,2026-10-01 08:35:43.224781+00:00
sexditnhau.net,AVAILABILITY,origin.list,2026-10-01 08:35:45.432897+00:00
sexphim3x.com,AVAILABILITY,origin.list,2026-10-01 08:35:48.963537+00:00
153630.com,AVAILABILITY,origin.list,2026-10-01 08:35:51.223618+00:00
sexphim3x.net,AVAILABILITY,origin.list,2026-10-01 08:35:54.645023+00:00
pornamateur.pro,AVAILABILITY,origin.list,2026-10-01 08:35:58.061747+00:00
pornsexhd.pro,AVAILABILITY,origin.list,2026-10-01 08:36:00.290295+00:00
153130.com,AVAILABILITY,origin.list,2026-10-01 08:36:03.816863+00:00
kangxiny.com,AVAILABILITY,origin.list,2026-10-01 08:36:06.075141+00:00
ooo1688.com,AVAILABILITY,origin.list,2026-10-01 08:36:09.611789+00:00
woyinkeji.com,AVAILABILITY,origin.list,2026-10-01 08:36:11.746719+00:00
kmygbj.com,AVAILABILITY,origin.list,2026-10-01 08:36:15.316220+00:00
prostitutkikazanishe.net,AVAILABILITY,origin.list,2026-10-01 08:36:17.418092+00:00
vl3x.xyz,AVAILABILITY,origin.list,2026-10-01 08:36:21.216052+00:00
180951.com,AVAILABILITY,origin.list,2026-10-01 08:36:23.156990+00:00
maturefuckboy.net,AVAILABILITY,origin.list,2026-10-01 08:36:27.009406+00:00
sexvnx.co,AVAILABILITY,origin.list,2026-10-01 08:36:28.896606+00:00
sexyteensporn.net,AVAILABILITY,origin.list,2026-10-01 08:36:32.806692+00:00
prostitutkitolyattirest.com,AVAILABILITY,origin.list,2026-10-01 08:36:38.650644+00:00
phimsexvungtrom.org,AVAILABILITY,origin.list,2026-10-01 08:36:39.724102+00:00
sfmtube.com,AVAILABILITY,origin.list,2026-10-01 08:36:45.468818+00:00
nakedtwerk.org,AVAILABILITY,origin.list,2026-10-01 08:36:48.989471+00:00
shemalesinstockingsblog.com,AVAILABILITY,origin.list,2026-10-01 08:36:51.075108+00:00
shmohe.com,AVAILABILITY,origin.list,2026-10-01 08:36:54.618234+00:00
shiningmovie.com,AVAILABILITY,origin.list,2026-10-01 08:36:56.759044+00:00
showbuaz.net,AVAILABILITY,origin.list,2026-10-01 08:37:00.366849+00:00
shopenn.com,AVAILABILITY,origin.list,2026-10-01 08:43:48.452979+00:00
redtubes.pro,AVAILABILITY,origin.list,2026-10-01 08:43:48.533575+00:00
slsj5000.com,AVAILABILITY,origin.list,2026-10-01 08:43:55.063651+00:00
sex-videos.mobi,AVAILABILITY,origin.list,2026-10-01 08:43:55.313166+00:00
shuliya.net,AVAILABILITY,origin.list,2026-10-01 08:44:01.765185+00:00
lasaqing.com,AVAILABILITY,origin.list,2026-10-01 08:44:08.217572+00:00
prostitutkikazanisweet.info,AVAILABILITY,origin.list,2026-10-01 08:44:09.481174+00:00
solo-teenies.com,AVAILABILITY,origin.list,2026-10-01 08:44:14.858087+00:00
sexnhanh.ca,AVAILABILITY,origin.list,2026-10-01 08:44:16.042239+00:00
sxzrjd.com,AVAILABILITY,origin.list,2026-10-01 08:44:21.367628+00:00
szdyms.com,AVAILABILITY,origin.list,2026-10-01 08:44:22.539198+00:00
bipigujarati.top,AVAILABILITY,origin.list,2026-10-01 08:44:31.416678+00:00
suzukicn.com,AVAILABILITY,origin.list,2026-10-01 08:44:37.856729+00:00
1.hentaiqq.com,AVAILABILITY,origin.list,2026-10-01 08:44:39.258212+00:00
sszhixin-edu.com,AVAILABILITY,origin.list,2026-10-01 08:44:44.328990+00:00
sxmedi.com,AVAILABILITY,origin.list,2026-10-01 08:44:50.771199+00:00
phimsextrungquoc.org,AVAILABILITY,origin.list,2026-10-01 08:44:54.231921+00:00
szblueberry.com,AVAILABILITY,origin.list,2026-10-01 08:44:57.229698+00:00
sxycly.com,AVAILABILITY,origin.list,2026-10-01 08:45:00.674971+00:00
ndsjsw.cn,AVAILABILITY,origin.list,2026-10-01 08:45:06.476740+00:00
tadiaow.com,AVAILABILITY,origin.list,2026-10-01 08:45:07.188079+00:00
teensexygirls.com,AVAILABILITY,origin.list,2026-10-01 08:45:12.922831+00:00
tbfx.net,AVAILABILITY,origin.list,2026-10-01 08:45:14.753022+00:00
teen-porn-xxx.com,AVAILABILITY,origin.list,2026-10-01 08:45:19.544990+00:00
szvod.net,AVAILABILITY,origin.list,2026-10-01 08:45:21.209394+00:00
thexporn.net,AVAILABILITY,origin.list,2026-10-01 08:45:26.011063+00:00
s567d.live,AVAILABILITY,origin.list,2026-10-01 08:45:29.098400+00:00
sexphim3x.pro,AVAILABILITY,origin.list,2026-10-01 08:45:32.736028+00:00
teenxporn.net,AVAILABILITY,origin.list,2026-10-01 08:45:35.576944+00:00
thiendia99.co,AVAILABILITY,origin.list,2026-10-01 08:45:39.105010+00:00
theyoungporn.net,AVAILABILITY,origin.list,2026-10-01 08:45:42.014814+00:00
sexvideohd.pro,AVAILABILITY,origin.list,2026-10-01 08:45:45.936156+00:00
thotdaily.com,AVAILABILITY,origin.list,2026-10-01 08:45:52.400302+00:00
phimsexmoi.org,AVAILABILITY,origin.list,2026-10-01 08:45:55.777303+00:00
tjgcjx.com,AVAILABILITY,origin.list,2026-10-01 08:46:02.226606+00:00
gaigoivip.org,AVAILABILITY,origin.list,2026-10-01 08:46:02.496262+00:00
truyentructuyen.com,AVAILABILITY,origin.list,2026-10-01 08:46:08.672624+00:00
timbantinhvn.com,AVAILABILITY,origin.list,2026-10-01 08:46:08.966661+00:00
ttav012.com,AVAILABILITY,origin.list,2026-10-01 08:46:15.106858+00:00
traigym.com,AVAILABILITY,origin.list,2026-10-01 08:46:15.422403+00:00
ttav070.com,AVAILABILITY,origin.list,2026-10-01 08:46:21.588052+00:00
ttav067.com,AVAILABILITY,origin.list,2026-10-01 08:46:21.876986+00:00
ttav033.com,AVAILABILITY,origin.list,2026-10-01 08:46:28.044435+00:00
sexso1.pro,AVAILABILITY,origin.list,2026-10-01 08:46:28.667911+00:00
thmtuuaavgfd.xyz,AVAILABILITY,origin.list,2026-10-01 08:46:34.909239+00:00
ttav072.com,AVAILABILITY,origin.list,2026-10-01 08:46:35.172241+00:00
ttav076.com,AVAILABILITY,origin.list,2026-10-01 08:46:41.335651+00:00
ttav073.com,AVAILABILITY,origin.list,2026-10-01 08:46:41.597398+00:00
ttav075.com,AVAILABILITY,origin.list,2026-10-01 08:46:47.845020+00:00
ttav074.com,AVAILABILITY,origin.list,2026-10-01 08:46:48.103572+00:00
ttav085.com,AVAILABILITY,origin.list,2026-10-01 08:46:54.533628+00:00
ttav077.com,AVAILABILITY,origin.list,2026-10-01 08:47:01.030059+00:00
tube-sex.net,AVAILABILITY,origin.list,2026-10-01 08:47:07.465255+00:00
cambro.tv,AVAILABILITY,origin.list,2026-10-01 08:47:10.794288+00:00
tx978.com,AVAILABILITY,origin.list,2026-10-01 08:47:13.959100+00:00
ttav080.com,AVAILABILITY,origin.list,2026-10-01 08:47:17.455035+00:00
prostitutkisite.info,AVAILABILITY,origin.list,2026-10-01 08:47:21.973360+00:00
vsykos.com,AVAILABILITY,origin.list,2026-10-01 08:47:24.100934+00:00
ttav083.com,AVAILABILITY,origin.list,2026-10-01 08:47:28.452561+00:00
wataita.com,AVAILABILITY,origin.list,2026-10-01 08:47:36.634913+00:00
prostitutkistavropolyahim.info,AVAILABILITY,origin.list,2026-10-01 08:47:36.870120+00:00
sextructuyen.pro,AVAILABILITY,origin.list,2026-10-01 08:47:43.654621+00:00
pafeike.cn,AVAILABILITY,origin.list,2026-10-01 08:47:46.908945+00:00
wfgg6688.com,AVAILABILITY,origin.list,2026-10-01 08:47:50.092090+00:00
tuoi69.click,AVAILABILITY,origin.list,2026-10-01 08:47:56.633576+00:00
prostitutkinovosibirskadear.info,AVAILABILITY,origin.list,2026-10-01 08:47:59.081415+00:00
topapp.vin,AVAILABILITY,origin.list,2026-10-01 08:48:04.290008+00:00
seksi1.top,AVAILABILITY,origin.list,2026-10-01 08:48:06.874553+00:00
waplosenok.com,AVAILABILITY,origin.list,2026-10-01 08:48:10.801875+00:00
wx-ee.com,AVAILABILITY,origin.list,2026-10-01 08:48:13.339909+00:00
xbabik.com,AVAILABILITY,origin.list,2026-10-01 08:48:17.210192+00:00
whdhlc.com,AVAILABILITY,origin.list,2026-10-01 08:48:23.685264+00:00
wisdomim.com,AVAILABILITY,origin.list,2026-10-01 08:48:30.106155+00:00
gaigutv.top,AVAILABILITY,origin.list,2026-10-01 08:48:30.354233+00:00
wiemc.com,AVAILABILITY,origin.list,2026-10-01 08:48:36.815619+00:00
sexmoi.pro,AVAILABILITY,origin.list,2026-10-01 08:48:38.141741+00:00
vetmang.xyz,AVAILABILITY,origin.list,2026-10-01 08:48:43.583343+00:00
nsalloy-dm.com,AVAILABILITY,origin.list,2026-10-01 08:48:44.624271+00:00
fzkailuda.com,AVAILABILITY,origin.list,2026-10-01 08:48:50.220526+00:00
shenlanmeiji.com,AVAILABILITY,origin.list,2026-10-01 08:48:51.050449+00:00
xaqrzx.com,AVAILABILITY,origin.list,2026-10-01 08:48:56.684394+00:00
xculitos.com,AVAILABILITY,origin.list,2026-10-01 08:48:57.524179+00:00
xfapka.com,AVAILABILITY,origin.list,2026-10-01 08:49:03.078797+00:00
xibeiluby.com,AVAILABILITY,origin.list,2026-10-01 08:49:04.017875+00:00
xgyongfeng.com,AVAILABILITY,origin.list,2026-10-01 08:49:09.512840+00:00
xsoska.com,AVAILABILITY,origin.list,2026-10-01 08:49:10.455167+00:00
xn--sexvitnam-zj7d.com,AVAILABILITY,origin.list,2026-10-01 08:49:16.017357+00:00
xjj327.com,AVAILABILITY,origin.list,2026-10-01 08:49:16.884898+00:00
wufuhao.com,AVAILABILITY,origin.list,2026-10-01 08:49:23.432377+00:00
xstarhub18.net,AVAILABILITY,origin.list,2026-10-01 08:49:28.051230+00:00
xlosik.com,AVAILABILITY,origin.list,2026-10-01 08:49:29.873934+00:00
xnxvideoscom.com,AVAILABILITY,origin.list,2026-10-01 08:49:34.477703+00:00
xcheckerviet.lol,AVAILABILITY,origin.list,2026-10-01 08:49:37.109323+00:00
ximc4.xyz,AVAILABILITY,origin.list,2026-10-01 08:49:41.186590+00:00
xvideocom.net,AVAILABILITY,origin.list,2026-10-01 08:49:43.555883+00:00
xtinka.com,AVAILABILITY,origin.list,2026-10-01 08:49:47.624479+00:00
xuqingjiang.com,AVAILABILITY,origin.list,2026-10-01 08:49:50.017196+00:00
xnxwww.net,AVAILABILITY,origin.list,2026-10-01 08:49:54.076976+00:00
porno-2018.org,AVAILABILITY,origin.list,2026-10-01 08:49:59.371754+00:00
xxxfatgirls.com,AVAILABILITY,origin.list,2026-10-01 08:50:00.508015+00:00
xxxjapanlove.com,AVAILABILITY,origin.list,2026-10-01 08:50:05.820767+00:00
xxxlenka.net,AVAILABILITY,origin.list,2026-10-01 08:50:06.981137+00:00
xxxlenos.com,AVAILABILITY,origin.list,2026-10-01 08:50:12.257205+00:00
xxx69leakporn.com,AVAILABILITY,origin.list,2026-10-01 08:50:13.451144+00:00
xxxsveta.com,AVAILABILITY,origin.list,2026-10-01 08:50:18.687255+00:00
xxxasianxxx.com,AVAILABILITY,origin.list,2026-10-01 08:50:19.896631+00:00
sexmy.one,AVAILABILITY,origin.list,2026-10-01 08:50:24.974872+00:00
vlxphim.me,AVAILABILITY,origin.list,2026-10-01 08:50:27.520409+00:00
bstvision.com,AVAILABILITY,origin.list,2026-10-01 08:50:31.534533+00:00
xxzdzx.com,AVAILABILITY,origin.list,2026-10-01 08:50:33.926560+00:00
xnxx2.guru,AVAILABILITY,origin.list,2026-10-01 08:50:40.760531+00:00
xxxkarina.net,AVAILABILITY,origin.list,2026-10-01 08:50:47.176800+00:00
www.xvideos.club,AVAILABILITY,origin.list,2026-10-01 08:50:48.457958+00:00
xxxslonik.net,AVAILABILITY,origin.list,2026-10-01 08:50:53.618048+00:00
xxxpor.net,AVAILABILITY,origin.list,2026-10-01 08:50:55.239006+00:00
ncyqc.com,AVAILABILITY,origin.list,2026-10-01 08:51:00.037990+00:00
chinawtw.com,AVAILABILITY,origin.list,2026-10-01 08:51:01.680229+00:00
xyteyi.com,AVAILABILITY,origin.list,2026-10-01 08:51:08.082408+00:00
princesscum.org,AVAILABILITY,origin.list,2026-10-01 08:51:12.493054+00:00
qzjiehun.com,AVAILABILITY,origin.list,2026-10-01 08:51:14.569522+00:00
lyaigo.com,AVAILABILITY,origin.list,2026-10-01 08:51:19.114546+00:00
molismart.com,AVAILABILITY,origin.list,2026-10-01 08:51:21.199595+00:00
whdxf.com,AVAILABILITY,origin.list,2026-10-01 08:51:25.608978+00:00
xxxpronvideos.fun,AVAILABILITY,origin.list,2026-10-01 08:51:27.674463+00:00
zhucept.com,AVAILABILITY,origin.list,2026-10-01 08:51:31.990463+00:00
xxxpornfree.net,AVAILABILITY,origin.list,2026-10-01 08:51:34.492058+00:00
yade6688.com,AVAILABILITY,origin.list,2026-10-01 08:51:38.411815+00:00
yangshuohotel.net,AVAILABILITY,origin.list,2026-10-01 08:51:40.951780+00:00
xzguanwang.com,AVAILABILITY,origin.list,2026-10-01 08:51:44.913354+00:00
360813.com,AVAILABILITY,origin.list,2026-10-01 08:51:47.454712+00:00
yeu22.com,AVAILABILITY,origin.list,2026-10-01 08:51:53.925349+00:00
strapon-torture.info,AVAILABILITY,origin.list,2026-10-01 08:51:58.059506+00:00
yeyelu568.com,AVAILABILITY,origin.list,2026-10-01 08:52:00.384713+00:00
vnxxx.pro,AVAILABILITY,origin.list,2026-10-01 08:52:06.895272+00:00
yimao99.com,AVAILABILITY,origin.list,2026-10-01 08:52:14.458935+00:00
porno-teens.de,AVAILABILITY,origin.list,2026-10-01 08:52:14.623417+00:00
yohdt.com,AVAILABILITY,origin.list,2026-10-01 08:52:20.907813+00:00
ykldbp.com,AVAILABILITY,origin.list,2026-10-01 08:52:21.099536+00:00
yongxiegyp.com,AVAILABILITY,origin.list,2026-10-01 08:52:27.558745+00:00
tranny-porn.pro,AVAILABILITY,origin.list,2026-10-01 08:52:27.699822+00:00
youngdig.com,AVAILABILITY,origin.list,2026-10-01 08:52:33.992147+00:00
youngsexvideos.net,AVAILABILITY,origin.list,2026-10-01 08:52:34.158762+00:00
476sf.com,AVAILABILITY,origin.list,2026-10-01 08:52:45.168059+00:00
prostitutkiorlaher.info,AVAILABILITY,origin.list,2026-10-01 08:52:45.634173+00:00
yxjunlong.com,AVAILABILITY,origin.list,2026-10-01 08:52:51.703756+00:00
youngpornvideos.net,AVAILABILITY,origin.list,2026-10-01 08:52:52.136025+00:00
young-porn-xxx.com,AVAILABILITY,origin.list,2026-10-01 08:52:58.143197+00:00
yuanchuangcar.com,AVAILABILITY,origin.list,2026-10-01 08:52:58.571312+00:00
yundongkj.com,AVAILABILITY,origin.list,2026-10-01 08:53:04.572860+00:00
yuehualighting.com,AVAILABILITY,origin.list,2026-10-01 08:53:05.059877+00:00
videos-japanese.pro,AVAILABILITY,origin.list,2026-10-01 08:53:10.922236+00:00
yzthylrq.com,AVAILABILITY,origin.list,2026-10-01 08:53:11.563170+00:00
zb3399.com,AVAILABILITY,origin.list,2026-10-01 08:53:17.367400+00:00
yymm668.com,AVAILABILITY,origin.list,2026-10-01 08:53:18.327824+00:00
zhongximingyi.com,AVAILABILITY,origin.list,2026-10-01 08:53:23.832792+00:00
youngsex.name,AVAILABILITY,origin.list,2026-10-01 08:53:25.234812+00:00
zhgyzsw.com,AVAILABILITY,origin.list,2026-10-01 08:53:30.316210+00:00
zql998.com,AVAILABILITY,origin.list,2026-10-01 08:53:31.666864+00:00
zhongxinsichuang.com,AVAILABILITY,origin.list,2026-10-01 08:53:36.747129+00:00
hbdxlt.com,AVAILABILITY,origin.list,2026-10-01 08:53:38.134977+00:00
zzb51.com,AVAILABILITY,origin.list,2026-10-01 08:53:44.579324+00:00
teenhdporn.su,AVAILABILITY,origin.list,2026-10-01 08:53:44.901026+00:00
vnxxphim.pro,AVAILABILITY,origin.list,2026-10-01 08:53:51.340931+00:00
spyvideos.org,AVAILABILITY,origin.list,2026-10-01 08:53:52.042378+00:00
zoyo1988.com,AVAILABILITY,origin.list,2026-10-01 08:53:57.810520+00:00
zlk652.com,AVAILABILITY,origin.list,2026-10-01 08:53:58.505824+00:00
zzp59.com,AVAILABILITY,origin.list,2026-10-01 08:54:04.305645+00:00
zzp63.com,AVAILABILITY,origin.list,2026-10-01 08:54:04.998246+00:00
zzb02.com,AVAILABILITY,origin.list,2026-10-01 08:54:10.779034+00:00
zzp62.com,AVAILABILITY,origin.list,2026-10-01 08:54:11.465623+00:00
zeven.xyz,AVAILABILITY,origin.list,2026-10-01 08:54:18.262772+00:00
zzp28.com,AVAILABILITY,origin.list,2026-10-01 08:54:20.035423+00:00
zzp65.com,AVAILABILITY,origin.list,2026-10-01 08:54:24.726558+00:00
dmm7594.com,AVAILABILITY,origin.list,2026-10-01 08:54:26.479685+00:00
org18.com,AVAILABILITY,origin.list,2026-10-01 08:54:31.233853+00:00
zzu50.com,AVAILABILITY,origin.list,2026-10-01 08:54:32.885355+00:00
pantydvd.com,AVAILABILITY,origin.list,2026-10-01 08:54:39.342881+00:00
videosxxxmaduras.top,AVAILABILITY,origin.list,2026-10-01 08:54:39.480904+00:00
wapsiza.com,AVAILABILITY,origin.list,2026-10-01 08:54:45.777884+00:00
sylfwl.com,AVAILABILITY,origin.list,2026-10-01 08:54:45.954772+00:00
budaow.com,AVAILABILITY,origin.list,2026-10-01 08:54:52.253343+00:00
xxx-vintage-xxx.com,AVAILABILITY,origin.list,2026-10-01 08:54:52.425638+00:00
xxxhomemade.top,AVAILABILITY,origin.list,2026-10-01 08:54:59.636844+00:00
xxx-classic-xxx.com,AVAILABILITY,origin.list,2026-10-01 08:55:00.286616+00:00
songrenzhai.com,AVAILABILITY,origin.list,2026-10-01 08:55:06.089006+00:00
80retrosex.com,AVAILABILITY,origin.list,2026-10-01 08:55:06.783346+00:00
sjzjzgczy.com,AVAILABILITY,origin.list,2026-10-01 08:55:12.597349+00:00
xnxxz.pro,AVAILABILITY,origin.list,2026-10-01 08:55:13.501667+00:00
smtcl-spindle.com,AVAILABILITY,origin.list,2026-10-01 08:55:19.075200+00:00
retropornohub.com,AVAILABILITY,origin.list,2026-10-01 08:55:20.128061+00:00
gdfsmx.com,AVAILABILITY,origin.list,2026-10-01 08:55:25.636949+00:00
unpsw.com,AVAILABILITY,origin.list,2026-10-01 08:55:26.574865+00:00
whjiajiao360.com,AVAILABILITY,origin.list,2026-10-01 08:55:32.123831+00:00
jiaogulan123.com,AVAILABILITY,origin.list,2026-10-01 08:55:33.048967+00:00
hdweihua.com,AVAILABILITY,origin.list,2026-10-01 08:55:39.610169+00:00
90retrotube.com,AVAILABILITY,origin.list,2026-10-01 08:55:39.941811+00:00
yuneng365.com,AVAILABILITY,origin.list,2026-10-01 08:55:46.236335+00:00
kkg41.com,AVAILABILITY,origin.list,2026-10-01 08:55:46.475185+00:00
sexgaidam.com,AVAILABILITY,origin.list,2026-10-01 08:55:52.952073+00:00
yourporn.mobi,AVAILABILITY,origin.list,2026-10-01 08:55:53.196391+00:00
ifnlx.com,AVAILABILITY,origin.list,2026-10-01 08:55:59.678749+00:00
jearcore.com,AVAILABILITY,origin.list,2026-10-01 08:56:00.142023+00:00
japanesesexyporn.com,AVAILABILITY,origin.list,2026-10-01 08:56:06.119619+00:00
qinglan99.com,AVAILABILITY,origin.list,2026-10-01 08:56:10.211082+00:00
whxjjt.com,AVAILABILITY,origin.list,2026-10-01 08:56:12.578927+00:00
prostitutkisochigoal.net,AVAILABILITY,origin.list,2026-10-01 08:56:16.700457+00:00
phimsexchina.net,AVAILABILITY,origin.list,2026-10-01 08:56:19.048944+00:00
kd-brake.com,AVAILABILITY,origin.list,2026-10-01 08:56:23.166760+00:00
i5u5u.com,AVAILABILITY,origin.list,2026-10-01 08:56:25.532168+00:00
86yang.com,AVAILABILITY,origin.list,2026-10-01 08:56:29.641013+00:00
mgdms.com,AVAILABILITY,origin.list,2026-10-01 08:56:31.984781+00:00
vicky-fengshui.com,AVAILABILITY,origin.list,2026-10-01 08:56:36.128334+00:00
jd371.com,AVAILABILITY,origin.list,2026-10-01 08:56:38.429823+00:00
retrojerks.com,AVAILABILITY,origin.list,2026-10-01 08:56:42.601656+00:00
chhchg.cn,AVAILABILITY,origin.list,2026-10-01 08:56:48.388239+00:00
checkerfc.xyz,AVAILABILITY,origin.list,2026-10-01 08:56:51.265559+00:00
qiandaochem.com,AVAILABILITY,origin.list,2026-10-01 08:56:54.798393+00:00
meeimon.com,AVAILABILITY,origin.list,2026-10-01 08:56:57.749293+00:00
dadfuckdaughtermovies.com,AVAILABILITY,origin.list,2026-10-01 08:57:01.264186+00:00
xzyasbo.com,AVAILABILITY,origin.list,2026-10-01 08:57:04.268931+00:00
huaxia18.com,AVAILABILITY,origin.list,2026-10-01 08:57:07.708810+00:00
juicyamateurporn.com,AVAILABILITY,origin.list,2026-10-01 08:57:10.806770+00:00
tzmoxing.com,AVAILABILITY,origin.list,2026-10-01 08:57:14.161752+00:00
zhengyifangyuan2.com,AVAILABILITY,origin.list,2026-10-01 08:57:17.330803+00:00
teenxvideos.su,AVAILABILITY,origin.list,2026-10-01 08:57:22.752686+00:00
wangetec.com,AVAILABILITY,origin.list,2026-10-01 08:57:23.783827+00:00
021ande.com,AVAILABILITY,origin.list,2026-10-01 08:57:29.254312+00:00
handanxinxi.com,AVAILABILITY,origin.list,2026-10-01 09:04:23.335770+00:00
hetaoblog.com,AVAILABILITY,origin.list,2026-10-01 09:04:23.432094+00:00
tianmi001.com,AVAILABILITY,origin.list,2026-10-01 09:04:29.041275+00:00
9lsw.com,AVAILABILITY,origin.list,2026-10-01 09:04:29.118918+00:00
g9yds.xyz,AVAILABILITY,origin.list,2026-10-01 09:04:35.162844+00:00
ytsetv.top,AVAILABILITY,origin.list,2026-10-01 09:04:35.908128+00:00
wwhhjjxx.xyz,AVAILABILITY,origin.list,2026-10-01 09:04:40.898780+00:00
xxxsexvideo.top,AVAILABILITY,origin.list,2026-10-01 09:04:42.240245+00:00
prostitutkinizhnegonovgorodavip.com,AVAILABILITY,origin.list,2026-10-01 09:04:46.788630+00:00
prostitutkicheboksarycity.com,AVAILABILITY,origin.list,2026-10-01 09:04:47.941427+00:00
sexnhanh69.pro,AVAILABILITY,origin.list,2026-10-01 09:04:53.476154+00:00
ziboblue.net,AVAILABILITY,origin.list,2026-10-01 09:04:54.131927+00:00
sdlyzq.com,AVAILABILITY,origin.list,2026-10-01 09:04:59.192559+00:00
garageim.com,AVAILABILITY,origin.list,2026-10-01 09:05:00.056494+00:00
dmsdh-hotel.com,AVAILABILITY,origin.list,2026-10-01 09:05:04.945991+00:00
vnxx.moe,AVAILABILITY,origin.list,2026-10-01 09:05:05.778824+00:00
nudexxxgay.com,AVAILABILITY,origin.list,2026-10-01 09:05:10.753528+00:00
aucma-rqz.com,AVAILABILITY,origin.list,2026-10-01 09:05:11.679199+00:00
femdomwives.org,AVAILABILITY,origin.list,2026-10-01 09:05:18.839026+00:00
xxxjav.info,AVAILABILITY,origin.list,2026-10-01 09:05:19.054448+00:00
vlxx.cfd,AVAILABILITY,origin.list,2026-10-01 09:05:25.033907+00:00
27321.wang,AVAILABILITY,origin.list,2026-10-01 09:05:26.414180+00:00
asrtn.com,AVAILABILITY,origin.list,2026-10-01 09:05:32.079291+00:00
phim.damvodoi.com,AVAILABILITY,origin.list,2026-10-01 09:05:32.595278+00:00
cornpoo.com,AVAILABILITY,origin.list,2026-10-01 09:05:37.766288+00:00
play3x.xyz,AVAILABILITY,origin.list,2026-10-01 09:05:38.554987+00:00
eroticpornhd.com,AVAILABILITY,origin.list,2026-10-01 09:05:43.413677+00:00
haoa008.com,AVAILABILITY,origin.list,2026-10-01 09:05:44.164611+00:00
hentaiaz.net,AVAILABILITY,origin.list,2026-10-01 09:05:49.243848+00:00
amateursexmovs.top,AVAILABILITY,origin.list,2026-10-01 09:05:50.374367+00:00
88844493.com,AVAILABILITY,origin.list,2026-10-01 09:05:54.876140+00:00
beidawood.com,AVAILABILITY,origin.list,2026-10-01 09:05:56.154321+00:00
cs-mqwood.com,AVAILABILITY,origin.list,2026-10-01 09:06:00.511317+00:00
gylaoniangongyu.com,AVAILABILITY,origin.list,2026-10-01 09:06:01.784304+00:00
xteens.su,AVAILABILITY,origin.list,2026-10-01 09:06:07.010364+00:00
hldxdf.com,AVAILABILITY,origin.list,2026-10-01 09:06:07.444350+00:00
njbfjs.com,AVAILABILITY,origin.list,2026-10-01 09:06:12.839712+00:00
gaysexpics.pro,AVAILABILITY,origin.list,2026-10-01 09:06:15.195723+00:00
lidufanyi.com,AVAILABILITY,origin.list,2026-10-01 09:06:18.626077+00:00
12xjj.com,AVAILABILITY,origin.list,2026-10-01 09:06:20.991028+00:00
yurunbio.com,AVAILABILITY,origin.list,2026-10-01 09:06:24.566063+00:00
51hxjd.com,AVAILABILITY,origin.list,2026-10-01 09:06:26.731153+00:00
jygip.com,AVAILABILITY,origin.list,2026-10-01 09:06:32.361225+00:00
momsxxxhub.com,AVAILABILITY,origin.list,2026-10-01 09:06:35.856174+00:00
sffixed.com,AVAILABILITY,origin.list,2026-10-01 09:06:42.597307+00:00
phimsexloanluan.biz,AVAILABILITY,origin.list,2026-10-01 09:06:43.596995+00:00
dzbj4.net,AVAILABILITY,origin.list,2026-10-01 09:06:48.423472+00:00
erotic3d.net,AVAILABILITY,origin.list,2026-10-01 09:06:49.344252+00:00
printingsw.com,AVAILABILITY,origin.list,2026-10-01 09:06:54.204950+00:00
tgirlswebcam.com,AVAILABILITY,origin.list,2026-10-01 09:06:55.103327+00:00
vvcall.com,AVAILABILITY,origin.list,2026-10-01 09:07:00.800476+00:00
porn69.pro,AVAILABILITY,origin.list,2026-10-01 09:07:04.099329+00:00
w0401.com,AVAILABILITY,origin.list,2026-10-01 09:07:06.544562+00:00
yusisoft.com,AVAILABILITY,origin.list,2026-10-01 09:07:09.737639+00:00
wallyporn.com,AVAILABILITY,origin.list,2026-10-01 09:07:12.214633+00:00
hentaivn.life,AVAILABILITY,origin.list,2026-10-01 09:07:16.927423+00:00
sexhay2k.com,AVAILABILITY,origin.list,2026-10-01 09:07:17.909917+00:00
fawangsi.com,AVAILABILITY,origin.list,2026-10-01 09:07:23.593697+00:00
prostitutkinovorossiyskaxx.info,AVAILABILITY,origin.list,2026-10-01 09:07:25.524036+00:00
sxyprn.pro,AVAILABILITY,origin.list,2026-10-01 09:07:31.151097+00:00
annsd.com,AVAILABILITY,origin.list,2026-10-01 09:07:31.354939+00:00
iindianporn.com,AVAILABILITY,origin.list,2026-10-01 09:07:36.898649+00:00
livechich.com,AVAILABILITY,origin.list,2026-10-01 09:07:37.043476+00:00
goigai.net,AVAILABILITY,origin.list,2026-10-01 09:07:42.726608+00:00
pornpic.org,AVAILABILITY,origin.list,2026-10-01 09:07:44.263264+00:00
sin-food.com,AVAILABILITY,origin.list,2026-10-01 09:07:48.399860+00:00
mmz21.com,AVAILABILITY,origin.list,2026-10-01 09:07:50.079226+00:00
hndnkj.com,AVAILABILITY,origin.list,2026-10-01 09:07:54.102591+00:00
nasty-porn-stars.com,AVAILABILITY,origin.list,2026-10-01 09:07:55.691358+00:00
m.hentaiaz.net,AVAILABILITY,origin.list,2026-10-01 09:07:59.725669+00:00
npzhaocai.com,AVAILABILITY,origin.list,2026-10-01 09:08:01.611065+00:00
sajusi.top,AVAILABILITY,origin.list,2026-10-01 09:08:05.685602+00:00
ndzhaocai.com,AVAILABILITY,origin.list,2026-10-01 09:08:07.226936+00:00
135kc.com,AVAILABILITY,origin.list,2026-10-01 09:08:11.488935+00:00
phimsextile.com,AVAILABILITY,origin.list,2026-10-01 09:08:12.908302+00:00
tyqie.com,AVAILABILITY,origin.list,2026-10-01 09:08:17.272555+00:00
blz117.com,AVAILABILITY,origin.list,2026-10-01 09:08:18.575995+00:00
ih027.com,AVAILABILITY,origin.list,2026-10-01 09:08:22.906626+00:00
prostitutkibryanskasex.date,AVAILABILITY,origin.list,2026-10-01 09:08:24.440597+00:00
beijia888.com,AVAILABILITY,origin.list,2026-10-01 09:08:28.550921+00:00
bimdep.net,AVAILABILITY,origin.list,2026-10-01 09:08:30.244184+00:00
lesbian-porn-videos.com,AVAILABILITY,origin.list,2026-10-01 09:08:34.196271+00:00
freetoptube.com,AVAILABILITY,origin.list,2026-10-01 09:08:35.978096+00:00
subjavz.com,AVAILABILITY,origin.list,2026-10-01 09:08:40.051837+00:00
y1800.com,AVAILABILITY,origin.list,2026-10-01 09:08:41.775685+00:00
588000.net,AVAILABILITY,origin.list,2026-10-01 09:08:45.742076+00:00
javhd.contact,AVAILABILITY,origin.list,2026-10-01 09:08:48.206031+00:00
prostitutkinizhnegonovgoroda2021.info,AVAILABILITY,origin.list,2026-10-01 09:08:53.439352+00:00
cdrenzhe.com,AVAILABILITY,origin.list,2026-10-01 09:08:53.837351+00:00
sxjcth.com,AVAILABILITY,origin.list,2026-10-01 09:08:59.196092+00:00
galoretube.net,AVAILABILITY,origin.list,2026-10-01 09:08:59.488123+00:00
jdavjs.net,AVAILABILITY,origin.list,2026-10-01 09:09:04.981862+00:00
alohang.xyz,AVAILABILITY,origin.list,2026-10-01 09:09:05.253142+00:00
realanalmovies.net,AVAILABILITY,origin.list,2026-10-01 09:09:10.657716+00:00
k9165.cn,AVAILABILITY,origin.list,2026-10-01 09:09:15.225373+00:00
sdbmzg.com,AVAILABILITY,origin.list,2026-10-01 09:09:16.287039+00:00
cqew.net,AVAILABILITY,origin.list,2026-10-01 09:09:20.913462+00:00
sexcamstrip.net,AVAILABILITY,origin.list,2026-10-01 09:09:21.907399+00:00
maxihayat.net,AVAILABILITY,origin.list,2026-10-01 09:09:26.659597+00:00
javhd.reviews,AVAILABILITY,origin.list,2026-10-01 09:09:28.354988+00:00
ahzslaw.com,AVAILABILITY,origin.list,2026-10-01 09:09:32.294578+00:00
1232345.net,AVAILABILITY,origin.list,2026-10-01 09:09:34.084193+00:00
phimsextv.top,AVAILABILITY,origin.list,2026-10-01 09:09:38.622340+00:00
exviet69.cc,AVAILABILITY,origin.list,2026-10-01 09:09:39.919824+00:00
jinyou-ad.com,AVAILABILITY,origin.list,2026-10-01 09:09:44.289374+00:00
junyacm.com,AVAILABILITY,origin.list,2026-10-01 09:09:45.531281+00:00
phimsex13.net,AVAILABILITY,origin.list,2026-10-01 09:09:51.339670+00:00
qd-jiangxin.com,AVAILABILITY,origin.list,2026-10-01 09:09:57.014377+00:00
nakedfreeteens.com,AVAILABILITY,origin.list,2026-10-01 09:10:00.218428+00:00
badtopsex.com,AVAILABILITY,origin.list,2026-10-01 09:10:02.669103+00:00
bestpornmovies.net,AVAILABILITY,origin.list,2026-10-01 09:10:05.903777+00:00
ijiuse.com,AVAILABILITY,origin.list,2026-10-01 09:10:08.335557+00:00
70vip.net,AVAILABILITY,origin.list,2026-10-01 09:10:11.591361+00:00
sgzqlb.com,AVAILABILITY,origin.list,2026-10-01 09:10:14.048682+00:00
52langtu.com,AVAILABILITY,origin.list,2026-10-01 09:10:17.295379+00:00
sjmsp.com,AVAILABILITY,origin.list,2026-10-01 09:10:19.951548+00:00
phimkk.me,AVAILABILITY,origin.list,2026-10-01 09:10:24.372410+00:00
hazypx.com,AVAILABILITY,origin.list,2026-10-01 09:10:25.698970+00:00
xujun365.com,AVAILABILITY,origin.list,2026-10-01 09:10:29.989381+00:00
vlxx.fashion,AVAILABILITY,origin.list,2026-10-01 09:10:32.088994+00:00
xinghuagl.com,AVAILABILITY,origin.list,2026-10-01 09:10:35.598930+00:00
blz120.com,AVAILABILITY,origin.list,2026-10-01 09:10:37.783179+00:00
ynsh10086.com,AVAILABILITY,origin.list,2026-10-01 09:10:41.544885+00:00
hellywood3d.com,AVAILABILITY,origin.list,2026-10-01 09:10:43.595317+00:00
haoxx02.com,AVAILABILITY,origin.list,2026-10-01 09:10:47.273273+00:00
hunan4.com,AVAILABILITY,origin.list,2026-10-01 09:10:49.358934+00:00
sdjzwz.com,AVAILABILITY,origin.list,2026-10-01 09:10:52.987932+00:00
beegix.com,AVAILABILITY,origin.list,2026-10-01 09:10:55.209801+00:00
sexhdxxx.pro,AVAILABILITY,origin.list,2026-10-01 09:10:59.550941+00:00
xjbeite.com,AVAILABILITY,origin.list,2026-10-01 09:11:00.869353+00:00
easmega.com,AVAILABILITY,origin.list,2026-10-01 09:11:05.389807+00:00
0908123.com,AVAILABILITY,origin.list,2026-10-01 09:11:06.728103+00:00
freevintageporn.net,AVAILABILITY,origin.list,2026-10-01 09:11:11.141842+00:00
adbp.net,AVAILABILITY,origin.list,2026-10-01 09:11:12.443842+00:00
maiya-health.com,AVAILABILITY,origin.list,2026-10-01 09:11:16.740458+00:00
sexxxmovies.net,AVAILABILITY,origin.list,2026-10-01 09:11:18.231685+00:00
jzsp45.com,AVAILABILITY,origin.list,2026-10-01 09:11:22.507815+00:00
kynuviet.men,AVAILABILITY,origin.list,2026-10-01 09:11:24.733109+00:00
sy-56.com,AVAILABILITY,origin.list,2026-10-01 09:11:28.368616+00:00
porno-stars.me,AVAILABILITY,origin.list,2026-10-01 09:11:30.959719+00:00
suwojc.com,AVAILABILITY,origin.list,2026-10-01 09:11:33.991656+00:00
timbanbonphuongaz.com,AVAILABILITY,origin.list,2026-10-01 09:11:39.676761+00:00
pornvxxx.pro,AVAILABILITY,origin.list,2026-10-01 09:11:45.465250+00:00
hdpornmoviesxxx.pro,AVAILABILITY,origin.list,2026-10-01 09:11:53.374234+00:00
gayfucktube.pro,AVAILABILITY,origin.list,2026-10-01 09:12:02.127629+00:00
hanguomeishi.net,AVAILABILITY,origin.list,2026-10-01 09:12:07.820336+00:00
prostitutkishelkovohot.com,AVAILABILITY,origin.list,2026-10-01 09:12:13.486579+00:00
tube188.com,AVAILABILITY,origin.list,2026-10-01 09:12:14.628421+00:00
teentuber.pro,AVAILABILITY,origin.list,2026-10-01 09:12:20.093711+00:00
prostitutkibelgorodasex.info,AVAILABILITY,origin.list,2026-10-01 09:12:23.789342+00:00
prostitutkikaliningradafine.com,AVAILABILITY,origin.list,2026-10-01 09:12:25.865455+00:00
hhhtwm.net,AVAILABILITY,origin.list,2026-10-01 09:12:31.512706+00:00
porn-vip.pro,AVAILABILITY,origin.list,2026-10-01 09:12:31.615393+00:00
hz-famen.com,AVAILABILITY,origin.list,2026-10-01 09:12:37.219358+00:00
dualeotruyen24h.com,AVAILABILITY,origin.list,2026-10-01 09:12:37.282095+00:00
15fzw.com,AVAILABILITY,origin.list,2026-10-01 09:12:42.883468+00:00
wimue.com,AVAILABILITY,origin.list,2026-10-01 09:12:42.912177+00:00
sdasda.site,AVAILABILITY,origin.list,2026-10-01 09:12:48.578731+00:00
psc-sports.com,AVAILABILITY,origin.list,2026-10-01 09:12:48.723322+00:00
hbboligangzhipin.com,AVAILABILITY,origin.list,2026-10-01 09:12:54.201394+00:00
xzjlb.com,AVAILABILITY,origin.list,2026-10-01 09:12:54.401646+00:00
phimkk.net,AVAILABILITY,origin.list,2026-10-01 09:13:00.002600+00:00
ccjzdc.com,AVAILABILITY,origin.list,2026-10-01 09:13:00.176968+00:00
adultxxxmovs.com,AVAILABILITY,origin.list,2026-10-01 09:13:05.695042+00:00
8good8.com,AVAILABILITY,origin.list,2026-10-01 09:13:05.845536+00:00
cqkwsp.com,AVAILABILITY,origin.list,2026-10-01 09:13:11.481085+00:00
cdnx.porn-vip.pro,AVAILABILITY,origin.list,2026-10-01 09:13:11.543276+00:00
17lifes.net,AVAILABILITY,origin.list,2026-10-01 09:13:17.280625+00:00
eduvsa.com,AVAILABILITY,origin.list,2026-10-01 09:13:17.286455+00:00
matures-amateur.com,AVAILABILITY,origin.list,2026-10-01 09:13:22.946001+00:00
cuckoldvideos.xxx,AVAILABILITY,origin.list,2026-10-01 09:13:24.510017+00:00
shqsbjwl.com,AVAILABILITY,origin.list,2026-10-01 09:13:28.603958+00:00
tjydzzp.com,AVAILABILITY,origin.list,2026-10-01 09:13:30.189387+00:00
szcsqm.com,AVAILABILITY,origin.list,2026-10-01 09:13:34.276783+00:00
xxa37.com,AVAILABILITY,origin.list,2026-10-01 09:13:35.831060+00:00
garcon.top,AVAILABILITY,origin.list,2026-10-01 09:13:40.252062+00:00
hdhuawei.com,AVAILABILITY,origin.list,2026-10-01 09:13:41.503574+00:00
yiliangshequ.com,AVAILABILITY,origin.list,2026-10-01 09:13:45.912487+00:00
xxx-videozz.com,AVAILABILITY,origin.list,2026-10-01 09:13:47.148625+00:00
vlxx.city,AVAILABILITY,origin.list,2026-10-01 09:13:52.768496+00:00
baiyi580.com,AVAILABILITY,origin.list,2026-10-01 09:13:52.835482+00:00
bdqn-yg.com,AVAILABILITY,origin.list,2026-10-01 09:13:58.507845+00:00
sexygirls.su,AVAILABILITY,origin.list,2026-10-01 09:13:59.433723+00:00
bjshaoyang.com,AVAILABILITY,origin.list,2026-10-01 09:14:04.174593+00:00
dol-be.com,AVAILABILITY,origin.list,2026-10-01 09:14:05.239510+00:00
hfjycards.com,AVAILABILITY,origin.list,2026-10-01 09:14:09.858113+00:00
xnxx2.me,AVAILABILITY,origin.list,2026-10-01 09:14:12.550036+00:00
ddsp08.com,AVAILABILITY,origin.list,2026-10-01 09:14:15.575043+00:00
phim18vn.com,AVAILABILITY,origin.list,2026-10-01 09:14:18.284585+00:00
lyjianzhou.com,AVAILABILITY,origin.list,2026-10-01 09:14:24.010948+00:00
xxsydb.com,AVAILABILITY,origin.list,2026-10-01 09:14:29.858532+00:00
seksipikcara.top,AVAILABILITY,origin.list,2026-10-01 09:14:31.847331+00:00
youngteengalleries.net,AVAILABILITY,origin.list,2026-10-01 09:14:35.567362+00:00
themhentai.com,AVAILABILITY,origin.list,2026-10-01 09:14:37.641404+00:00
asianxxxtube.mobi,AVAILABILITY,origin.list,2026-10-01 09:14:43.311077+00:00
japmomporn.com,AVAILABILITY,origin.list,2026-10-01 09:14:43.387383+00:00
t-gongfu.com,AVAILABILITY,origin.list,2026-10-01 09:14:49.081403+00:00
03116666.com,AVAILABILITY,origin.list,2026-10-01 09:14:49.104780+00:00
024jbt.com,AVAILABILITY,origin.list,2026-10-01 09:14:54.798835+00:00
hzzzfdc.com,AVAILABILITY,origin.list,2026-10-01 09:14:54.882886+00:00
cnheavycrane.com,AVAILABILITY,origin.list,2026-10-01 09:15:00.710042+00:00
sexvietnam.ink,AVAILABILITY,origin.list,2026-10-01 09:15:01.950865+00:00
x643.xyz,AVAILABILITY,origin.list,2026-10-01 09:15:06.768393+00:00
9s100.xyz,AVAILABILITY,origin.list,2026-10-01 09:15:07.850854+00:00
prostitutkipenzycity.com,AVAILABILITY,origin.list,2026-10-01 09:15:12.455184+00:00
mchache.com,AVAILABILITY,origin.list,2026-10-01 09:15:13.512974+00:00
xemsex.top,AVAILABILITY,origin.list,2026-10-01 09:15:18.868967+00:00
www.sexygirls.su,AVAILABILITY,origin.list,2026-10-01 09:15:20.665551+00:00
videosdesexo.top,AVAILABILITY,origin.list,2026-10-01 09:15:25.267128+00:00
prostitutkistavropolyalist.com,AVAILABILITY,origin.list,2026-10-01 09:15:26.451142+00:00
szskydj.com,AVAILABILITY,origin.list,2026-10-01 09:15:30.918409+00:00
eyueonline.net,AVAILABILITY,origin.list,2026-10-01 09:15:32.290186+00:00
galove.net,AVAILABILITY,origin.list,2026-10-01 09:15:36.622783+00:00
rising-design.net,AVAILABILITY,origin.list,2026-10-01 09:15:37.983359+00:00
20yxw.com,AVAILABILITY,origin.list,2026-10-01 09:15:42.249427+00:00
javfinder.la,AVAILABILITY,origin.list,2026-10-01 09:15:44.055646+00:00
prostitutkihabarovskahot.com,AVAILABILITY,origin.list,2026-10-01 09:15:47.977420+00:00
sexdcm.com,AVAILABILITY,origin.list,2026-10-01 09:15:49.752977+00:00
sex699.net,AVAILABILITY,origin.list,2026-10-01 09:15:53.672236+00:00
heo69.cc,AVAILABILITY,origin.list,2026-10-01 09:15:55.697477+00:00
gaixinhonline.com,AVAILABILITY,origin.list,2026-10-01 09:15:59.532492+00:00
wjkqk.com,AVAILABILITY,origin.list,2026-10-01 09:16:01.316633+00:00
phimheovn.cc,AVAILABILITY,origin.list,2026-10-01 09:16:05.289344+00:00
chichnhau.club,AVAILABILITY,origin.list,2026-10-01 09:16:07.101632+00:00
nicegranny.info,AVAILABILITY,origin.list,2026-10-01 09:16:11.266833+00:00
sexbilder-gratis.com,AVAILABILITY,origin.list,2026-10-01 09:16:12.719531+00:00
automajiangji.com,AVAILABILITY,origin.list,2026-10-01 09:16:17.070848+00:00
aka400.com,AVAILABILITY,origin.list,2026-10-01 09:16:18.582366+00:00
jdwx800.com,AVAILABILITY,origin.list,2026-10-01 09:16:22.715693+00:00
tictocsex.com,AVAILABILITY,origin.list,2026-10-01 09:16:24.210787+00:00
jin-dian.com,AVAILABILITY,origin.list,2026-10-01 09:16:28.639190+00:00
cn.xvideos2.uk,AVAILABILITY,origin.list,2026-10-01 09:16:29.829401+00:00
in.xvideos2.uk,AVAILABILITY,origin.list,2026-10-01 09:16:34.327369+00:00
jsdltdl.com,AVAILABILITY,origin.list,2026-10-01 09:16:35.531353+00:00
juterain.com,AVAILABILITY,origin.list,2026-10-01 09:16:40.080796+00:00
mmtv064.com,AVAILABILITY,origin.list,2026-10-01 09:16:41.199623+00:00
mmtv066.com,AVAILABILITY,origin.list,2026-10-01 09:16:45.767367+00:00
redwap2.net,AVAILABILITY,origin.list,2026-10-01 09:16:46.867005+00:00
tiktits.com,AVAILABILITY,origin.list,2026-10-01 09:16:52.608178+00:00
teenwow.pro,AVAILABILITY,origin.list,2026-10-01 09:16:55.663946+00:00
wangbaoxin.com,AVAILABILITY,origin.list,2026-10-01 09:16:58.304323+00:00
www.xvideos.skin,AVAILABILITY,origin.list,2026-10-01 09:17:01.285518+00:00
lsj57.com,AVAILABILITY,origin.list,2026-10-01 09:17:06.944263+00:00
c66168.com,AVAILABILITY,origin.list,2026-10-01 09:17:10.222817+00:00
prostitutkinoginskasite.info,AVAILABILITY,origin.list,2026-10-01 09:17:14.049274+00:00
phimfull.pro,AVAILABILITY,origin.list,2026-10-01 09:17:18.823969+00:00
sxmxjt.com,AVAILABILITY,origin.list,2026-10-01 09:17:19.739087+00:00
zzm91.com,AVAILABILITY,origin.list,2026-10-01 09:17:24.518244+00:00
shpsys.com,AVAILABILITY,origin.list,2026-10-01 09:17:25.373911+00:00
zbcobalt.com,AVAILABILITY,origin.list,2026-10-01 09:17:30.226108+00:00
zzv33.com,AVAILABILITY,origin.list,2026-10-01 09:17:31.047650+00:00
yiwucnc.com,AVAILABILITY,origin.list,2026-10-01 09:17:35.943069+00:00
hangzhoutianqi.net,AVAILABILITY,origin.list,2026-10-01 09:17:36.815863+00:00
zuowen999.com,AVAILABILITY,origin.list,2026-10-01 09:17:42.480659+00:00
sexhay69.us,AVAILABILITY,origin.list,2026-10-01 09:17:43.756135+00:00
cusmamma.com,AVAILABILITY,origin.list,2026-10-01 09:17:48.344695+00:00
bareback-porno.com,AVAILABILITY,origin.list,2026-10-01 09:17:49.421677+00:00
bmtys.com,AVAILABILITY,origin.list,2026-10-01 09:17:54.033589+00:00
bountyhuntersporn.com,AVAILABILITY,origin.list,2026-10-01 09:24:46.287829+00:00
phang.pro,AVAILABILITY,origin.list,2026-10-01 09:24:49.024135+00:00
douhao5.com,AVAILABILITY,origin.list,2026-10-01 09:24:52.804301+00:00
fish58.com,AVAILABILITY,origin.list,2026-10-01 09:24:55.300396+00:00
hzfd123.com,AVAILABILITY,origin.list,2026-10-01 09:24:59.234555+00:00
hngsp.com,AVAILABILITY,origin.list,2026-10-01 09:25:01.745401+00:00
hzxinyuanhotel.com,AVAILABILITY,origin.list,2026-10-01 09:25:05.579068+00:00
mast-home.com,AVAILABILITY,origin.list,2026-10-01 09:25:07.915750+00:00
pclcapture.com,AVAILABILITY,origin.list,2026-10-01 09:25:11.875375+00:00
mm258.net,AVAILABILITY,origin.list,2026-10-01 09:25:14.292979+00:00
sd535.com,AVAILABILITY,origin.list,2026-10-01 09:25:18.326116+00:00
qiyunad.com,AVAILABILITY,origin.list,2026-10-01 09:25:20.454062+00:00
tjmwda.com,AVAILABILITY,origin.list,2026-10-01 09:25:24.537152+00:00
xxxporn8k.com,AVAILABILITY,origin.list,2026-10-01 09:25:26.644681+00:00
999jjj.net,AVAILABILITY,origin.list,2026-10-01 09:25:30.799836+00:00
zltgenyi.com,AVAILABILITY,origin.list,2026-10-01 09:25:33.041024+00:00
findavgirl.com,AVAILABILITY,origin.list,2026-10-01 09:25:37.218221+00:00
hqlesbiansex.net,AVAILABILITY,origin.list,2026-10-01 09:25:39.414325+00:00
hotasianpussy.net,AVAILABILITY,origin.list,2026-10-01 09:25:43.683342+00:00
lsj75.com,AVAILABILITY,origin.list,2026-10-01 09:25:45.802115+00:00
918c.net,AVAILABILITY,origin.list,2026-10-01 09:25:49.819098+00:00
sexlo.net,AVAILABILITY,origin.list,2026-10-01 09:25:52.110207+00:00
prostitutkiastrahanihot.com,AVAILABILITY,origin.list,2026-10-01 09:25:58.598085+00:00
phimsex33.com,AVAILABILITY,origin.list,2026-10-01 09:26:04.901459+00:00
zjjfjw.com,AVAILABILITY,origin.list,2026-10-01 09:26:11.329497+00:00
syhslw.com,AVAILABILITY,origin.list,2026-10-01 09:26:17.636825+00:00
yuebingbar.com,AVAILABILITY,origin.list,2026-10-01 09:26:24.057170+00:00
jinluyanju.com,AVAILABILITY,origin.list,2026-10-01 09:26:30.395369+00:00
xianya-i.com,AVAILABILITY,origin.list,2026-10-01 09:26:36.531117+00:00
jsdiaoyuw.com,AVAILABILITY,origin.list,2026-10-01 09:26:42.946221+00:00
bjcorning.com,AVAILABILITY,origin.list,2026-10-01 09:27:11.832943+00:00
girlsforoldmen.com,AVAILABILITY,origin.list,2026-10-01 09:27:15.429664+00:00
lysdgc.com,AVAILABILITY,origin.list,2026-10-01 09:27:18.049936+00:00
021zl.com,AVAILABILITY,origin.list,2026-10-01 09:27:21.580132+00:00
javhdhayz.com,AVAILABILITY,origin.list,2026-10-01 09:27:24.253068+00:00
phimset.net,AVAILABILITY,origin.list,2026-10-01 09:27:27.827382+00:00
chinahuaxing.net,AVAILABILITY,origin.list,2026-10-01 09:27:34.038712+00:00
xxxadultshow.com,AVAILABILITY,origin.list,2026-10-01 09:27:40.313887+00:00
ahwlzs.com,AVAILABILITY,origin.list,2026-10-01 09:27:43.034865+00:00
zzm06.com,AVAILABILITY,origin.list,2026-10-01 09:27:46.794426+00:00
wzmd.net,AVAILABILITY,origin.list,2026-10-01 09:27:49.409576+00:00
yizhixuandg.com,AVAILABILITY,origin.list,2026-10-01 09:27:52.993911+00:00
chinese-nudes.com,AVAILABILITY,origin.list,2026-10-01 09:27:55.644210+00:00
huaimiu.com,AVAILABILITY,origin.list,2026-10-01 09:27:59.162808+00:00
im12580.com,AVAILABILITY,origin.list,2026-10-01 09:28:01.773252+00:00
jilinzto.com,AVAILABILITY,origin.list,2026-10-01 09:28:05.585491+00:00
kimyadong.net,AVAILABILITY,origin.list,2026-10-01 09:28:07.895317+00:00
sellusyourmovies.com,AVAILABILITY,origin.list,2026-10-01 09:28:11.732545+00:00
cdstln.com,AVAILABILITY,origin.list,2026-10-01 09:28:14.159141+00:00
prostitutkismolenskasex.date,AVAILABILITY,origin.list,2026-10-01 09:28:20.798288+00:00
dtzssj.com,AVAILABILITY,origin.list,2026-10-01 09:28:26.985045+00:00
mennwomen.com,AVAILABILITY,origin.list,2026-10-01 09:28:33.299902+00:00
sexlol.me,AVAILABILITY,origin.list,2026-10-01 09:28:42.651669+00:00
bersenwood.com,AVAILABILITY,origin.list,2026-10-01 09:28:48.867624+00:00
cliphotvn.info,AVAILABILITY,origin.list,2026-10-01 09:28:58.257976+00:00
298082.com,AVAILABILITY,origin.list,2026-10-01 09:29:05.354303+00:00
hnjtjxw.com,AVAILABILITY,origin.list,2026-10-01 09:29:11.698201+00:00
sexart.pro,AVAILABILITY,origin.list,2026-10-01 09:29:18.424196+00:00
mmhousecn.com,AVAILABILITY,origin.list,2026-10-01 09:29:25.023483+00:00
gaysfuckguys.com,AVAILABILITY,origin.list,2026-10-01 09:29:37.336467+00:00
canyxxw.com,AVAILABILITY,origin.list,2026-10-01 09:29:43.695109+00:00
freepornhentaigames.com,AVAILABILITY,origin.list,2026-10-01 09:29:50.006369+00:00
gztczl.cn,AVAILABILITY,origin.list,2026-10-01 09:30:00.319094+00:00
itcloudsv.com,AVAILABILITY,origin.list,2026-10-01 09:30:06.700629+00:00
kt-optics.com,AVAILABILITY,origin.list,2026-10-01 09:30:13.088154+00:00
scbbw.com,AVAILABILITY,origin.list,2026-10-01 09:30:19.510908+00:00
sdxipu.com,AVAILABILITY,origin.list,2026-10-01 09:30:25.911612+00:00
ysfzdz.com,AVAILABILITY,origin.list,2026-10-01 09:30:32.161254+00:00
zymrjf.com,AVAILABILITY,origin.list,2026-10-01 09:30:38.429495+00:00
ask139.com,AVAILABILITY,origin.list,2026-10-01 09:30:44.581755+00:00
syzszp.com,AVAILABILITY,origin.list,2026-10-01 09:30:50.763837+00:00
ladieskissladies.com,AVAILABILITY,origin.list,2026-10-01 09:30:50.984167+00:00
sunrise-service.com,AVAILABILITY,origin.list,2026-10-01 09:30:57.028897+00:00
cutexinh.com,AVAILABILITY,origin.list,2026-10-01 09:30:57.343522+00:00
903shop.com,AVAILABILITY,origin.list,2026-10-01 09:31:03.161771+00:00
fashaojidi.com,AVAILABILITY,origin.list,2026-10-01 09:31:03.763818+00:00
xxnxx.ink,AVAILABILITY,origin.list,2026-10-01 09:31:09.877724+00:00
xiu23.com,AVAILABILITY,origin.list,2026-10-01 09:31:09.882317+00:00
52dama.com,AVAILABILITY,origin.list,2026-10-01 09:31:16.192834+00:00
jcguodai.com,AVAILABILITY,origin.list,2026-10-01 09:31:16.232536+00:00
rwpig.com,AVAILABILITY,origin.list,2026-10-01 09:31:22.315455+00:00
aiqiyi009.com,AVAILABILITY,origin.list,2026-10-01 09:31:22.429568+00:00
gdjianfeng.com,AVAILABILITY,origin.list,2026-10-01 09:31:28.559285+00:00
dxsc188.com,AVAILABILITY,origin.list,2026-10-01 09:31:28.608068+00:00
d37ef.xyz,AVAILABILITY,origin.list,2026-10-01 09:31:35.470838+00:00
filmarabe.top,AVAILABILITY,origin.list,2026-10-01 09:31:42.974463+00:00
h0939.com,AVAILABILITY,origin.list,2026-10-01 09:31:49.158794+00:00
ruilin118.com,AVAILABILITY,origin.list,2026-10-01 09:31:55.393442+00:00
xemphimsex.tv,AVAILABILITY,origin.list,2026-10-01 09:32:02.613915+00:00
cn-yj.org,AVAILABILITY,origin.list,2026-10-01 09:32:12.842336+00:00
ngamgai.xyz,AVAILABILITY,origin.list,2026-10-01 09:32:19.291470+00:00
baojiancn.com,AVAILABILITY,origin.list,2026-10-01 09:32:25.480165+00:00
prostitutkirostovafine.info,AVAILABILITY,origin.list,2026-10-01 09:32:38.781472+00:00
tsxtdmy.com,AVAILABILITY,origin.list,2026-10-01 09:32:45.090431+00:00
xxav2147.com,AVAILABILITY,origin.list,2026-10-01 09:32:51.374976+00:00
guysformatures.com,AVAILABILITY,origin.list,2026-10-01 09:32:54.339401+00:00
iguanjiatong.com,AVAILABILITY,origin.list,2026-10-01 09:32:57.579864+00:00
semaomimail.com,AVAILABILITY,origin.list,2026-10-01 09:33:00.582283+00:00
gasarea.com,AVAILABILITY,origin.list,2026-10-01 09:33:03.813931+00:00
xxxdiksa.com,AVAILABILITY,origin.list,2026-10-01 09:33:10.061025+00:00
gzxz580.com,AVAILABILITY,origin.list,2026-10-01 09:33:16.338033+00:00
prostitutkibelgorodasite.info,AVAILABILITY,origin.list,2026-10-01 09:33:18.946145+00:00
sghl1314.com,AVAILABILITY,origin.list,2026-10-01 09:33:22.535419+00:00
fssdpd.com,AVAILABILITY,origin.list,2026-10-01 09:33:25.237239+00:00
zceop.com,AVAILABILITY,origin.list,2026-10-01 09:33:28.783534+00:00
mywildfatties.com,AVAILABILITY,origin.list,2026-10-01 09:33:31.396349+00:00
meilekt.com,AVAILABILITY,origin.list,2026-10-01 09:33:35.068655+00:00
wghrcom.com,AVAILABILITY,origin.list,2026-10-01 09:33:37.583612+00:00
szcldwj.com,AVAILABILITY,origin.list,2026-10-01 09:33:41.279185+00:00
yunhaowj.com,AVAILABILITY,origin.list,2026-10-01 09:33:47.727086+00:00
lishuanghai.com,AVAILABILITY,origin.list,2026-10-01 09:33:53.937424+00:00
pornovideos.name,AVAILABILITY,origin.list,2026-10-01 09:34:00.469924+00:00
prostitutkimoskvyx.info,AVAILABILITY,origin.list,2026-10-01 09:34:13.719906+00:00
shehuachina.com,AVAILABILITY,origin.list,2026-10-01 09:34:20.056432+00:00
asiansex.red,AVAILABILITY,origin.list,2026-10-01 09:34:27.125919+00:00
xnxxvn.vip,AVAILABILITY,origin.list,2026-10-01 09:34:45.075143+00:00
360548.com,AVAILABILITY,origin.list,2026-10-01 09:34:51.439479+00:00
czruize.com,AVAILABILITY,origin.list,2026-10-01 09:34:57.576917+00:00
ladiesfuckgents.com,AVAILABILITY,origin.list,2026-10-01 09:35:03.187122+00:00
hbwenshang.com,AVAILABILITY,origin.list,2026-10-01 09:35:03.850072+00:00
btu8.com,AVAILABILITY,origin.list,2026-10-01 09:35:10.335912+00:00
pinchengzhipin.com,AVAILABILITY,origin.list,2026-10-01 09:35:16.553856+00:00
xnxxx.name,AVAILABILITY,origin.list,2026-10-01 09:35:22.848028+00:00
youjiz.org,AVAILABILITY,origin.list,2026-10-01 09:35:33.605250+00:00
mh8848.com,AVAILABILITY,origin.list,2026-10-01 09:35:40.070131+00:00
emxinh.art,AVAILABILITY,origin.list,2026-10-01 09:35:47.074142+00:00
www.xvideos.mom,AVAILABILITY,origin.list,2026-10-01 09:35:48.183198+00:00
lyxieduhui.com,AVAILABILITY,origin.list,2026-10-01 09:35:53.491834+00:00
tk066.com,AVAILABILITY,origin.list,2026-10-01 09:35:54.380396+00:00
romattic.com,AVAILABILITY,origin.list,2026-10-01 09:35:59.860702+00:00
baitaotong.com,AVAILABILITY,origin.list,2026-10-01 09:36:00.749883+00:00
hz-bz.com,AVAILABILITY,origin.list,2026-10-01 09:36:06.215161+00:00
huiweiking.com,AVAILABILITY,origin.list,2026-10-01 09:36:06.951500+00:00
hebeiheqin.com,AVAILABILITY,origin.list,2026-10-01 09:36:12.512961+00:00
bolezi103.com,AVAILABILITY,origin.list,2026-10-01 09:36:13.074394+00:00
comcom11.com,AVAILABILITY,origin.list,2026-10-01 09:36:18.778729+00:00
dy86723568.com,AVAILABILITY,origin.list,2026-10-01 09:36:19.315505+00:00
26dee.com,AVAILABILITY,origin.list,2026-10-01 09:36:25.014217+00:00
cn51.net,AVAILABILITY,origin.list,2026-10-01 09:36:25.558214+00:00
iloveliheng.com,AVAILABILITY,origin.list,2026-10-01 09:36:31.510258+00:00
804261.com,AVAILABILITY,origin.list,2026-10-01 09:36:31.978367+00:00
rrbxu.xyz,AVAILABILITY,origin.list,2026-10-01 09:36:38.034224+00:00
iiggwwgg.xyz,AVAILABILITY,origin.list,2026-10-01 09:36:38.570975+00:00
xunhuage01.xyz,AVAILABILITY,origin.list,2026-10-01 09:36:44.650783+00:00
g52gmmeehyhx.xyz,AVAILABILITY,origin.list,2026-10-01 09:36:44.994191+00:00
porncraft3d.com,AVAILABILITY,origin.list,2026-10-01 09:36:50.856958+00:00
porn-catalog.com,AVAILABILITY,origin.list,2026-10-01 09:36:57.095835+00:00
sexbulon.pro,AVAILABILITY,origin.list,2026-10-01 09:36:57.688207+00:00
ljgcrlrffhhcc.xyz,AVAILABILITY,origin.list,2026-10-01 09:37:03.614818+00:00
prostitutkiivanovogood.com,AVAILABILITY,origin.list,2026-10-01 09:37:03.768450+00:00
prostitutkiizhevskagood.com,AVAILABILITY,origin.list,2026-10-01 09:37:10.062838+00:00
g99gmmeehyhx.xyz,AVAILABILITY,origin.list,2026-10-01 09:37:10.081926+00:00
prostitutkiarhangelskagood.com,AVAILABILITY,origin.list,2026-10-01 09:37:16.290377+00:00
50995.wang,AVAILABILITY,origin.list,2026-10-01 09:37:18.160554+00:00
g99gttzzasgc.xyz,AVAILABILITY,origin.list,2026-10-01 09:37:22.786703+00:00
h99httxxyjyz.xyz,AVAILABILITY,origin.list,2026-10-01 09:37:24.684242+00:00
prostitutkiulanudegood.com,AVAILABILITY,origin.list,2026-10-01 09:37:29.067095+00:00
prostitutkisaratovagood.com,AVAILABILITY,origin.list,2026-10-01 09:37:30.898799+00:00
prostitutkibryanskagood.com,AVAILABILITY,origin.list,2026-10-01 09:37:35.243458+00:00
prostitutkinizhnegotagilagood.com,AVAILABILITY,origin.list,2026-10-01 09:37:37.065286+00:00
prostitutkitulygood.com,AVAILABILITY,origin.list,2026-10-01 09:37:41.370966+00:00
prostitutkiyaltygood.com,AVAILABILITY,origin.list,2026-10-01 09:37:43.215293+00:00
prostitutkipetrozavodskagood.com,AVAILABILITY,origin.list,2026-10-01 09:37:47.551624+00:00
xmhanqing.com,AVAILABILITY,origin.list,2026-10-01 09:37:49.570987+00:00
szbestmade.com,AVAILABILITY,origin.list,2026-10-01 09:37:53.933232+00:00
yeusexviet.net,AVAILABILITY,origin.list,2026-10-01 09:37:55.937187+00:00
youqixiang.com,AVAILABILITY,origin.list,2026-10-01 09:38:00.189956+00:00
r0x9x.xyz,AVAILABILITY,origin.list,2026-10-01 09:38:06.782777+00:00
krasotka71.org,AVAILABILITY,origin.list,2026-10-01 09:38:11.960484+00:00
wccxls.com,AVAILABILITY,origin.list,2026-10-01 09:38:13.206036+00:00
nxxynyqquudd.xyz,AVAILABILITY,origin.list,2026-10-01 09:38:18.551156+00:00
rphangcdn.com,AVAILABILITY,origin.list,2026-10-01 09:45:11.268971+00:00
olderpussypics.info,AVAILABILITY,origin.list,2026-10-01 09:45:15.676931+00:00
zzv15.com,AVAILABILITY,origin.list,2026-10-01 09:45:17.437661+00:00
180803.com,AVAILABILITY,origin.list,2026-10-01 09:45:22.086148+00:00
zzv94.com,AVAILABILITY,origin.list,2026-10-01 09:45:23.604159+00:00
mature-pantyhose.com,AVAILABILITY,origin.list,2026-10-01 09:45:28.287597+00:00
q52qiinnvtva.xyz,AVAILABILITY,origin.list,2026-10-01 09:45:30.047241+00:00
zzm98.com,AVAILABILITY,origin.list,2026-10-01 09:45:34.293766+00:00
vwc0k.xyz,AVAILABILITY,origin.list,2026-10-01 09:45:36.636666+00:00
v0mhg.xyz,AVAILABILITY,origin.list,2026-10-01 09:45:41.166401+00:00
glamourbabesporn.com,AVAILABILITY,origin.list,2026-10-01 09:45:42.654528+00:00
taboolisting.com,AVAILABILITY,origin.list,2026-10-01 09:45:47.390862+00:00
wq8ar.xyz,AVAILABILITY,origin.list,2026-10-01 09:45:48.950250+00:00
0536sg.com,AVAILABILITY,origin.list,2026-10-01 09:45:53.479551+00:00
023fax.com,AVAILABILITY,origin.list,2026-10-01 09:45:54.920117+00:00
x99xaattemej.xyz,AVAILABILITY,origin.list,2026-10-01 09:45:59.822304+00:00
porno-be.name,AVAILABILITY,origin.list,2026-10-01 09:46:00.890865+00:00
a5238.com,AVAILABILITY,origin.list,2026-10-01 09:46:06.079912+00:00
static.stream68.com,AVAILABILITY,origin.list,2026-10-01 09:46:07.117845+00:00
flcfcu.com,AVAILABILITY,origin.list,2026-10-01 09:46:12.288494+00:00
3atv.net,AVAILABILITY,origin.list,2026-10-01 09:46:13.238427+00:00
haieru-home.net,AVAILABILITY,origin.list,2026-10-01 09:46:18.448306+00:00
hailongwangdj.com,AVAILABILITY,origin.list,2026-10-01 09:46:19.444040+00:00
prostitutkibiyskagood.com,AVAILABILITY,origin.list,2026-10-01 09:46:24.513688+00:00
prostitutkikemerovogood.com,AVAILABILITY,origin.list,2026-10-01 09:46:25.436075+00:00
prostitutkikaliningradagood.com,AVAILABILITY,origin.list,2026-10-01 09:46:30.650478+00:00
dxxmdosszzjj.xyz,AVAILABILITY,origin.list,2026-10-01 09:46:31.812592+00:00
ilw2q.xyz,AVAILABILITY,origin.list,2026-10-01 09:46:37.045461+00:00
prostitutkiodincovogood.com,AVAILABILITY,origin.list,2026-10-01 09:46:37.890076+00:00
prostitutkinaberezhnyechelnygood.com,AVAILABILITY,origin.list,2026-10-01 09:46:43.016506+00:00
99zrh.xyz,AVAILABILITY,origin.list,2026-10-01 09:46:44.266440+00:00
prostitutkipenzygood.com,AVAILABILITY,origin.list,2026-10-01 09:46:49.165312+00:00
prostitutkiramenskoegood.com,AVAILABILITY,origin.list,2026-10-01 09:46:50.342535+00:00
prostitutkikostromygood.com,AVAILABILITY,origin.list,2026-10-01 09:46:55.286894+00:00
prostitutkitomskagood.com,AVAILABILITY,origin.list,2026-10-01 09:46:56.492498+00:00
yepxxx.com,AVAILABILITY,origin.list,2026-10-01 09:47:01.355183+00:00
prostitutkisochigood.com,AVAILABILITY,origin.list,2026-10-01 09:47:07.438546+00:00
thot-tv.com,AVAILABILITY,origin.list,2026-10-01 09:47:13.541952+00:00
prostitutkitambovagood.com,AVAILABILITY,origin.list,2026-10-01 09:47:13.672660+00:00
xmydg.com,AVAILABILITY,origin.list,2026-10-01 09:47:19.585306+00:00
findmoive.com,AVAILABILITY,origin.list,2026-10-01 09:47:19.748640+00:00
zxcdh.com,AVAILABILITY,origin.list,2026-10-01 09:47:25.805792+00:00
pjgcxpxaajjtt.xyz,AVAILABILITY,origin.list,2026-10-01 09:47:25.970613+00:00
ypqzq.com,AVAILABILITY,origin.list,2026-10-01 09:47:31.804574+00:00
bottomspanked.com,AVAILABILITY,origin.list,2026-10-01 09:47:31.972843+00:00
shmingyong.com,AVAILABILITY,origin.list,2026-10-01 09:47:37.823482+00:00
pornost.co,AVAILABILITY,origin.list,2026-10-01 09:47:38.116037+00:00
sextop1.tech,AVAILABILITY,origin.list,2026-10-01 09:47:44.231600+00:00
jxxujteebbgg.xyz,AVAILABILITY,origin.list,2026-10-01 09:47:44.262413+00:00
prostitutkichitygood.com,AVAILABILITY,origin.list,2026-10-01 09:47:50.302143+00:00
tvmtceyqax.xyz,AVAILABILITY,origin.list,2026-10-01 09:47:50.489152+00:00
prostitutkigelendzhykagood.com,AVAILABILITY,origin.list,2026-10-01 09:47:56.316088+00:00
zs-hb.com,AVAILABILITY,origin.list,2026-10-01 09:47:56.532365+00:00
prostitutkikirovagood.com,AVAILABILITY,origin.list,2026-10-01 09:48:02.386330+00:00
kxxsksfftdvb.xyz,AVAILABILITY,origin.list,2026-10-01 09:48:02.863035+00:00
m52fmfcclodu.xyz,AVAILABILITY,origin.list,2026-10-01 09:48:08.688242+00:00
prostitutkismolenskagood.com,AVAILABILITY,origin.list,2026-10-01 09:48:08.825853+00:00
prostitutkiastrahanigood.com,AVAILABILITY,origin.list,2026-10-01 09:48:14.646460+00:00
mcb9mnnkknjky.xyz,AVAILABILITY,origin.list,2026-10-01 09:48:15.029564+00:00
lxxrlrffhhcc.xyz,AVAILABILITY,origin.list,2026-10-01 09:48:20.991777+00:00
h52hnnxxphle.xyz,AVAILABILITY,origin.list,2026-10-01 09:48:21.329943+00:00
m52kmkbbvmer.xyz,AVAILABILITY,origin.list,2026-10-01 09:48:27.418231+00:00
prostitutkipermigood.com,AVAILABILITY,origin.list,2026-10-01 09:48:27.440733+00:00
prostitutkisevastopolyagood.com,AVAILABILITY,origin.list,2026-10-01 09:48:33.442125+00:00
prostitutkiorenburgagood.com,AVAILABILITY,origin.list,2026-10-01 09:48:33.447683+00:00
prostitutkiulyanovskagood.com,AVAILABILITY,origin.list,2026-10-01 09:48:39.504262+00:00
prostitutkisimferopolyagood.com,AVAILABILITY,origin.list,2026-10-01 09:48:39.551296+00:00
prostitutkinizhnevartovskagood.com,AVAILABILITY,origin.list,2026-10-01 09:48:45.536571+00:00
prostitutkivladivostokagood.com,AVAILABILITY,origin.list,2026-10-01 09:48:45.582869+00:00
prostitutkitverigood.com,AVAILABILITY,origin.list,2026-10-01 09:48:51.540816+00:00
prostitutkitumenigood.com,AVAILABILITY,origin.list,2026-10-01 09:48:51.608429+00:00
vn.sexviethay.net,AVAILABILITY,origin.list,2026-10-01 09:48:57.522364+00:00
xxxlosenok.com,AVAILABILITY,origin.list,2026-10-01 09:48:57.671858+00:00
hwtkd.com,AVAILABILITY,origin.list,2026-10-01 09:49:03.635619+00:00
xxxslonik.com,AVAILABILITY,origin.list,2026-10-01 09:49:03.738852+00:00
clipsex.one,AVAILABILITY,origin.list,2026-10-01 09:49:09.732650+00:00
prostitutkivoronezhagood.com,AVAILABILITY,origin.list,2026-10-01 09:49:09.828551+00:00
gxlsrn.com,AVAILABILITY,origin.list,2026-10-01 09:49:15.811499+00:00
xxxkarina.com,AVAILABILITY,origin.list,2026-10-01 09:49:15.943953+00:00
desiindiantube.com,AVAILABILITY,origin.list,2026-10-01 09:49:21.853737+00:00
xxxsizka.com,AVAILABILITY,origin.list,2026-10-01 09:49:21.997696+00:00
tav187.cc,AVAILABILITY,origin.list,2026-10-01 09:49:27.848931+00:00
pxxrprsseevv.xyz,AVAILABILITY,origin.list,2026-10-01 09:49:28.293652+00:00
xxxlesba.com,AVAILABILITY,origin.list,2026-10-01 09:49:33.910577+00:00
bubugaomall.com,AVAILABILITY,origin.list,2026-10-01 09:49:34.284045+00:00
cqxaqczl.com,AVAILABILITY,origin.list,2026-10-01 09:49:39.938162+00:00
spj2288.com,AVAILABILITY,origin.list,2026-10-01 09:49:40.318859+00:00
200581.com,AVAILABILITY,origin.list,2026-10-01 09:49:45.951307+00:00
xxxfosos.com,AVAILABILITY,origin.list,2026-10-01 09:49:46.240548+00:00
asianxxxvids.com,AVAILABILITY,origin.list,2026-10-01 09:49:52.065756+00:00
538598.cn,AVAILABILITY,origin.list,2026-10-01 09:49:55.805880+00:00
zzp45.com,AVAILABILITY,origin.list,2026-10-01 09:49:58.122763+00:00
180049.com,AVAILABILITY,origin.list,2026-10-01 09:50:01.813169+00:00
kxoooo.cn,AVAILABILITY,origin.list,2026-10-01 09:50:07.773249+00:00
szzyhr.com,AVAILABILITY,origin.list,2026-10-01 09:50:07.973177+00:00
2019sexvideos.com,AVAILABILITY,origin.list,2026-10-01 09:50:14.154563+00:00
waplesbi.com,AVAILABILITY,origin.list,2026-10-01 09:50:20.189398+00:00
360431.com,AVAILABILITY,origin.list,2026-10-01 09:50:26.289196+00:00
dominatrixcamsex.info,AVAILABILITY,origin.list,2026-10-01 09:50:40.807048+00:00
360749.com,AVAILABILITY,origin.list,2026-10-01 09:50:47.065901+00:00
4000600534.com,AVAILABILITY,origin.list,2026-10-01 09:50:53.028039+00:00
360476.com,AVAILABILITY,origin.list,2026-10-01 09:50:59.124521+00:00
analdinporn.com,AVAILABILITY,origin.list,2026-10-01 09:51:05.118936+00:00
hetaish.com,AVAILABILITY,origin.list,2026-10-01 09:51:11.191881+00:00
ww823.com,AVAILABILITY,origin.list,2026-10-01 09:51:17.441579+00:00
gaigoialo.com,AVAILABILITY,origin.list,2026-10-01 09:51:23.704376+00:00
phimjav.xyz,AVAILABILITY,origin.list,2026-10-01 09:51:30.549650+00:00
nylonfeetline.com,AVAILABILITY,origin.list,2026-10-01 09:51:33.462642+00:00
xxxkokos.com,AVAILABILITY,origin.list,2026-10-01 09:51:36.552857+00:00
aau37.com,AVAILABILITY,origin.list,2026-10-01 09:51:42.719267+00:00
shuimianbaojie.com,AVAILABILITY,origin.list,2026-10-01 09:51:48.971058+00:00
vlxx-vip.com,AVAILABILITY,origin.list,2026-10-01 09:51:50.620594+00:00
seks-xxx.name,AVAILABILITY,origin.list,2026-10-01 09:51:55.111676+00:00
chowsan.com,AVAILABILITY,origin.list,2026-10-01 09:51:56.731940+00:00
seksxxx.name,AVAILABILITY,origin.list,2026-10-01 09:52:01.071816+00:00
fucks-mom.com,AVAILABILITY,origin.list,2026-10-01 09:52:02.802572+00:00
blog2babes.com,AVAILABILITY,origin.list,2026-10-01 09:52:07.044197+00:00
xxxdevka.com,AVAILABILITY,origin.list,2026-10-01 09:52:08.921878+00:00
clipsex.pw,AVAILABILITY,origin.list,2026-10-01 09:52:13.040076+00:00
asianporn-xxx.com,AVAILABILITY,origin.list,2026-10-01 09:52:14.866080+00:00
cztm666.com,AVAILABILITY,origin.list,2026-10-01 09:52:19.032374+00:00
porn123.xyz,AVAILABILITY,origin.list,2026-10-01 09:52:21.163844+00:00
vrpez.xyz,AVAILABILITY,origin.list,2026-10-01 09:52:25.232499+00:00
a99gaghhmmtk.xyz,AVAILABILITY,origin.list,2026-10-01 09:52:27.399806+00:00
a99ajjffegen.xyz,AVAILABILITY,origin.list,2026-10-01 09:52:31.641381+00:00
c52cjjllxcvb.xyz,AVAILABILITY,origin.list,2026-10-01 09:52:33.743574+00:00
phimsexmy.club,AVAILABILITY,origin.list,2026-10-01 09:52:39.319911+00:00
prostitutkinovosibirskagoal.info,AVAILABILITY,origin.list,2026-10-01 09:52:42.252787+00:00
d52dcciinsnb.xyz,AVAILABILITY,origin.list,2026-10-01 09:52:45.597417+00:00
b52bppiicrcn.xyz,AVAILABILITY,origin.list,2026-10-01 09:52:48.631078+00:00
cjgccnnrruiop.xyz,AVAILABILITY,origin.list,2026-10-01 09:52:51.911764+00:00
cjgccjjllxcvb.xyz,AVAILABILITY,origin.list,2026-10-01 09:52:54.957733+00:00
e52essggtztv.xyz,AVAILABILITY,origin.list,2026-10-01 09:52:58.255468+00:00
d99dkkuuasdf.xyz,AVAILABILITY,origin.list,2026-10-01 09:53:01.258558+00:00
f52fyyllthtb.xyz,AVAILABILITY,origin.list,2026-10-01 09:53:04.546605+00:00
phimsexhay.club,AVAILABILITY,origin.list,2026-10-01 09:53:08.299306+00:00
gxxgyysswxyz.xyz,AVAILABILITY,origin.list,2026-10-01 09:53:10.885577+00:00
dhmmdosszzjj.xyz,AVAILABILITY,origin.list,2026-10-01 09:53:14.534235+00:00
d99dcciinsnb.xyz,AVAILABILITY,origin.list,2026-10-01 09:53:17.265058+00:00
g52grrkkbtqm.xyz,AVAILABILITY,origin.list,2026-10-01 09:53:20.816448+00:00
hcb9rhreeppmn.xyz,AVAILABILITY,origin.list,2026-10-01 09:53:23.555604+00:00
g52gppwwzxcv.xyz,AVAILABILITY,origin.list,2026-10-01 09:53:29.908742+00:00
hhmhaaxxzxcv.xyz,AVAILABILITY,origin.list,2026-10-01 09:53:36.280829+00:00
h99hddiihijk.xyz,AVAILABILITY,origin.list,2026-10-01 09:53:42.612423+00:00
gayporn.xn--6frz82g,AVAILABILITY,origin.list,2026-10-01 09:53:49.220139+00:00
hhmhddiihijk.xyz,AVAILABILITY,origin.list,2026-10-01 09:53:55.485650+00:00
ihmrirbbffss.xyz,AVAILABILITY,origin.list,2026-10-01 09:54:01.792203+00:00
g52gttzzasjm.xyz,AVAILABILITY,origin.list,2026-10-01 09:54:08.109432+00:00
hxxhddiihijk.xyz,AVAILABILITY,origin.list,2026-10-01 09:54:14.686901+00:00
sexgaixinh.pro,AVAILABILITY,origin.list,2026-10-01 09:54:24.174973+00:00
j99ujuttqqbz.xyz,AVAILABILITY,origin.list,2026-10-01 09:54:30.582938+00:00
hjgchyyffzqzi.xyz,AVAILABILITY,origin.list,2026-10-01 09:54:37.204600+00:00
i52izzffqmqt.xyz,AVAILABILITY,origin.list,2026-10-01 09:54:43.480510+00:00
pantyhosejobs.com,AVAILABILITY,origin.list,2026-10-01 09:54:46.384892+00:00
phimsexteen.top,AVAILABILITY,origin.list,2026-10-01 09:54:50.953526+00:00
bjbyyg.com,AVAILABILITY,origin.list,2026-10-01 09:54:52.480532+00:00
j99jqqzzbrbs.xyz,AVAILABILITY,origin.list,2026-10-01 09:54:57.338072+00:00
phim-xec.pro,AVAILABILITY,origin.list,2026-10-01 09:55:00.067793+00:00
hsyaguan.com,AVAILABILITY,origin.list,2026-10-01 09:55:03.315492+00:00
jhmrjrooyyss.xyz,AVAILABILITY,origin.list,2026-10-01 09:55:06.324535+00:00
k52dkdbbvbyt.xyz,AVAILABILITY,origin.list,2026-10-01 09:55:09.732418+00:00
jhmujteebbgg.xyz,AVAILABILITY,origin.list,2026-10-01 09:55:12.704846+00:00
l52lyyeewert.xyz,AVAILABILITY,origin.list,2026-10-01 09:55:16.233901+00:00
kjgcmkmhhvvss.xyz,AVAILABILITY,origin.list,2026-10-01 09:55:19.319552+00:00
prostitutkinizhnegonovgorodacool.com,AVAILABILITY,origin.list,2026-10-01 09:55:22.412377+00:00
kxxdkdvvggss.xyz,AVAILABILITY,origin.list,2026-10-01 09:55:25.594546+00:00
n52nqqjjzgzk.xyz,AVAILABILITY,origin.list,2026-10-01 09:55:29.061582+00:00
lhmtltwwbbzz.xyz,AVAILABILITY,origin.list,2026-10-01 09:55:31.960670+00:00
lhmrlrffhhcc.xyz,AVAILABILITY,origin.list,2026-10-01 09:55:35.382733+00:00
kxxkffxxcvbn.xyz,AVAILABILITY,origin.list,2026-10-01 09:55:38.278275+00:00
n99neeccjaje.xyz,AVAILABILITY,origin.list,2026-10-01 09:55:41.654099+00:00
khmdkdvvggss.xyz,AVAILABILITY,origin.list,2026-10-01 09:55:44.576480+00:00
phmxpxaajjtt.xyz,AVAILABILITY,origin.list,2026-10-01 09:55:47.992768+00:00
prostitutkiekaterinburgavisit.com,AVAILABILITY,origin.list,2026-10-01 09:55:50.623826+00:00
nudephotos.pro,AVAILABILITY,origin.list,2026-10-01 09:55:56.222407+00:00
prostitutkinovosibirskaboom.net,AVAILABILITY,origin.list,2026-10-01 09:55:56.542581+00:00
prostitutkikazanisuck.net,AVAILABILITY,origin.list,2026-10-01 09:56:02.316757+00:00
p99pccqqjfjv.xyz,AVAILABILITY,origin.list,2026-10-01 09:56:02.851851+00:00
qjgcqiinnvtva.xyz,AVAILABILITY,origin.list,2026-10-01 09:56:08.635246+00:00
xxxv.us,AVAILABILITY,origin.list,2026-10-01 09:56:09.976063+00:00
nhmynyqquudd.xyz,AVAILABILITY,origin.list,2026-10-01 09:56:14.967423+00:00
p52pccqqjfjv.xyz,AVAILABILITY,origin.list,2026-10-01 09:56:16.322047+00:00
p52paaccwsxc.xyz,AVAILABILITY,origin.list,2026-10-01 09:56:21.261223+00:00
phmpttrrdfgh.xyz,AVAILABILITY,origin.list,2026-10-01 09:56:22.765910+00:00
s99sbbrrzizh.xyz,AVAILABILITY,origin.list,2026-10-01 09:56:27.656301+00:00
s52sxxbbtyui.xyz,AVAILABILITY,origin.list,2026-10-01 09:56:29.059304+00:00
xxxsvetka.com,AVAILABILITY,origin.list,2026-10-01 09:56:33.690783+00:00
r52rnniihxhz.xyz,AVAILABILITY,origin.list,2026-10-01 09:56:35.393277+00:00
kstzj.com,AVAILABILITY,origin.list,2026-10-01 09:56:39.654188+00:00
jin-cn.com,AVAILABILITY,origin.list,2026-10-01 09:56:41.540519+00:00
sxxsbbrrzizh.xyz,AVAILABILITY,origin.list,2026-10-01 09:56:45.960869+00:00
rexiaotuan.com,AVAILABILITY,origin.list,2026-10-01 09:56:47.435544+00:00
xxxlatinka.com,AVAILABILITY,origin.list,2026-10-01 09:56:51.907861+00:00
y52ygrrdmdk.xyz,AVAILABILITY,origin.list,2026-10-01 09:56:54.210623+00:00
lushuihe.net,AVAILABILITY,origin.list,2026-10-01 09:56:57.914612+00:00
u52ubbjjsgsj.xyz,AVAILABILITY,origin.list,2026-10-01 09:57:00.437795+00:00
z52zjjuuidiv.xyz,AVAILABILITY,origin.list,2026-10-01 09:57:04.188087+00:00
200251.com,AVAILABILITY,origin.list,2026-10-01 09:57:06.534784+00:00
t99tkkzzedcv.xyz,AVAILABILITY,origin.list,2026-10-01 09:57:12.775902+00:00
xxxkezka.com,AVAILABILITY,origin.list,2026-10-01 09:57:18.792919+00:00
shanyuetouzi.com,AVAILABILITY,origin.list,2026-10-01 09:57:24.811486+00:00
prostitutkivoronezhalucky.net,AVAILABILITY,origin.list,2026-10-01 09:57:30.806345+00:00
teenxxxvideos.net,AVAILABILITY,origin.list,2026-10-01 09:57:36.892864+00:00
j52ujteebbgg.xyz,AVAILABILITY,origin.list,2026-10-01 09:57:43.312445+00:00
shotvids.com,AVAILABILITY,origin.list,2026-10-01 09:57:49.340007+00:00
kmboly.com,AVAILABILITY,origin.list,2026-10-01 09:57:55.362354+00:00
ydslc.com,AVAILABILITY,origin.list,2026-10-01 09:58:01.281791+00:00
91dongnanya.com,AVAILABILITY,origin.list,2026-10-01 09:58:07.325139+00:00
xxxsefan.com,AVAILABILITY,origin.list,2026-10-01 09:58:13.294660+00:00
kku34.com,AVAILABILITY,origin.list,2026-10-01 09:58:19.396870+00:00
javagv.biz,AVAILABILITY,origin.list,2026-10-01 09:58:26.594676+00:00
pantyhose1.com,AVAILABILITY,origin.list,2026-10-01 09:58:29.771683+00:00
bjgangtongda.com,AVAILABILITY,origin.list,2026-10-01 09:58:32.710831+00:00
insidepersonalgrowth.net,AVAILABILITY,origin.list,2026-10-01 09:58:36.002782+00:00
bjtxjy.com,AVAILABILITY,origin.list,2026-10-01 09:58:38.839413+00:00
zhonghangzm.com,AVAILABILITY,origin.list,2026-10-01 09:58:42.144183+00:00
datefriendsonline.com,AVAILABILITY,origin.list,2026-10-01 10:05:34.607563+00:00
phimxx.xyz,AVAILABILITY,origin.list,2026-10-01 10:05:34.890805+00:00
kku51.com,AVAILABILITY,origin.list,2026-10-01 10:05:40.457419+00:00
kkw57.com,AVAILABILITY,origin.list,2026-10-01 10:05:40.573903+00:00
y99ygrrdmdk.xyz,AVAILABILITY,origin.list,2026-10-01 10:05:46.344863+00:00
prostitutkirostovastart.info,AVAILABILITY,origin.list,2026-10-01 10:05:51.739294+00:00
k52dkdvvggss.xyz,AVAILABILITY,origin.list,2026-10-01 10:05:52.197540+00:00
szhuangma.com,AVAILABILITY,origin.list,2026-10-01 10:05:57.554554+00:00
nbwaver.com,AVAILABILITY,origin.list,2026-10-01 10:05:58.200877+00:00
kmkpl.com,AVAILABILITY,origin.list,2026-10-01 10:06:03.360873+00:00
pxsytc.com,AVAILABILITY,origin.list,2026-10-01 10:06:03.986129+00:00
topjc.net,AVAILABILITY,origin.list,2026-10-01 10:06:09.246671+00:00
phimsexhanquoc.xyz,AVAILABILITY,origin.list,2026-10-01 10:06:09.834684+00:00
hbxnzjqiuchunlin.com,AVAILABILITY,origin.list,2026-10-01 10:06:14.831056+00:00
pornfury.com,AVAILABILITY,origin.list,2026-10-01 10:06:15.468217+00:00
vintagepornclips.net,AVAILABILITY,origin.list,2026-10-01 10:06:20.506399+00:00
lmlljm.com,AVAILABILITY,origin.list,2026-10-01 10:06:21.245457+00:00
hnmlkj.com,AVAILABILITY,origin.list,2026-10-01 10:06:26.190684+00:00
shmdzh.com,AVAILABILITY,origin.list,2026-10-01 10:06:26.936820+00:00
hnfanrong.com,AVAILABILITY,origin.list,2026-10-01 10:06:32.002549+00:00
medqxcn.com,AVAILABILITY,origin.list,2026-10-01 10:06:32.817375+00:00
rujiafc.com,AVAILABILITY,origin.list,2026-10-01 10:06:37.868013+00:00
66gegedidi.com,AVAILABILITY,origin.list,2026-10-01 10:06:38.552802+00:00
tynm999.com,AVAILABILITY,origin.list,2026-10-01 10:06:43.581067+00:00
clipdit.xyz,AVAILABILITY,origin.list,2026-10-01 10:06:44.445048+00:00
csdjcom.com,AVAILABILITY,origin.list,2026-10-01 10:06:49.283949+00:00
pornotube.name,AVAILABILITY,origin.list,2026-10-01 10:06:50.146516+00:00
3geasy.net,AVAILABILITY,origin.list,2026-10-01 10:06:55.974792+00:00
asian.fan,AVAILABILITY,origin.list,2026-10-01 10:06:56.595917+00:00
0411jcy.com,AVAILABILITY,origin.list,2026-10-01 10:07:01.723369+00:00
osure.net,AVAILABILITY,origin.list,2026-10-01 10:07:02.365628+00:00
xxxmobik.com,AVAILABILITY,origin.list,2026-10-01 10:07:07.508498+00:00
b9428.com,AVAILABILITY,origin.list,2026-10-01 10:07:08.011046+00:00
0556hn.com,AVAILABILITY,origin.list,2026-10-01 10:07:13.181684+00:00
0432123.com,AVAILABILITY,origin.list,2026-10-01 10:07:13.874962+00:00
12580178.com,AVAILABILITY,origin.list,2026-10-01 10:07:18.779677+00:00
508.la,AVAILABILITY,origin.list,2026-10-01 10:07:20.332280+00:00
096586.com,AVAILABILITY,origin.list,2026-10-01 10:07:26.020117+00:00
zhouzhijun.cn,AVAILABILITY,origin.list,2026-10-01 10:07:28.808893+00:00
010tianqi.com,AVAILABILITY,origin.list,2026-10-01 10:07:31.690636+00:00
360344.com,AVAILABILITY,origin.list,2026-10-01 10:07:34.418280+00:00
177japan.com,AVAILABILITY,origin.list,2026-10-01 10:07:37.514134+00:00
400730.com,AVAILABILITY,origin.list,2026-10-01 10:07:40.041506+00:00
18-year-old.net,AVAILABILITY,origin.list,2026-10-01 10:07:43.169435+00:00
256560.com,AVAILABILITY,origin.list,2026-10-01 10:07:45.625206+00:00
400536.com,AVAILABILITY,origin.list,2026-10-01 10:07:48.805410+00:00
149526.com,AVAILABILITY,origin.list,2026-10-01 10:07:51.261792+00:00
javdep.pro,AVAILABILITY,origin.list,2026-10-01 10:07:54.398316+00:00
44120.net,AVAILABILITY,origin.list,2026-10-01 10:07:56.875055+00:00
7bbw.com,AVAILABILITY,origin.list,2026-10-01 10:08:00.075894+00:00
200415.com,AVAILABILITY,origin.list,2026-10-01 10:08:02.538104+00:00
77274.net,AVAILABILITY,origin.list,2026-10-01 10:08:05.667228+00:00
86sns.com,AVAILABILITY,origin.list,2026-10-01 10:08:08.159407+00:00
50maturetube.com,AVAILABILITY,origin.list,2026-10-01 10:08:11.334970+00:00
502236.com,AVAILABILITY,origin.list,2026-10-01 10:08:13.867142+00:00
90chihuo.com,AVAILABILITY,origin.list,2026-10-01 10:08:16.945257+00:00
592moto.com,AVAILABILITY,origin.list,2026-10-01 10:08:22.642864+00:00
67xjj.com,AVAILABILITY,origin.list,2026-10-01 10:08:28.310675+00:00
692701.com,AVAILABILITY,origin.list,2026-10-01 10:08:34.063141+00:00
aac46.com,AVAILABILITY,origin.list,2026-10-01 10:08:39.725645+00:00
8309i.com,AVAILABILITY,origin.list,2026-10-01 10:08:45.397929+00:00
700930.com,AVAILABILITY,origin.list,2026-10-01 10:08:51.075277+00:00
a8382.com,AVAILABILITY,origin.list,2026-10-01 10:08:56.782933+00:00
aab74.com,AVAILABILITY,origin.list,2026-10-01 10:09:02.624768+00:00
aak39.com,AVAILABILITY,origin.list,2026-10-01 10:09:08.477753+00:00
aac49.com,AVAILABILITY,origin.list,2026-10-01 10:09:14.319895+00:00
aad46.com,AVAILABILITY,origin.list,2026-10-01 10:09:19.961857+00:00
aac78.com,AVAILABILITY,origin.list,2026-10-01 10:09:25.727690+00:00
aak24.com,AVAILABILITY,origin.list,2026-10-01 10:09:31.548253+00:00
aam65.com,AVAILABILITY,origin.list,2026-10-01 10:09:37.324605+00:00
shemalesfuckguys.com,AVAILABILITY,origin.list,2026-10-01 10:09:39.507517+00:00
aak34.com,AVAILABILITY,origin.list,2026-10-01 10:09:43.205465+00:00
aam39.com,AVAILABILITY,origin.list,2026-10-01 10:09:45.222246+00:00
95public.com,AVAILABILITY,origin.list,2026-10-01 10:09:50.864686+00:00
oldmaturepost.info,AVAILABILITY,origin.list,2026-10-01 10:09:53.196717+00:00
aam85.com,AVAILABILITY,origin.list,2026-10-01 10:09:56.716033+00:00
aak46.com,AVAILABILITY,origin.list,2026-10-01 10:09:58.999926+00:00
aam84.com,AVAILABILITY,origin.list,2026-10-01 10:10:02.609055+00:00
aam74.com,AVAILABILITY,origin.list,2026-10-01 10:10:04.636158+00:00
aam79.com,AVAILABILITY,origin.list,2026-10-01 10:10:08.330050+00:00
aan84.com,AVAILABILITY,origin.list,2026-10-01 10:10:10.299052+00:00
aan48.com,AVAILABILITY,origin.list,2026-10-01 10:10:14.197958+00:00
aam36.com,AVAILABILITY,origin.list,2026-10-01 10:10:16.153725+00:00
aan42.com,AVAILABILITY,origin.list,2026-10-01 10:10:19.804432+00:00
aan95.com,AVAILABILITY,origin.list,2026-10-01 10:10:21.928299+00:00
aap42.com,AVAILABILITY,origin.list,2026-10-01 10:10:25.454147+00:00
aap53.com,AVAILABILITY,origin.list,2026-10-01 10:10:27.628792+00:00
aap29.com,AVAILABILITY,origin.list,2026-10-01 10:10:31.295275+00:00
aap79.com,AVAILABILITY,origin.list,2026-10-01 10:10:33.386961+00:00
aap34.com,AVAILABILITY,origin.list,2026-10-01 10:10:37.098389+00:00
aan35.com,AVAILABILITY,origin.list,2026-10-01 10:10:39.157680+00:00
aap57.com,AVAILABILITY,origin.list,2026-10-01 10:10:42.713354+00:00
aas09.com,AVAILABILITY,origin.list,2026-10-01 10:10:44.869690+00:00
aaq15.com,AVAILABILITY,origin.list,2026-10-01 10:10:48.363840+00:00
ahdxdz.com,AVAILABILITY,origin.list,2026-10-01 10:10:50.598633+00:00
aap72.com,AVAILABILITY,origin.list,2026-10-01 10:10:54.055435+00:00
aas06.com,AVAILABILITY,origin.list,2026-10-01 10:10:56.384078+00:00
aat31.com,AVAILABILITY,origin.list,2026-10-01 10:11:02.055766+00:00
aat35.com,AVAILABILITY,origin.list,2026-10-01 10:11:07.721326+00:00
arabpornsex.com,AVAILABILITY,origin.list,2026-10-01 10:11:13.463378+00:00
ahpaiya.com,AVAILABILITY,origin.list,2026-10-01 10:11:19.167326+00:00
freakgrannyporn.info,AVAILABILITY,origin.list,2026-10-01 10:11:27.487074+00:00
aszcqm.com,AVAILABILITY,origin.list,2026-10-01 10:11:33.177475+00:00
asiannporn.com,AVAILABILITY,origin.list,2026-10-01 10:11:38.871490+00:00
straponpower.com,AVAILABILITY,origin.list,2026-10-01 10:12:19.564687+00:00
aoebbs.com,AVAILABILITY,origin.list,2026-10-01 10:12:25.310988+00:00
aau36.com,AVAILABILITY,origin.list,2026-10-01 10:12:31.072644+00:00
anbeizi.com,AVAILABILITY,origin.list,2026-10-01 10:12:36.788330+00:00
alogaigoi.com,AVAILABILITY,origin.list,2026-10-01 10:12:42.469556+00:00
babytimemachine.com,AVAILABILITY,origin.list,2026-10-01 10:12:48.173665+00:00
jnjbkyj.com,AVAILABILITY,origin.list,2026-10-01 10:12:53.781769+00:00
asiansexlist.com,AVAILABILITY,origin.list,2026-10-01 10:12:59.432287+00:00
shemalescreen.com,AVAILABILITY,origin.list,2026-10-01 10:13:04.373894+00:00
alogaigoidem.com,AVAILABILITY,origin.list,2026-10-01 10:13:05.354398+00:00
baidu-spkj.com,AVAILABILITY,origin.list,2026-10-01 10:13:10.214185+00:00
bbd40.com,AVAILABILITY,origin.list,2026-10-01 10:13:11.114130+00:00
bba73.com,AVAILABILITY,origin.list,2026-10-01 10:13:16.048095+00:00
bbk59.com,AVAILABILITY,origin.list,2026-10-01 10:13:16.800219+00:00
bbj32.com,AVAILABILITY,origin.list,2026-10-01 10:13:21.923571+00:00
bbg29.com,AVAILABILITY,origin.list,2026-10-01 10:13:22.426932+00:00
bbe98.com,AVAILABILITY,origin.list,2026-10-01 10:13:28.147092+00:00
bbk39.com,AVAILABILITY,origin.list,2026-10-01 10:13:33.963889+00:00
phimsexnhat.vip,AVAILABILITY,origin.list,2026-10-01 10:13:36.888475+00:00
bbm38.com,AVAILABILITY,origin.list,2026-10-01 10:13:39.594041+00:00
bbk74.com,AVAILABILITY,origin.list,2026-10-01 10:13:42.582215+00:00
bbk57.com,AVAILABILITY,origin.list,2026-10-01 10:13:45.483257+00:00
bbm59.com,AVAILABILITY,origin.list,2026-10-01 10:13:48.245712+00:00
bbk98.com,AVAILABILITY,origin.list,2026-10-01 10:13:51.553711+00:00
bbu16.com,AVAILABILITY,origin.list,2026-10-01 10:13:53.875760+00:00
bdyongxin.com,AVAILABILITY,origin.list,2026-10-01 10:13:57.399317+00:00
bbm64.com,AVAILABILITY,origin.list,2026-10-01 10:13:59.700125+00:00
bbm93.com,AVAILABILITY,origin.list,2026-10-01 10:14:03.267524+00:00
bbz58.com,AVAILABILITY,origin.list,2026-10-01 10:14:05.441553+00:00
bglmys.com,AVAILABILITY,origin.list,2026-10-01 10:14:09.014214+00:00
analsexvideo.art,AVAILABILITY,origin.list,2026-10-01 10:14:11.278917+00:00
bjlchsz.com,AVAILABILITY,origin.list,2026-10-01 10:14:14.797631+00:00
bjfbz.com,AVAILABILITY,origin.list,2026-10-01 10:14:17.092972+00:00
blogtruyensex.com,AVAILABILITY,origin.list,2026-10-01 10:14:20.497139+00:00
bbn48.com,AVAILABILITY,origin.list,2026-10-01 10:14:22.803048+00:00
bjvcan.com,AVAILABILITY,origin.list,2026-10-01 10:14:26.167524+00:00
biphim18.com,AVAILABILITY,origin.list,2026-10-01 10:14:28.563534+00:00
cfjichuang.com,AVAILABILITY,origin.list,2026-10-01 10:14:31.874215+00:00
chcgc.com,AVAILABILITY,origin.list,2026-10-01 10:14:34.402011+00:00
beiguozhuangyuan.com,AVAILABILITY,origin.list,2026-10-01 10:14:37.552753+00:00
chengdubike.com,AVAILABILITY,origin.list,2026-10-01 10:14:40.056272+00:00
bustyjapanesexxx.com,AVAILABILITY,origin.list,2026-10-01 10:14:43.231004+00:00
familynudistpics.com,AVAILABILITY,origin.list,2026-10-01 10:14:45.752204+00:00
blp89.com,AVAILABILITY,origin.list,2026-10-01 10:14:49.092754+00:00
chengxinfurniture.com,AVAILABILITY,origin.list,2026-10-01 10:14:54.804753+00:00
lontv.tv,AVAILABILITY,origin.list,2026-10-01 10:14:56.310727+00:00
sky-rf.com,AVAILABILITY,origin.list,2026-10-01 10:15:00.682453+00:00
dmm6622.com,AVAILABILITY,origin.list,2026-10-01 10:15:06.362670+00:00
fatfilm.net,AVAILABILITY,origin.list,2026-10-01 10:15:12.027223+00:00
phimnguoilon.xyz,AVAILABILITY,origin.list,2026-10-01 10:15:17.927200+00:00
prostitutkitumenigid.com,AVAILABILITY,origin.list,2026-10-01 10:15:23.687272+00:00
ghmgttzzasjm.xyz,AVAILABILITY,origin.list,2026-10-01 10:15:29.521621+00:00
qimo5.com,AVAILABILITY,origin.list,2026-10-01 10:15:35.304285+00:00
prostitutkimoskvygid.com,AVAILABILITY,origin.list,2026-10-01 10:15:41.114842+00:00
prostitutkivoronezhagid.com,AVAILABILITY,origin.list,2026-10-01 10:15:46.762098+00:00
africanporn.mobi,AVAILABILITY,origin.list,2026-10-01 10:15:54.435350+00:00
zzm03.com,AVAILABILITY,origin.list,2026-10-01 10:16:00.100451+00:00
prostitutkivolgogradagid.com,AVAILABILITY,origin.list,2026-10-01 10:16:05.691025+00:00
boomhentai.com,AVAILABILITY,origin.list,2026-10-01 10:16:11.365290+00:00
hc-bathroom.com,AVAILABILITY,origin.list,2026-10-01 10:16:17.044851+00:00
wiredshemales.com,AVAILABILITY,origin.list,2026-10-01 10:16:21.812398+00:00
zzd33.com,AVAILABILITY,origin.list,2026-10-01 10:16:22.674568+00:00
hentaicb.xyz,AVAILABILITY,origin.list,2026-10-01 10:16:27.783463+00:00
xemsex69.com,AVAILABILITY,origin.list,2026-10-01 10:16:28.454489+00:00
truyenhentaivn.net,AVAILABILITY,origin.list,2026-10-01 10:16:33.407918+00:00
tp658.com,AVAILABILITY,origin.list,2026-10-01 10:16:34.047529+00:00
0769shop.com,AVAILABILITY,origin.list,2026-10-01 10:16:39.018862+00:00
gaystaped.com,AVAILABILITY,origin.list,2026-10-01 10:16:39.683950+00:00
dragslayer.com,AVAILABILITY,origin.list,2026-10-01 10:16:44.628926+00:00
520hdtv.com,AVAILABILITY,origin.list,2026-10-01 10:16:45.311773+00:00
sex69hihi.net,AVAILABILITY,origin.list,2026-10-01 10:16:50.234210+00:00
pussyteensluts.com,AVAILABILITY,origin.list,2026-10-01 10:16:56.210247+00:00
yztmjx.com,AVAILABILITY,origin.list,2026-10-01 10:17:01.915468+00:00
ynshjhb.com,AVAILABILITY,origin.list,2026-10-01 10:17:07.760339+00:00
xajlmdp.com,AVAILABILITY,origin.list,2026-10-01 10:17:13.655883+00:00
bestxvideos.pro,AVAILABILITY,origin.list,2026-10-01 10:17:20.315887+00:00
0931tyl.net,AVAILABILITY,origin.list,2026-10-01 10:17:26.119959+00:00
fimsex.vip,AVAILABILITY,origin.list,2026-10-01 10:17:52.883248+00:00
sextopone.pro,AVAILABILITY,origin.list,2026-10-01 10:17:59.173636+00:00
wushengwujiaju.com,AVAILABILITY,origin.list,2026-10-01 10:18:05.054485+00:00
straponsissies.com,AVAILABILITY,origin.list,2026-10-01 10:18:10.818600+00:00
china-yanyou.com,AVAILABILITY,origin.list,2026-10-01 10:18:10.829438+00:00
bestjavporn.club,AVAILABILITY,origin.list,2026-10-01 10:18:16.551298+00:00
hnyxmy.com,AVAILABILITY,origin.list,2026-10-01 10:18:16.625767+00:00
hzxspt.com,AVAILABILITY,origin.list,2026-10-01 10:18:22.314304+00:00
bhhengli.com,AVAILABILITY,origin.list,2026-10-01 10:18:22.363172+00:00
dmm6633.com,AVAILABILITY,origin.list,2026-10-01 10:18:28.118841+00:00
mayunlu.com,AVAILABILITY,origin.list,2026-10-01 10:18:28.166266+00:00
yhxsz.com,AVAILABILITY,origin.list,2026-10-01 10:18:33.806249+00:00
prostitutkikirovagid.com,AVAILABILITY,origin.list,2026-10-01 10:18:33.934620+00:00
hangao.net,AVAILABILITY,origin.list,2026-10-01 10:18:39.497754+00:00
hbjgsyks.com,AVAILABILITY,origin.list,2026-10-01 10:18:39.724986+00:00
hotmilfshome.com,AVAILABILITY,origin.list,2026-10-01 10:18:45.183021+00:00
wpjzx.com,AVAILABILITY,origin.list,2026-10-01 10:18:46.189054+00:00
zscychina.com,AVAILABILITY,origin.list,2026-10-01 10:18:51.859612+00:00
prostitutkikrasnodarasex.info,AVAILABILITY,origin.list,2026-10-01 10:18:52.941351+00:00
phimsexvideos.top,AVAILABILITY,origin.list,2026-10-01 10:18:58.576913+00:00
ttav67.com,AVAILABILITY,origin.list,2026-10-01 10:18:58.617011+00:00
cnzoji.com,AVAILABILITY,origin.list,2026-10-01 10:19:04.216760+00:00
public-voyeur.com,AVAILABILITY,origin.list,2026-10-01 10:19:04.296262+00:00
phimsex99.org,AVAILABILITY,origin.list,2026-10-01 10:19:12.085601+00:00
dianzi365.net,AVAILABILITY,origin.list,2026-10-01 10:26:05.865951+00:00
videosdebrasileiras.com.br,AVAILABILITY,origin.list,2026-10-01 10:26:06.749157+00:00
fh850.com,AVAILABILITY,origin.list,2026-10-01 10:26:11.882235+00:00
qingruxu.net,AVAILABILITY,origin.list,2026-10-01 10:26:12.837477+00:00
yizu98.com,AVAILABILITY,origin.list,2026-10-01 10:26:17.906884+00:00
huxuan.net,AVAILABILITY,origin.list,2026-10-01 10:26:23.790164+00:00
www.sextopone.pro,AVAILABILITY,origin.list,2026-10-01 10:26:23.859713+00:00
27host.com,AVAILABILITY,origin.list,2026-10-01 10:26:29.701595+00:00
asianteenporn.pro,AVAILABILITY,origin.list,2026-10-01 10:26:30.880292+00:00
ftbilu.com,AVAILABILITY,origin.list,2026-10-01 10:26:35.715583+00:00
acodeku.com,AVAILABILITY,origin.list,2026-10-01 10:26:36.952594+00:00
porn-x-videos.com,AVAILABILITY,origin.list,2026-10-01 10:26:42.802807+00:00
prostitutkitumenisex.info,AVAILABILITY,origin.list,2026-10-01 10:26:43.893125+00:00
porn-clips.net,AVAILABILITY,origin.list,2026-10-01 10:26:48.784571+00:00
56tuike.com,AVAILABILITY,origin.list,2026-10-01 10:26:49.734518+00:00
prostitutkiomskasex.info,AVAILABILITY,origin.list,2026-10-01 10:26:55.552477+00:00
712333com.com,AVAILABILITY,origin.list,2026-10-01 10:26:55.634045+00:00
best-xxx-videos.com,AVAILABILITY,origin.list,2026-10-01 10:27:01.462482+00:00
gaigoi79.top,AVAILABILITY,origin.list,2026-10-01 10:27:02.253051+00:00
prostitutkiufysex.info,AVAILABILITY,origin.list,2026-10-01 10:27:10.353419+00:00
maturemoms.pro,AVAILABILITY,origin.list,2026-10-01 10:27:13.192558+00:00
vintagepornfreak.com,AVAILABILITY,origin.list,2026-10-01 10:27:16.302029+00:00
jizzwap.net,AVAILABILITY,origin.list,2026-10-01 10:27:19.044266+00:00
webstermba.com,AVAILABILITY,origin.list,2026-10-01 10:27:24.911308+00:00
hairyteenpics.pro,AVAILABILITY,origin.list,2026-10-01 10:27:26.058279+00:00
645130.com,AVAILABILITY,origin.list,2026-10-01 10:27:30.723193+00:00
360725.com,AVAILABILITY,origin.list,2026-10-01 10:27:32.027464+00:00
monsterlust3d.com,AVAILABILITY,origin.list,2026-10-01 10:27:36.547390+00:00
vavporn.com,AVAILABILITY,origin.list,2026-10-01 10:27:37.849210+00:00
bestdatum.com,AVAILABILITY,origin.list,2026-10-01 10:27:42.343070+00:00
xinaolpg.com,AVAILABILITY,origin.list,2026-10-01 10:27:48.162143+00:00
prostitutkivoronezhasex.info,AVAILABILITY,origin.list,2026-10-01 10:27:50.847628+00:00
neon-china.com,AVAILABILITY,origin.list,2026-10-01 10:27:54.027166+00:00
phim-heo.cc,AVAILABILITY,origin.list,2026-10-01 10:27:56.830068+00:00
58yht.net,AVAILABILITY,origin.list,2026-10-01 10:27:59.906519+00:00
zuoshaotang.com,AVAILABILITY,origin.list,2026-10-01 10:28:05.713322+00:00
hugetits4u.net,AVAILABILITY,origin.list,2026-10-01 10:28:11.581296+00:00
xxxadultmarket.com,AVAILABILITY,origin.list,2026-10-01 10:28:12.832641+00:00
cordsex.com,AVAILABILITY,origin.list,2026-10-01 10:28:17.453762+00:00
mxsjf.com,AVAILABILITY,origin.list,2026-10-01 10:28:18.673225+00:00
furongtai.com,AVAILABILITY,origin.list,2026-10-01 10:28:23.339391+00:00
xazhsj.com,AVAILABILITY,origin.list,2026-10-01 10:28:24.518121+00:00
wenyiwuyou.com,AVAILABILITY,origin.list,2026-10-01 10:28:29.156552+00:00
sddpf.net,AVAILABILITY,origin.list,2026-10-01 10:28:35.024174+00:00
s492.vip,AVAILABILITY,origin.list,2026-10-01 10:28:37.463981+00:00
mtt60.com,AVAILABILITY,origin.list,2026-10-01 10:28:40.882446+00:00
52weizheng.com,AVAILABILITY,origin.list,2026-10-01 10:28:43.391287+00:00
mtt59.com,AVAILABILITY,origin.list,2026-10-01 10:28:46.683171+00:00
mtt76.com,AVAILABILITY,origin.list,2026-10-01 10:28:49.403615+00:00
mtt98.com,AVAILABILITY,origin.list,2026-10-01 10:28:52.505215+00:00
mtt70.com,AVAILABILITY,origin.list,2026-10-01 10:28:55.224205+00:00
parfumsfukudo.com,AVAILABILITY,origin.list,2026-10-01 10:28:58.335442+00:00
cougar-porn.com,AVAILABILITY,origin.list,2026-10-01 10:29:01.030182+00:00
mtt95.com,AVAILABILITY,origin.list,2026-10-01 10:29:04.153806+00:00
2048datatw.net,AVAILABILITY,origin.list,2026-10-01 10:29:06.942034+00:00
prostitutkimsk1.com,AVAILABILITY,origin.list,2026-10-01 10:29:09.997563+00:00
200293.com,AVAILABILITY,origin.list,2026-10-01 10:29:12.787290+00:00
all-xhamster.com,AVAILABILITY,origin.list,2026-10-01 10:29:15.854027+00:00
rhhye.com,AVAILABILITY,origin.list,2026-10-01 10:29:18.629870+00:00
nakedsexywomen.com,AVAILABILITY,origin.list,2026-10-01 10:29:21.693049+00:00
sexyshmexy.com,AVAILABILITY,origin.list,2026-10-01 10:29:24.469506+00:00
3iauto.net,AVAILABILITY,origin.list,2026-10-01 10:29:27.758368+00:00
airenhe.net,AVAILABILITY,origin.list,2026-10-01 10:29:30.537527+00:00
mtt80.com,AVAILABILITY,origin.list,2026-10-01 10:29:33.788830+00:00
teennob.com,AVAILABILITY,origin.list,2026-10-01 10:29:36.414883+00:00
op178.com,AVAILABILITY,origin.list,2026-10-01 10:29:39.759836+00:00
bimenorgy.com,AVAILABILITY,origin.list,2026-10-01 10:29:42.465157+00:00
hayvkl.xyz,AVAILABILITY,origin.list,2026-10-01 10:29:46.017118+00:00
77777mall.com,AVAILABILITY,origin.list,2026-10-01 10:29:48.301277+00:00
hilbertec.net,AVAILABILITY,origin.list,2026-10-01 10:29:54.197900+00:00
nmrdo.com,AVAILABILITY,origin.list,2026-10-01 10:30:00.155307+00:00
omgteenies.com,AVAILABILITY,origin.list,2026-10-01 10:30:02.068880+00:00
hnchengzhida.com,AVAILABILITY,origin.list,2026-10-01 10:30:07.878218+00:00
picsfuck.org,AVAILABILITY,origin.list,2026-10-01 10:30:16.406837+00:00
shajiabanggy.com,AVAILABILITY,origin.list,2026-10-01 10:30:22.230406+00:00
thinktinkers.com,AVAILABILITY,origin.list,2026-10-01 10:30:28.106894+00:00
chewuyunji.com,AVAILABILITY,origin.list,2026-10-01 10:30:33.962530+00:00
apr-belt.com,AVAILABILITY,origin.list,2026-10-01 10:30:39.802906+00:00
filipinapornphotos.com,AVAILABILITY,origin.list,2026-10-01 10:30:45.673835+00:00
asianpornonline.com,AVAILABILITY,origin.list,2026-10-01 10:30:51.470483+00:00
haiguizuche.com,AVAILABILITY,origin.list,2026-10-01 10:30:57.298717+00:00
jutangmetals.com,AVAILABILITY,origin.list,2026-10-01 10:31:03.170499+00:00
mdxjxl.com,AVAILABILITY,origin.list,2026-10-01 10:31:09.156742+00:00
javvietnam.net,AVAILABILITY,origin.list,2026-10-01 10:31:15.139734+00:00
wetasianbeauties.com,AVAILABILITY,origin.list,2026-10-01 10:31:20.993369+00:00
anal-pantyhose.com,AVAILABILITY,origin.list,2026-10-01 10:31:25.926390+00:00
1000yiqi.com,AVAILABILITY,origin.list,2026-10-01 10:31:31.806524+00:00
hentaiteca.net,AVAILABILITY,origin.list,2026-10-01 10:31:36.984279+00:00
clipnong.online,AVAILABILITY,origin.list,2026-10-01 10:31:37.759622+00:00
fangxingfoods.com,AVAILABILITY,origin.list,2026-10-01 10:31:42.829313+00:00
hbthzj.com,AVAILABILITY,origin.list,2026-10-01 10:31:43.706481+00:00
948945.com,AVAILABILITY,origin.list,2026-10-01 10:31:48.751858+00:00
prostitutkichelyabinskahot.com,AVAILABILITY,origin.list,2026-10-01 10:31:49.533470+00:00
prostitutkikazanihot.com,AVAILABILITY,origin.list,2026-10-01 10:31:54.563855+00:00
haoa22.com,AVAILABILITY,origin.list,2026-10-01 10:31:55.461196+00:00
zhejiangjichuang.com,AVAILABILITY,origin.list,2026-10-01 10:32:01.320301+00:00
javmienphi.live,AVAILABILITY,origin.list,2026-10-01 10:32:04.322042+00:00
phimhay.pro,AVAILABILITY,origin.list,2026-10-01 10:32:08.071256+00:00
nudexporn.com,AVAILABILITY,origin.list,2026-10-01 10:32:10.122402+00:00
prostitutkiarhangelskagid.date,AVAILABILITY,origin.list,2026-10-01 10:32:13.961525+00:00
prostitutkibiyskagid.date,AVAILABILITY,origin.list,2026-10-01 10:32:16.037421+00:00
prostitutkichelyabinskagid.date,AVAILABILITY,origin.list,2026-10-01 10:32:21.875595+00:00
shemalevideos.live,AVAILABILITY,origin.list,2026-10-01 10:32:28.643625+00:00
backdoorlesbians.com,AVAILABILITY,origin.list,2026-10-01 10:33:39.566772+00:00
prostitutkiirkutskagid.date,AVAILABILITY,origin.list,2026-10-01 10:33:45.559029+00:00
boyslovematures.com,AVAILABILITY,origin.list,2026-10-01 10:33:54.257900+00:00
ferrocash.com,AVAILABILITY,origin.list,2026-10-01 10:35:11.338087+00:00
gaysissies.com,AVAILABILITY,origin.list,2026-10-01 10:35:20.032262+00:00
prostitutkibarnaulasite.info,AVAILABILITY,origin.list,2026-10-01 10:35:22.331883+00:00
prostitutkihabarovskagid.date,AVAILABILITY,origin.list,2026-10-01 10:35:26.064715+00:00
prostitutkiizhevskagid.date,AVAILABILITY,origin.list,2026-10-01 10:35:28.236719+00:00
prostitutkikemerovogid.date,AVAILABILITY,origin.list,2026-10-01 10:35:31.917979+00:00
teensextube.org,AVAILABILITY,origin.list,2026-10-01 10:35:38.309809+00:00
xxvn.asia,AVAILABILITY,origin.list,2026-10-01 10:35:41.011520+00:00
prostitutkikirovagid.date,AVAILABILITY,origin.list,2026-10-01 10:35:44.145416+00:00
prostitutkiryazanisite.info,AVAILABILITY,origin.list,2026-10-01 10:35:47.776647+00:00
phimsexvn.one,AVAILABILITY,origin.list,2026-10-01 10:35:52.059609+00:00
prostitutkikostromygid.date,AVAILABILITY,origin.list,2026-10-01 10:35:53.608050+00:00
prostitutkikurganagid.date,AVAILABILITY,origin.list,2026-10-01 10:35:57.886699+00:00
prostitutkinaberezhnyechelnygid.date,AVAILABILITY,origin.list,2026-10-01 10:35:59.437716+00:00
prostitutkimagnitogorskagid.date,AVAILABILITY,origin.list,2026-10-01 10:36:03.726568+00:00
prostitutkinizhnegotagilagid.date,AVAILABILITY,origin.list,2026-10-01 10:36:05.278318+00:00
prostitutkiorlagid.date,AVAILABILITY,origin.list,2026-10-01 10:36:09.686531+00:00
prostitutkinizhnevartovskagid.date,AVAILABILITY,origin.list,2026-10-01 10:36:12.127771+00:00
prostitutkipyatigorskagid.date,AVAILABILITY,origin.list,2026-10-01 10:36:15.516670+00:00
prostitutkinovyyurengoygid.date,AVAILABILITY,origin.list,2026-10-01 10:36:18.134022+00:00
prostitutkipetrozavodskagid.date,AVAILABILITY,origin.list,2026-10-01 10:36:21.347051+00:00
prostitutkiryazanigid.date,AVAILABILITY,origin.list,2026-10-01 10:36:24.005926+00:00
prostitutkismolenskagid.date,AVAILABILITY,origin.list,2026-10-01 10:36:27.176762+00:00
prostitutkisterlitamakagid.date,AVAILABILITY,origin.list,2026-10-01 10:36:29.832616+00:00
prostitutkisevastopolyagid.date,AVAILABILITY,origin.list,2026-10-01 10:36:33.026467+00:00
prostitutkisaratovagid.date,AVAILABILITY,origin.list,2026-10-01 10:36:36.682532+00:00
prostitutkistavropolyagid.date,AVAILABILITY,origin.list,2026-10-01 10:36:38.873642+00:00
prostitutkitomskagid.date,AVAILABILITY,origin.list,2026-10-01 10:36:42.677704+00:00
prostitutkitverigid.date,AVAILABILITY,origin.list,2026-10-01 10:36:45.733517+00:00
prostitutkitaganrogagid.date,AVAILABILITY,origin.list,2026-10-01 10:36:48.500046+00:00
prostitutkiulanudegid.date,AVAILABILITY,origin.list,2026-10-01 10:36:51.557524+00:00
prostitutkiulyanovskagid.date,AVAILABILITY,origin.list,2026-10-01 10:36:54.341311+00:00
prostitutkitulygid.date,AVAILABILITY,origin.list,2026-10-01 10:36:57.472229+00:00
prostitutkivladimiragid.date,AVAILABILITY,origin.list,2026-10-01 10:37:03.440998+00:00
honglingfalan.cn,AVAILABILITY,origin.list,2026-10-01 10:37:04.837789+00:00
0898dz.net,AVAILABILITY,origin.list,2026-10-01 10:37:09.267198+00:00
prostitutkiyaltygid.date,AVAILABILITY,origin.list,2026-10-01 10:37:10.698054+00:00
prostitutkivologdygid.date,AVAILABILITY,origin.list,2026-10-01 10:37:15.505893+00:00
prostitutkiyaroslavlyagid.date,AVAILABILITY,origin.list,2026-10-01 10:37:16.668120+00:00
prostitutkivladivostokagid.date,AVAILABILITY,origin.list,2026-10-01 10:37:21.353646+00:00
javhiv.com,AVAILABILITY,origin.list,2026-10-01 10:37:22.471505+00:00
prostitutkibarnaulagid.date,AVAILABILITY,origin.list,2026-10-01 10:37:27.180896+00:00
0710mg.com,AVAILABILITY,origin.list,2026-10-01 10:37:28.328758+00:00
jjqxkt.com,AVAILABILITY,origin.list,2026-10-01 10:37:33.292091+00:00
ziboguangyi.com,AVAILABILITY,origin.list,2026-10-01 10:37:34.383767+00:00
euroboytwink.com,AVAILABILITY,origin.list,2026-10-01 10:37:39.504285+00:00
618314.com,AVAILABILITY,origin.list,2026-10-01 10:37:40.389428+00:00
jzsp54.com,AVAILABILITY,origin.list,2026-10-01 10:37:45.477106+00:00
vcjianda.com,AVAILABILITY,origin.list,2026-10-01 10:37:46.434964+00:00
v100f.com,AVAILABILITY,origin.list,2026-10-01 10:37:51.293427+00:00
wpmeichu.com,AVAILABILITY,origin.list,2026-10-01 10:37:52.556890+00:00
apzhilian.com,AVAILABILITY,origin.list,2026-10-01 10:37:57.250446+00:00
99huli.com,AVAILABILITY,origin.list,2026-10-01 10:37:58.325258+00:00
di583.com,AVAILABILITY,origin.list,2026-10-01 10:38:03.420877+00:00
mhqcxs.com,AVAILABILITY,origin.list,2026-10-01 10:38:04.183426+00:00
thepornvideos.net,AVAILABILITY,origin.list,2026-10-01 10:38:09.254631+00:00
zhenaiyt.com,AVAILABILITY,origin.list,2026-10-01 10:38:10.012401+00:00
tsgxjt.com,AVAILABILITY,origin.list,2026-10-01 10:38:15.111255+00:00
gewdydk.com,AVAILABILITY,origin.list,2026-10-01 10:38:16.111238+00:00
xzmrly.com,AVAILABILITY,origin.list,2026-10-01 10:38:20.980173+00:00
szcatica.com,AVAILABILITY,origin.list,2026-10-01 10:38:22.035965+00:00
taoiz.com,AVAILABILITY,origin.list,2026-10-01 10:38:26.937697+00:00
ruihan-ad.com,AVAILABILITY,origin.list,2026-10-01 10:38:27.817453+00:00
sccdent.net,AVAILABILITY,origin.list,2026-10-01 10:38:32.814367+00:00
gnycw.com,AVAILABILITY,origin.list,2026-10-01 10:38:33.704296+00:00
phimsex-nhatban.pro,AVAILABILITY,origin.list,2026-10-01 10:38:38.579225+00:00
kuailemz.com,AVAILABILITY,origin.list,2026-10-01 10:38:39.586975+00:00
prostitutkiarhangelskasex.date,AVAILABILITY,origin.list,2026-10-01 10:38:44.409430+00:00
prostitutkiadlerasex.date,AVAILABILITY,origin.list,2026-10-01 10:38:45.485761+00:00
prostitutkiabakanasex.date,AVAILABILITY,origin.list,2026-10-01 10:38:50.252799+00:00
prostitutkiastrahanisex.date,AVAILABILITY,origin.list,2026-10-01 10:38:51.319509+00:00
prostitutkibarnaulasex.date,AVAILABILITY,origin.list,2026-10-01 10:38:56.065788+00:00
prostitutkigelendzhykasex.date,AVAILABILITY,origin.list,2026-10-01 10:38:57.139645+00:00
prostitutkibiyskasex.date,AVAILABILITY,origin.list,2026-10-01 10:39:01.916052+00:00
prostitutkiirkutskasex.date,AVAILABILITY,origin.list,2026-10-01 10:39:02.976369+00:00
prostitutkihabarovskasex.date,AVAILABILITY,origin.list,2026-10-01 10:39:07.748837+00:00
prostitutkimagnitogorskasex.date,AVAILABILITY,origin.list,2026-10-01 10:39:08.846714+00:00
prostitutkiizhevskasex.date,AVAILABILITY,origin.list,2026-10-01 10:39:13.602535+00:00
prostitutkijoshkarolysex.date,AVAILABILITY,origin.list,2026-10-01 10:39:14.675591+00:00
prostitutkichelyabinskasex.date,AVAILABILITY,origin.list,2026-10-01 10:39:19.421121+00:00
prostitutkinizhnegotagilasex.date,AVAILABILITY,origin.list,2026-10-01 10:39:20.517353+00:00
polandmap.ru,AVAILABILITY,origin.list,2026-10-01 10:39:25.632589+00:00
prostitutkimurmanskasex.date,AVAILABILITY,origin.list,2026-10-01 10:39:26.362572+00:00
prostitutkinaberezhnyechelnysex.date,AVAILABILITY,origin.list,2026-10-01 10:39:31.485852+00:00
prostitutkiorlasex.date,AVAILABILITY,origin.list,2026-10-01 10:39:32.200764+00:00
prostitutkipenzysex.date,AVAILABILITY,origin.list,2026-10-01 10:39:37.334281+00:00
prostitutkisurgutasex.date,AVAILABILITY,origin.list,2026-10-01 10:46:29.943949+00:00
prostitutkisochisex.date,AVAILABILITY,origin.list,2026-10-01 10:46:30.145993+00:00
prostitutkipetrozavodskasex.date,AVAILABILITY,origin.list,2026-10-01 10:46:35.935484+00:00
prostitutkisimferopolyasex.date,AVAILABILITY,origin.list,2026-10-01 10:46:36.248086+00:00
prostitutkivladimirasex.date,AVAILABILITY,origin.list,2026-10-01 10:46:41.842132+00:00
prostitutkiulanudesex.date,AVAILABILITY,origin.list,2026-10-01 10:46:42.143263+00:00
prostitutkivladivostokasex.date,AVAILABILITY,origin.list,2026-10-01 10:46:47.733118+00:00
prostitutkistavropolyasex.date,AVAILABILITY,origin.list,2026-10-01 10:46:48.205055+00:00
siamfos.com,AVAILABILITY,origin.list,2026-10-01 10:46:53.624817+00:00
prostitutkiyaroslavlyasex.date,AVAILABILITY,origin.list,2026-10-01 10:46:54.150430+00:00
myscjtest.com,AVAILABILITY,origin.list,2026-10-01 10:46:59.617409+00:00
xkgd4.com,AVAILABILITY,origin.list,2026-10-01 10:47:00.059656+00:00
prostitutkiyaltysex.date,AVAILABILITY,origin.list,2026-10-01 10:47:05.670054+00:00
pzp365.com,AVAILABILITY,origin.list,2026-10-01 10:47:05.765088+00:00
wapsoska.com,AVAILABILITY,origin.list,2026-10-01 10:47:11.464156+00:00
huiju123.com,AVAILABILITY,origin.list,2026-10-01 10:47:11.563329+00:00
gzzundu.com,AVAILABILITY,origin.list,2026-10-01 10:47:17.316017+00:00
jsemw678.com,AVAILABILITY,origin.list,2026-10-01 10:47:17.410046+00:00
prostitutkinovosibirskasite.info,AVAILABILITY,origin.list,2026-10-01 10:47:23.091616+00:00
www.xxlprovideo.com,AVAILABILITY,origin.list,2026-10-01 10:47:23.441366+00:00
husihumao.com,AVAILABILITY,origin.list,2026-10-01 10:47:28.793218+00:00
bmrbodytools.com,AVAILABILITY,origin.list,2026-10-01 10:47:29.283196+00:00
sxjhfood.com,AVAILABILITY,origin.list,2026-10-01 10:47:35.029316+00:00
sunporno.pro,AVAILABILITY,origin.list,2026-10-01 10:47:35.816687+00:00
sexgratuit.top,AVAILABILITY,origin.list,2026-10-01 10:47:41.190266+00:00
wltask.com,AVAILABILITY,origin.list,2026-10-01 10:47:41.516074+00:00
prostitutkitaganrogasite.info,AVAILABILITY,origin.list,2026-10-01 10:47:48.066396+00:00
180278.com,AVAILABILITY,origin.list,2026-10-01 10:47:53.827488+00:00
kynuviet.net,AVAILABILITY,origin.list,2026-10-01 10:47:57.524914+00:00
adultvideos.pro,AVAILABILITY,origin.list,2026-10-01 10:48:01.520081+00:00
apply.us.com,AVAILABILITY,origin.list,2026-10-01 10:48:03.255181+00:00
brandytube.com,AVAILABILITY,origin.list,2026-10-01 10:48:07.693481+00:00
asianpussypictures.info,AVAILABILITY,origin.list,2026-10-01 10:48:10.389780+00:00
femdomfreepics.com,AVAILABILITY,origin.list,2026-10-01 10:48:13.508264+00:00
ftpp.net,AVAILABILITY,origin.list,2026-10-01 10:48:16.051240+00:00
gk987.com,AVAILABILITY,origin.list,2026-10-01 10:48:19.182891+00:00
hentaibux.com,AVAILABILITY,origin.list,2026-10-01 10:48:21.873965+00:00
javhd.world,AVAILABILITY,origin.list,2026-10-01 10:48:27.647096+00:00
jiuse9121.com,AVAILABILITY,origin.list,2026-10-01 10:48:33.341809+00:00
liyuanjixie.com,AVAILABILITY,origin.list,2026-10-01 10:48:39.077775+00:00
pl-shemale.xvideos2.com.se,AVAILABILITY,origin.list,2026-10-01 10:48:44.945196+00:00
pornhuv.net,AVAILABILITY,origin.list,2026-10-01 10:48:50.630621+00:00
prostitutkimurmanskacity.com,AVAILABILITY,origin.list,2026-10-01 10:48:56.350220+00:00
prostitutkiramenskoecity.com,AVAILABILITY,origin.list,2026-10-01 10:49:02.204853+00:00
teensexraw.com,AVAILABILITY,origin.list,2026-10-01 10:49:07.994640+00:00
vlxxs.net,AVAILABILITY,origin.list,2026-10-01 10:49:13.749533+00:00
wetpussyporntube.com,AVAILABILITY,origin.list,2026-10-01 10:49:19.529714+00:00
639215.com,AVAILABILITY,origin.list,2026-10-01 10:49:25.204866+00:00
xsex.su,AVAILABILITY,origin.list,2026-10-01 10:49:31.924123+00:00
allnewhouse.com,AVAILABILITY,origin.list,2026-10-01 10:49:37.634312+00:00
eco2shop.com,AVAILABILITY,origin.list,2026-10-01 10:49:43.408979+00:00
kissmatures.com,AVAILABILITY,origin.list,2026-10-01 10:49:44.924913+00:00
lsj205.com,AVAILABILITY,origin.list,2026-10-01 10:49:49.097158+00:00
mtt29.com,AVAILABILITY,origin.list,2026-10-01 10:49:50.686227+00:00
shengjf.com,AVAILABILITY,origin.list,2026-10-01 10:49:54.960011+00:00
soumuwang.com,AVAILABILITY,origin.list,2026-10-01 10:50:00.706787+00:00
quatvn.plus,AVAILABILITY,origin.list,2026-10-01 10:50:06.525758+00:00
videosxxxvenezolanos.top,AVAILABILITY,origin.list,2026-10-01 10:50:12.920076+00:00
zxjinbo.com,AVAILABILITY,origin.list,2026-10-01 10:50:18.767266+00:00
yunshan8.com,AVAILABILITY,origin.list,2026-10-01 10:50:24.617719+00:00
vlxx24h.com,AVAILABILITY,origin.list,2026-10-01 10:50:30.461856+00:00
whxpw.com,AVAILABILITY,origin.list,2026-10-01 10:50:36.318326+00:00
fuyinghotel.com,AVAILABILITY,origin.list,2026-10-01 10:50:42.080731+00:00
ys62.app,AVAILABILITY,origin.list,2026-10-01 10:50:47.957687+00:00
51fishtools.com,AVAILABILITY,origin.list,2026-10-01 10:50:53.640506+00:00
prostitutkismolenskawithin.info,AVAILABILITY,origin.list,2026-10-01 10:51:03.322249+00:00
javgg.sbs,AVAILABILITY,origin.list,2026-10-01 10:51:09.466010+00:00
vlxx24h.net,AVAILABILITY,origin.list,2026-10-01 10:51:15.354666+00:00
lacynylons.com,AVAILABILITY,origin.list,2026-10-01 10:51:16.346496+00:00
hong-hua.com,AVAILABILITY,origin.list,2026-10-01 10:51:21.093415+00:00
brazzersfreesexmovies.com,AVAILABILITY,origin.list,2026-10-01 10:51:22.034636+00:00
edcsolution.com,AVAILABILITY,origin.list,2026-10-01 10:51:26.870103+00:00
hebtimebank.com,AVAILABILITY,origin.list,2026-10-01 10:51:27.817916+00:00
hbymnj.net,AVAILABILITY,origin.list,2026-10-01 10:51:32.735384+00:00
phim.vl9x.net,AVAILABILITY,origin.list,2026-10-01 10:51:33.655074+00:00
qdkemu.com,AVAILABILITY,origin.list,2026-10-01 10:51:38.673218+00:00
hdpornt.pro,AVAILABILITY,origin.list,2026-10-01 10:51:40.653200+00:00
xxxvideor.pro,AVAILABILITY,origin.list,2026-10-01 10:51:46.364806+00:00
sex1.vl9x.net,AVAILABILITY,origin.list,2026-10-01 10:51:46.371833+00:00
hb356.com,AVAILABILITY,origin.list,2026-10-01 10:51:52.232109+00:00
batiksuminar.com,AVAILABILITY,origin.list,2026-10-01 10:51:57.949158+00:00
bywywl.com,AVAILABILITY,origin.list,2026-10-01 10:51:58.051702+00:00
baby0591.com,AVAILABILITY,origin.list,2026-10-01 10:52:03.653941+00:00
czjmgg.com,AVAILABILITY,origin.list,2026-10-01 10:52:09.530582+00:00
hdporn8k.com,AVAILABILITY,origin.list,2026-10-01 10:52:09.645999+00:00
gaidam18.com,AVAILABILITY,origin.list,2026-10-01 10:52:15.352738+00:00
huimeijiaju.com,AVAILABILITY,origin.list,2026-10-01 10:52:15.355550+00:00
incestoporno.pro,AVAILABILITY,origin.list,2026-10-01 10:52:20.977649+00:00
javhd.email,AVAILABILITY,origin.list,2026-10-01 10:52:21.442615+00:00
na855.com,AVAILABILITY,origin.list,2026-10-01 10:52:26.666426+00:00
njxgd.com,AVAILABILITY,origin.list,2026-10-01 10:52:27.171169+00:00
oxxvideo.com,AVAILABILITY,origin.list,2026-10-01 10:52:32.349851+00:00
mephimsex.me,AVAILABILITY,origin.list,2026-10-01 10:52:33.968662+00:00
sex-today.com,AVAILABILITY,origin.list,2026-10-01 10:52:38.091085+00:00
xfbyby.com,AVAILABILITY,origin.list,2026-10-01 10:52:39.644475+00:00
kinglli.com,AVAILABILITY,origin.list,2026-10-01 10:52:43.824618+00:00
15xjj.com,AVAILABILITY,origin.list,2026-10-01 10:52:45.531759+00:00
dydjh.net,AVAILABILITY,origin.list,2026-10-01 10:52:49.522232+00:00
clipvietnam18.com,AVAILABILITY,origin.list,2026-10-01 10:52:51.264684+00:00
11178.net,AVAILABILITY,origin.list,2026-10-01 10:52:55.272997+00:00
tshpxfgc.com,AVAILABILITY,origin.list,2026-10-01 10:52:56.957182+00:00
phims3x.net,AVAILABILITY,origin.list,2026-10-01 10:53:00.978717+00:00
objplus.com,AVAILABILITY,origin.list,2026-10-01 10:53:02.761478+00:00
qinjin77.com,AVAILABILITY,origin.list,2026-10-01 10:53:06.744862+00:00
soo360.com,AVAILABILITY,origin.list,2026-10-01 10:53:08.421158+00:00
nguoilon.top,AVAILABILITY,origin.list,2026-10-01 10:53:12.917358+00:00
wonderfulel.com,AVAILABILITY,origin.list,2026-10-01 10:53:14.123461+00:00
yyutt.com,AVAILABILITY,origin.list,2026-10-01 10:53:18.679133+00:00
jcyzx.com,AVAILABILITY,origin.list,2026-10-01 10:53:19.769926+00:00
th-ceres.com,AVAILABILITY,origin.list,2026-10-01 10:53:24.425915+00:00
choidangcap.pro,AVAILABILITY,origin.list,2026-10-01 10:53:26.816757+00:00
92ew.com,AVAILABILITY,origin.list,2026-10-01 10:53:30.133141+00:00
oxyporn.com,AVAILABILITY,origin.list,2026-10-01 10:53:32.587232+00:00
maturefuckyoung.net,AVAILABILITY,origin.list,2026-10-01 10:53:36.014758+00:00
nlpxy.net,AVAILABILITY,origin.list,2026-10-01 10:53:38.242112+00:00
gagww.com,AVAILABILITY,origin.list,2026-10-01 10:53:41.749824+00:00
pzszj.com,AVAILABILITY,origin.list,2026-10-01 10:53:43.971985+00:00
tuan9988.com,AVAILABILITY,origin.list,2026-10-01 10:53:47.434134+00:00
cngases.com,AVAILABILITY,origin.list,2026-10-01 10:53:49.665977+00:00
127958.com,AVAILABILITY,origin.list,2026-10-01 10:53:53.260364+00:00
fulltubexxx.pro,AVAILABILITY,origin.list,2026-10-01 10:53:56.559441+00:00
hnsjzsw.com,AVAILABILITY,origin.list,2026-10-01 10:53:59.056621+00:00
dosexvideo.pro,AVAILABILITY,origin.list,2026-10-01 10:54:04.539774+00:00
lydysm.com,AVAILABILITY,origin.list,2026-10-01 10:54:04.793928+00:00
co2ph.com,AVAILABILITY,origin.list,2026-10-01 10:54:10.371022+00:00
taiersuancai.cn,AVAILABILITY,origin.list,2026-10-01 10:54:15.016234+00:00
meijinli.com,AVAILABILITY,origin.list,2026-10-01 10:54:16.275418+00:00
qundiaohulu.com,AVAILABILITY,origin.list,2026-10-01 10:54:20.721399+00:00
typaotui.com,AVAILABILITY,origin.list,2026-10-01 10:54:22.188063+00:00
steelqiao.com,AVAILABILITY,origin.list,2026-10-01 10:54:28.042060+00:00
xxxpornohub.org,AVAILABILITY,origin.list,2026-10-01 10:54:31.409434+00:00
whshsyy.com,AVAILABILITY,origin.list,2026-10-01 10:54:33.858895+00:00
yanghanqi.com,AVAILABILITY,origin.list,2026-10-01 10:54:37.105942+00:00
wuxi03.net,AVAILABILITY,origin.list,2026-10-01 10:54:39.708301+00:00
gmbdf.com,AVAILABILITY,origin.list,2026-10-01 10:54:42.878661+00:00
love2599.net,AVAILABILITY,origin.list,2026-10-01 10:54:45.570767+00:00
hkglam.com,AVAILABILITY,origin.list,2026-10-01 10:54:48.661374+00:00
sexviphay.pro,AVAILABILITY,origin.list,2026-10-01 10:54:56.599693+00:00
javnhatban.pro,AVAILABILITY,origin.list,2026-10-01 10:55:04.333616+00:00
16xjj.com,AVAILABILITY,origin.list,2026-10-01 10:55:10.177823+00:00
1zhetaob.com,AVAILABILITY,origin.list,2026-10-01 10:55:16.064010+00:00
51ztcs.com,AVAILABILITY,origin.list,2026-10-01 10:55:21.848592+00:00
girlsformatures.com,AVAILABILITY,origin.list,2026-10-01 10:56:11.131708+00:00
baberix.com,AVAILABILITY,origin.list,2026-10-01 10:56:16.836503+00:00
onlyhotleaks.com,AVAILABILITY,origin.list,2026-10-01 10:56:22.737883+00:00
yiduok.com,AVAILABILITY,origin.list,2026-10-01 10:56:28.508670+00:00
prostitutkinizhnegonovgorodasweet.net,AVAILABILITY,origin.list,2026-10-01 10:56:34.391002+00:00
kkissu.com,AVAILABILITY,origin.list,2026-10-01 10:56:40.136179+00:00
hornyoldgents.com,AVAILABILITY,origin.list,2026-10-01 10:56:47.424922+00:00
videosxxxtrios.top,AVAILABILITY,origin.list,2026-10-01 10:56:53.446156+00:00
sytvro.com,AVAILABILITY,origin.list,2026-10-01 10:56:59.213200+00:00
adultxxxclips.net,AVAILABILITY,origin.list,2026-10-01 10:57:04.925594+00:00
ifreeporn.net,AVAILABILITY,origin.list,2026-10-01 10:57:10.586693+00:00
viet69az.top,AVAILABILITY,origin.list,2026-10-01 10:57:16.832902+00:00
nakedxxxvideos.net,AVAILABILITY,origin.list,2026-10-01 10:57:22.549878+00:00
lwqingdian.com,AVAILABILITY,origin.list,2026-10-01 10:57:28.346914+00:00
pornu.org,AVAILABILITY,origin.list,2026-10-01 10:57:40.061630+00:00
llsvip.com,AVAILABILITY,origin.list,2026-10-01 10:57:45.792921+00:00
xvideo-phimsex.net,AVAILABILITY,origin.list,2026-10-01 10:57:51.553694+00:00
guanghecar.com,AVAILABILITY,origin.list,2026-10-01 10:57:57.210734+00:00
freeyoungpornhd.com,AVAILABILITY,origin.list,2026-10-01 10:58:03.032551+00:00
lovenylons.com,AVAILABILITY,origin.list,2026-10-01 10:58:05.702535+00:00
ecfur.net,AVAILABILITY,origin.list,2026-10-01 10:58:08.932002+00:00
moudaoweb.com,AVAILABILITY,origin.list,2026-10-01 10:58:11.508860+00:00
yanglingmiaomu.com,AVAILABILITY,origin.list,2026-10-01 10:58:14.838147+00:00
rhedu.net,AVAILABILITY,origin.list,2026-10-01 10:58:17.386089+00:00
g696ydh.com,AVAILABILITY,origin.list,2026-10-01 10:58:20.721442+00:00
tuoi69.video,AVAILABILITY,origin.list,2026-10-01 10:58:23.972157+00:00
148775.com,AVAILABILITY,origin.list,2026-10-01 10:58:26.693008+00:00
0520zx.com,AVAILABILITY,origin.list,2026-10-01 10:58:29.860510+00:00
prostitutkivoronezhastay.net,AVAILABILITY,origin.list,2026-10-01 10:58:32.359962+00:00
ccdnhs.com,AVAILABILITY,origin.list,2026-10-01 10:58:35.609001+00:00
cdmamod.com,AVAILABILITY,origin.list,2026-10-01 10:58:38.261305+00:00
lontv.dev,AVAILABILITY,origin.list,2026-10-01 10:58:41.429534+00:00
zhengtiwang.com,AVAILABILITY,origin.list,2026-10-01 10:58:43.934346+00:00
dmm5588.com,AVAILABILITY,origin.list,2026-10-01 10:58:47.219327+00:00
wonderful-plasma.com,AVAILABILITY,origin.list,2026-10-01 10:58:53.090703+00:00
kynuviet.zone,AVAILABILITY,origin.list,2026-10-01 10:58:58.728900+00:00
darkcategories.com,AVAILABILITY,origin.list,2026-10-01 10:59:00.014651+00:00
tzingchu.com,AVAILABILITY,origin.list,2026-10-01 10:59:04.404499+00:00
teenporno.name,AVAILABILITY,origin.list,2026-10-01 10:59:05.989490+00:00
xxmilan.com,AVAILABILITY,origin.list,2026-10-01 10:59:11.790232+00:00
tubevideoshd.pro,AVAILABILITY,origin.list,2026-10-01 10:59:13.218544+00:00
teengoxxx.com,AVAILABILITY,origin.list,2026-10-01 10:59:17.521827+00:00
cangzhoukaiyuan.com,AVAILABILITY,origin.list,2026-10-01 10:59:18.895737+00:00
eshunda.com,AVAILABILITY,origin.list,2026-10-01 10:59:24.691162+00:00
99mz.net,AVAILABILITY,origin.list,2026-10-01 10:59:30.572924+00:00
wang44.net,AVAILABILITY,origin.list,2026-10-01 10:59:36.494447+00:00
taknoo.com,AVAILABILITY,origin.list,2026-10-01 10:59:42.306030+00:00
truyenteen.pro,AVAILABILITY,origin.list,2026-10-01 10:59:49.102707+00:00
yn-zhuanghe.com,AVAILABILITY,origin.list,2026-10-01 10:59:54.771824+00:00
xihuiw.com,AVAILABILITY,origin.list,2026-10-01 11:00:00.480935+00:00
prostitutkichityhot.com,AVAILABILITY,origin.list,2026-10-01 11:07:01.743658+00:00
prostitutkiorlahot.com,AVAILABILITY,origin.list,2026-10-01 11:07:07.537723+00:00
948940.com,AVAILABILITY,origin.list,2026-10-01 11:07:13.268937+00:00
941948.com,AVAILABILITY,origin.list,2026-10-01 11:07:18.976308+00:00
ccm-ts.com,AVAILABILITY,origin.list,2026-10-01 11:07:24.810470+00:00
bjdianqiwx.com,AVAILABILITY,origin.list,2026-10-01 11:07:30.529152+00:00
dglongqin.com,AVAILABILITY,origin.list,2026-10-01 11:07:36.267763+00:00
phimsexgaixinh.biz,AVAILABILITY,origin.list,2026-10-01 11:07:44.117122+00:00
kanfes.com,AVAILABILITY,origin.list,2026-10-01 11:07:46.704042+00:00
liansoft.net,AVAILABILITY,origin.list,2026-10-01 11:07:49.880934+00:00
xemanhnong.asia,AVAILABILITY,origin.list,2026-10-01 11:07:54.155754+00:00
sdzt007.com,AVAILABILITY,origin.list,2026-10-01 11:07:55.734160+00:00
prostitutkikurskahot.com,AVAILABILITY,origin.list,2026-10-01 11:07:59.776249+00:00
prostitutkirostovahot.com,AVAILABILITY,origin.list,2026-10-01 11:08:01.678544+00:00
prostitutkikazanigid.com,AVAILABILITY,origin.list,2026-10-01 11:08:05.572989+00:00
prostitutkinovosibirskagid.com,AVAILABILITY,origin.list,2026-10-01 11:08:11.316920+00:00
prostitutkikrasnodaragid.com,AVAILABILITY,origin.list,2026-10-01 11:08:16.899506+00:00
qydykq.com,AVAILABILITY,origin.list,2026-10-01 11:08:22.600856+00:00
prostitutkilipetskagid.com,AVAILABILITY,origin.list,2026-10-01 11:08:28.437327+00:00
prostitutkikrasnoyarskagid.com,AVAILABILITY,origin.list,2026-10-01 11:08:34.308303+00:00
phimsechd.pro,AVAILABILITY,origin.list,2026-10-01 11:08:42.020172+00:00
licksonic.com,AVAILABILITY,origin.list,2026-10-01 11:09:27.350136+00:00
sex69x.pro,AVAILABILITY,origin.list,2026-10-01 11:09:34.908747+00:00
clipsexviet.live,AVAILABILITY,origin.list,2026-10-01 11:09:41.588664+00:00
ysjwx.com,AVAILABILITY,origin.list,2026-10-01 11:09:47.326125+00:00
qianlimall.com,AVAILABILITY,origin.list,2026-10-01 11:09:53.112978+00:00
maturesandpantyhose.com,AVAILABILITY,origin.list,2026-10-01 11:10:07.695669+00:00
licknylons.com,AVAILABILITY,origin.list,2026-10-01 11:11:18.616411+00:00
phimsex69.top,AVAILABILITY,origin.list,2026-10-01 11:11:25.198326+00:00
ys4477.com,AVAILABILITY,origin.list,2026-10-01 11:11:31.062889+00:00
nylonfeetvideos.com,AVAILABILITY,origin.list,2026-10-01 11:11:33.201784+00:00
wlyxa.com,AVAILABILITY,origin.list,2026-10-01 11:11:36.935805+00:00
stepmom-porn.com,AVAILABILITY,origin.list,2026-10-01 11:11:38.977815+00:00
henhozalo.com,AVAILABILITY,origin.list,2026-10-01 11:11:42.884413+00:00
zgysjmh.com,AVAILABILITY,origin.list,2026-10-01 11:11:44.790123+00:00
gaigoituoi18.fun,AVAILABILITY,origin.list,2026-10-01 11:11:48.779683+00:00
qop-lar.com,AVAILABILITY,origin.list,2026-10-01 11:11:50.681941+00:00
cqtjzx.org,AVAILABILITY,origin.list,2026-10-01 11:11:56.018835+00:00
a52akkbbxvcb.xyz,AVAILABILITY,origin.list,2026-10-01 11:11:56.454217+00:00
nudehotgirl.com,AVAILABILITY,origin.list,2026-10-01 11:12:01.924820+00:00
g52gqqkkbtxu.xyz,AVAILABILITY,origin.list,2026-10-01 11:12:02.332376+00:00
17liu.net,AVAILABILITY,origin.list,2026-10-01 11:12:07.833488+00:00
cdn.javhd.vc,AVAILABILITY,origin.list,2026-10-01 11:12:07.959812+00:00
qianzhenfang.com,AVAILABILITY,origin.list,2026-10-01 11:12:13.650079+00:00
qingyin9.com,AVAILABILITY,origin.list,2026-10-01 11:12:13.691650+00:00
timmaybaybagia.net,AVAILABILITY,origin.list,2026-10-01 11:12:19.327713+00:00
mom-pussy.com,AVAILABILITY,origin.list,2026-10-01 11:12:19.404793+00:00
sahjstm.com,AVAILABILITY,origin.list,2026-10-01 11:12:25.096425+00:00
gaigoi.id,AVAILABILITY,origin.list,2026-10-01 11:12:31.129944+00:00
bieyangr.com,AVAILABILITY,origin.list,2026-10-01 11:12:36.817450+00:00
beachpussypics.com,AVAILABILITY,origin.list,2026-10-01 11:12:42.424903+00:00
costbbs.net,AVAILABILITY,origin.list,2026-10-01 11:12:48.097966+00:00
sextop10.pro,AVAILABILITY,origin.list,2026-10-01 11:12:54.773560+00:00
sexchauau.mobi,AVAILABILITY,origin.list,2026-10-01 11:13:02.533214+00:00
girlxinhxinh.com,AVAILABILITY,origin.list,2026-10-01 11:13:08.281804+00:00
yc-wj.com,AVAILABILITY,origin.list,2026-10-01 11:13:14.088728+00:00
zh-sj.net,AVAILABILITY,origin.list,2026-10-01 11:13:19.958932+00:00
mtt89.com,AVAILABILITY,origin.list,2026-10-01 11:13:25.644565+00:00
91kuguo.com,AVAILABILITY,origin.list,2026-10-01 11:13:31.695169+00:00
quatvn.video,AVAILABILITY,origin.list,2026-10-01 11:13:38.471134+00:00
hlb518.com,AVAILABILITY,origin.list,2026-10-01 11:13:44.277325+00:00
momsgiveass.com,AVAILABILITY,origin.list,2026-10-01 11:13:44.932585+00:00
lawicp.com,AVAILABILITY,origin.list,2026-10-01 11:13:50.031066+00:00
longteng56.com,AVAILABILITY,origin.list,2026-10-01 11:13:50.905034+00:00
ccyscgg.com,AVAILABILITY,origin.list,2026-10-01 11:13:56.782342+00:00
lonon-china.com,AVAILABILITY,origin.list,2026-10-01 11:14:02.676640+00:00
mmv13.com,AVAILABILITY,origin.list,2026-10-01 11:14:08.388945+00:00
sclqm.com,AVAILABILITY,origin.list,2026-10-01 11:14:14.011547+00:00
sdjyzb.com,AVAILABILITY,origin.list,2026-10-01 11:14:19.691751+00:00
thep178.com,AVAILABILITY,origin.list,2026-10-01 11:14:25.523251+00:00
topdaoimage.com,AVAILABILITY,origin.list,2026-10-01 11:14:31.267400+00:00
wstsk.com,AVAILABILITY,origin.list,2026-10-01 11:14:37.057756+00:00
mmb63.com,AVAILABILITY,origin.list,2026-10-01 11:14:42.664377+00:00
vbingli.net,AVAILABILITY,origin.list,2026-10-01 11:14:48.397346+00:00
sex3xhay.net,AVAILABILITY,origin.list,2026-10-01 11:14:54.159080+00:00
shhedong.com,AVAILABILITY,origin.list,2026-10-01 11:14:59.971313+00:00
exclusivegay.net,AVAILABILITY,origin.list,2026-10-01 11:15:05.762777+00:00
nylonscreen.com,AVAILABILITY,origin.list,2026-10-01 11:15:15.529035+00:00
shzyav.com,AVAILABILITY,origin.list,2026-10-01 11:15:21.369114+00:00
eugaytube.com,AVAILABILITY,origin.list,2026-10-01 11:15:27.180486+00:00
ykhsnh.com,AVAILABILITY,origin.list,2026-10-01 11:15:33.002861+00:00
gxguidu.com,AVAILABILITY,origin.list,2026-10-01 11:15:38.836852+00:00
nakedteenphotos.net,AVAILABILITY,origin.list,2026-10-01 11:15:44.673803+00:00
dg018.com,AVAILABILITY,origin.list,2026-10-01 11:15:50.529369+00:00
damsextv.pro,AVAILABILITY,origin.list,2026-10-01 11:15:57.257498+00:00
indian-sex-girls.com,AVAILABILITY,origin.list,2026-10-01 11:16:02.969816+00:00
jjxx5.com,AVAILABILITY,origin.list,2026-10-01 11:16:08.651365+00:00
sjzxjb.com,AVAILABILITY,origin.list,2026-10-01 11:16:14.406167+00:00
hdty168.com,AVAILABILITY,origin.list,2026-10-01 11:16:20.211932+00:00
yfbgjj.com,AVAILABILITY,origin.list,2026-10-01 11:16:26.083215+00:00
pantyhoseline.com,AVAILABILITY,origin.list,2026-10-01 11:16:31.254935+00:00
makerspioneer.com,AVAILABILITY,origin.list,2026-10-01 11:16:37.044917+00:00
phimsexhd123.net,AVAILABILITY,origin.list,2026-10-01 11:16:42.872572+00:00
phevkl.link,AVAILABILITY,origin.list,2026-10-01 11:16:48.545126+00:00
vintagexxxporn.net,AVAILABILITY,origin.list,2026-10-01 11:16:54.331770+00:00
truyen321.net,AVAILABILITY,origin.list,2026-10-01 11:17:00.015051+00:00
t7m8o.xyz,AVAILABILITY,origin.list,2026-10-01 11:17:06.165621+00:00
gay3x.top,AVAILABILITY,origin.list,2026-10-01 11:17:12.848867+00:00
pantyhoseforladies.com,AVAILABILITY,origin.list,2026-10-01 11:17:51.597128+00:00
cutenudeteens.net,AVAILABILITY,origin.list,2026-10-01 11:17:57.358718+00:00
fcgcw.com,AVAILABILITY,origin.list,2026-10-01 11:18:02.955188+00:00
pantyhosetales.com,AVAILABILITY,origin.list,2026-10-01 11:18:38.350363+00:00
liulif.com,AVAILABILITY,origin.list,2026-10-01 11:18:43.988593+00:00
deepsextube.com,AVAILABILITY,origin.list,2026-10-01 11:18:49.630030+00:00
hxtsj.cn,AVAILABILITY,origin.list,2026-10-01 11:18:59.472056+00:00
pantyhoseparties.com,AVAILABILITY,origin.list,2026-10-01 11:19:28.558513+00:00
qq7654.com,AVAILABILITY,origin.list,2026-10-01 11:19:34.344469+00:00
988515.com,AVAILABILITY,origin.list,2026-10-01 11:19:40.148299+00:00
xphimsex.xyz,AVAILABILITY,origin.list,2026-10-01 11:19:46.096355+00:00
zizhaowang.com,AVAILABILITY,origin.list,2026-10-01 11:19:51.814523+00:00
360yyduobao.com,AVAILABILITY,origin.list,2026-10-01 11:19:57.692915+00:00
pornomoll.red,AVAILABILITY,origin.list,2026-10-01 11:20:04.108965+00:00
148wq.com,AVAILABILITY,origin.list,2026-10-01 11:20:09.896700+00:00
dmm5522.com,AVAILABILITY,origin.list,2026-10-01 11:20:15.554433+00:00
bjhxct.com,AVAILABILITY,origin.list,2026-10-01 11:20:21.195446+00:00
pantyhosescreen.com,AVAILABILITY,origin.list,2026-10-01 11:20:25.072763+00:00
hongfangstone.com,AVAILABILITY,origin.list,2026-10-01 11:20:27.038330+00:00
wgf-jy.com,AVAILABILITY,origin.list,2026-10-01 11:20:30.815781+00:00
dmm7733.com,AVAILABILITY,origin.list,2026-10-01 11:20:32.815129+00:00
watechan.com,AVAILABILITY,origin.list,2026-10-01 11:20:36.652164+00:00
mtt74.com,AVAILABILITY,origin.list,2026-10-01 11:20:42.354622+00:00
manvideos.xxx,AVAILABILITY,origin.list,2026-10-01 11:27:36.921168+00:00
xnxxlesbian.pro,AVAILABILITY,origin.list,2026-10-01 11:27:41.604252+00:00
semww.com,AVAILABILITY,origin.list,2026-10-01 11:27:42.935901+00:00
xpwauto.com,AVAILABILITY,origin.list,2026-10-01 11:27:48.945441+00:00
vietsex.info,AVAILABILITY,origin.list,2026-10-01 11:27:54.347328+00:00
czlgyl.com,AVAILABILITY,origin.list,2026-10-01 11:27:55.029090+00:00
hotsexygirls.net,AVAILABILITY,origin.list,2026-10-01 11:28:00.411907+00:00
laiwu922.com,AVAILABILITY,origin.list,2026-10-01 11:28:00.953488+00:00
mtt97.com,AVAILABILITY,origin.list,2026-10-01 11:28:06.302637+00:00
sextop1.page,AVAILABILITY,origin.list,2026-10-01 11:28:07.414586+00:00
sexygirlsnaked.net,AVAILABILITY,origin.list,2026-10-01 11:28:12.184651+00:00
teensexmovie.net,AVAILABILITY,origin.list,2026-10-01 11:28:13.497216+00:00
123daili.net,AVAILABILITY,origin.list,2026-10-01 11:28:18.129379+00:00
tonghua333.com,AVAILABILITY,origin.list,2026-10-01 11:28:19.539486+00:00
xhwhys.com,AVAILABILITY,origin.list,2026-10-01 11:28:24.010000+00:00
igouu.com,AVAILABILITY,origin.list,2026-10-01 11:28:25.658002+00:00
ebaitian.net,AVAILABILITY,origin.list,2026-10-01 11:28:30.007515+00:00
hzytouzi.com,AVAILABILITY,origin.list,2026-10-01 11:28:31.533149+00:00
sgz531.com,AVAILABILITY,origin.list,2026-10-01 11:28:35.824620+00:00
ligooo.com,AVAILABILITY,origin.list,2026-10-01 11:28:37.388411+00:00
jidaxiaoning.com,AVAILABILITY,origin.list,2026-10-01 11:28:41.693076+00:00
rgxrbjby.com,AVAILABILITY,origin.list,2026-10-01 11:28:43.200458+00:00
jscleaning.net,AVAILABILITY,origin.list,2026-10-01 11:28:47.508612+00:00
wangdaiweiquan.com,AVAILABILITY,origin.list,2026-10-01 11:28:49.238891+00:00
jianbo-microwave.com,AVAILABILITY,origin.list,2026-10-01 11:28:55.112685+00:00
maturesexmovies.pro,AVAILABILITY,origin.list,2026-10-01 11:28:55.287774+00:00
gyhymh.net,AVAILABILITY,origin.list,2026-10-01 11:29:00.983205+00:00
gwiis.com,AVAILABILITY,origin.list,2026-10-01 11:29:01.148624+00:00
mtt94.com,AVAILABILITY,origin.list,2026-10-01 11:29:06.884340+00:00
shoubiaoabc.com,AVAILABILITY,origin.list,2026-10-01 11:29:06.995271+00:00
pornfreexxx.net,AVAILABILITY,origin.list,2026-10-01 11:29:12.681553+00:00
xxxmilfa.com,AVAILABILITY,origin.list,2026-10-01 11:29:12.869301+00:00
analporno.cool,AVAILABILITY,origin.list,2026-10-01 11:29:18.606897+00:00
fuerde.net,AVAILABILITY,origin.list,2026-10-01 11:29:18.746871+00:00
testbank1.com,AVAILABILITY,origin.list,2026-10-01 11:29:24.428606+00:00
360924.com,AVAILABILITY,origin.list,2026-10-01 11:29:24.550084+00:00
ytsetv88.com,AVAILABILITY,origin.list,2026-10-01 11:29:30.216687+00:00
xzwycc.com,AVAILABILITY,origin.list,2026-10-01 11:29:30.628682+00:00
prostitutkishelkovonice.net,AVAILABILITY,origin.list,2026-10-01 11:29:36.009712+00:00
blmaz.com,AVAILABILITY,origin.list,2026-10-01 11:29:41.977845+00:00
yuview.com,AVAILABILITY,origin.list,2026-10-01 11:29:43.101263+00:00
yangbenwang.net,AVAILABILITY,origin.list,2026-10-01 11:29:47.968757+00:00
seeyee.net,AVAILABILITY,origin.list,2026-10-01 11:29:48.925142+00:00
d4f56.com,AVAILABILITY,origin.list,2026-10-01 11:29:54.183877+00:00
998shop.com,AVAILABILITY,origin.list,2026-10-01 11:29:54.762798+00:00
chanrau.cc,AVAILABILITY,origin.list,2026-10-01 11:30:00.017141+00:00
japaneseporn35.com,AVAILABILITY,origin.list,2026-10-01 11:30:05.685365+00:00
jajainn.com,AVAILABILITY,origin.list,2026-10-01 11:30:05.814617+00:00
miaomula.net,AVAILABILITY,origin.list,2026-10-01 11:30:11.583152+00:00
petiteteenporn.net,AVAILABILITY,origin.list,2026-10-01 11:30:11.661171+00:00
lsj27.com,AVAILABILITY,origin.list,2026-10-01 11:30:17.497178+00:00
teens4fap.com,AVAILABILITY,origin.list,2026-10-01 11:30:17.953205+00:00
porn-videos-free.net,AVAILABILITY,origin.list,2026-10-01 11:30:23.395277+00:00
viet69.vet,AVAILABILITY,origin.list,2026-10-01 11:30:24.203603+00:00
60ddz.com,AVAILABILITY,origin.list,2026-10-01 11:30:29.242962+00:00
bobwponline.com,AVAILABILITY,origin.list,2026-10-01 11:30:30.177883+00:00
hentai88.lol,AVAILABILITY,origin.list,2026-10-01 11:30:35.487805+00:00
zingsex.top,AVAILABILITY,origin.list,2026-10-01 11:30:36.553757+00:00
individualka-78.net,AVAILABILITY,origin.list,2026-10-01 11:30:43.485913+00:00
nudepad.net,AVAILABILITY,origin.list,2026-10-01 11:30:48.017131+00:00
tamilhamster.pro,AVAILABILITY,origin.list,2026-10-01 11:30:53.255127+00:00
xwings.net,AVAILABILITY,origin.list,2026-10-01 11:30:53.848698+00:00
secretarypantyhose.com,AVAILABILITY,origin.list,2026-10-01 11:32:18.898547+00:00
shemalesfuckgirls.com,AVAILABILITY,origin.list,2026-10-01 11:32:19.477729+00:00
prostitutkianapysite.info,AVAILABILITY,origin.list,2026-10-01 11:32:28.955234+00:00
pervuse.com,AVAILABILITY,origin.list,2026-10-01 11:32:32.712435+00:00
beegtamil.pro,AVAILABILITY,origin.list,2026-10-01 11:32:37.888047+00:00
prostitutkikemerovosite.info,AVAILABILITY,origin.list,2026-10-01 11:32:42.754765+00:00
fuckedtube.pro,AVAILABILITY,origin.list,2026-10-01 11:32:46.816983+00:00
diendanjav.com,AVAILABILITY,origin.list,2026-10-01 11:32:48.799239+00:00
4000188288.com,AVAILABILITY,origin.list,2026-10-01 11:32:52.795105+00:00
extreme-vids.net,AVAILABILITY,origin.list,2026-10-01 11:32:54.824111+00:00
fuqlclose.com,AVAILABILITY,origin.list,2026-10-01 11:32:58.884669+00:00
prostitutkiekaterinburgalist.com,AVAILABILITY,origin.list,2026-10-01 11:33:00.764562+00:00
278128.com,AVAILABILITY,origin.list,2026-10-01 11:33:04.732938+00:00
prostitutkiastrahanisite.info,AVAILABILITY,origin.list,2026-10-01 11:33:12.802091+00:00
whdaxian.com,AVAILABILITY,origin.list,2026-10-01 11:33:15.001075+00:00
prostitutkiadleralist.com,AVAILABILITY,origin.list,2026-10-01 11:33:18.667477+00:00
hentai24h.org,AVAILABILITY,origin.list,2026-10-01 11:33:21.485350+00:00
prostitutkihabarovskalist.com,AVAILABILITY,origin.list,2026-10-01 11:33:24.680932+00:00
prostitutkigelendzhykalist.com,AVAILABILITY,origin.list,2026-10-01 11:33:27.469903+00:00
prostitutkikrasnoyarskalist.com,AVAILABILITY,origin.list,2026-10-01 11:33:30.572891+00:00
milfporn.biz,AVAILABILITY,origin.list,2026-10-01 11:33:35.320290+00:00
prostitutkikirovasite.info,AVAILABILITY,origin.list,2026-10-01 11:33:43.105313+00:00
prostitutkibryanskasite.info,AVAILABILITY,origin.list,2026-10-01 11:33:44.364326+00:00
watchmygfsex.pro,AVAILABILITY,origin.list,2026-10-01 11:33:48.866150+00:00
south-telecom.com,AVAILABILITY,origin.list,2026-10-01 11:33:50.262874+00:00
tzqctz.com,AVAILABILITY,origin.list,2026-10-01 11:33:54.737635+00:00
prostitutkicheboksarysite.info,AVAILABILITY,origin.list,2026-10-01 11:33:57.448476+00:00
younidz.com,AVAILABILITY,origin.list,2026-10-01 11:34:00.596354+00:00
www.bokep.video,AVAILABILITY,origin.list,2026-10-01 11:34:06.534023+00:00
prostitutkiekaterinburgasite.info,AVAILABILITY,origin.list,2026-10-01 11:34:12.238121+00:00
prostitutkikrasnodaralist.com,AVAILABILITY,origin.list,2026-10-01 11:34:12.390550+00:00
prostitutkinovyyurengoylist.com,AVAILABILITY,origin.list,2026-10-01 11:34:18.139073+00:00
maturewomenporn.org,AVAILABILITY,origin.list,2026-10-01 11:34:20.200019+00:00
prostitutkinovosibirskalist.com,AVAILABILITY,origin.list,2026-10-01 11:34:23.986347+00:00
subjav.org,AVAILABILITY,origin.list,2026-10-01 11:34:27.106248+00:00
prostitutkisimferopolyalist.com,AVAILABILITY,origin.list,2026-10-01 11:34:32.987122+00:00
prostitutkiomskalist.com,AVAILABILITY,origin.list,2026-10-01 11:34:34.830972+00:00
sycfilm.com,AVAILABILITY,origin.list,2026-10-01 11:34:39.148798+00:00
prostitutkivolgogradalist.com,AVAILABILITY,origin.list,2026-10-01 11:34:40.690403+00:00
prostitutkivologdylist.com,AVAILABILITY,origin.list,2026-10-01 11:34:44.988789+00:00
shjf-vedio.com,AVAILABILITY,origin.list,2026-10-01 11:34:46.559032+00:00
massagetannoi24h.com,AVAILABILITY,origin.list,2026-10-01 11:34:50.858285+00:00
mattrinh.net,AVAILABILITY,origin.list,2026-10-01 11:34:52.443496+00:00
teenlohang.com,AVAILABILITY,origin.list,2026-10-01 11:34:56.801498+00:00
webgioitinh.net,AVAILABILITY,origin.list,2026-10-01 11:34:58.308681+00:00
88sns.com,AVAILABILITY,origin.list,2026-10-01 11:35:02.692584+00:00
cncncw.com,AVAILABILITY,origin.list,2026-10-01 11:35:04.229321+00:00
cutesextube.com,AVAILABILITY,origin.list,2026-10-01 11:35:10.131970+00:00
londep.org,AVAILABILITY,origin.list,2026-10-01 11:35:13.059188+00:00
dgzcfs.com,AVAILABILITY,origin.list,2026-10-01 11:35:15.991092+00:00
femdompics.org,AVAILABILITY,origin.list,2026-10-01 11:35:21.493808+00:00
haoa009.com,AVAILABILITY,origin.list,2026-10-01 11:35:27.395998+00:00
sdkennel.com,AVAILABILITY,origin.list,2026-10-01 11:35:33.235242+00:00
cyzhineng55.com,AVAILABILITY,origin.list,2026-10-01 11:35:39.098561+00:00
shishanren.com,AVAILABILITY,origin.list,2026-10-01 11:35:45.000773+00:00
fuguzg.com,AVAILABILITY,origin.list,2026-10-01 11:35:50.873100+00:00
denghaojiu.com,AVAILABILITY,origin.list,2026-10-01 11:35:56.931332+00:00
pakistansex.net,AVAILABILITY,origin.list,2026-10-01 11:36:03.028328+00:00
d3prepguide.com,AVAILABILITY,origin.list,2026-10-01 11:36:09.024045+00:00
ynhcdxg.com,AVAILABILITY,origin.list,2026-10-01 11:36:14.990469+00:00
goodnylon.com,AVAILABILITY,origin.list,2026-10-01 11:36:21.225349+00:00
tjxuefu.com,AVAILABILITY,origin.list,2026-10-01 11:36:27.192442+00:00
aikexinkj.com,AVAILABILITY,origin.list,2026-10-01 11:36:33.260270+00:00
ytsetv11.com,AVAILABILITY,origin.list,2026-10-01 11:36:39.110249+00:00
shemaleweddings.com,AVAILABILITY,origin.list,2026-10-01 11:36:41.628752+00:00
101sheying.com,AVAILABILITY,origin.list,2026-10-01 11:36:45.197753+00:00
boybamien.com,AVAILABILITY,origin.list,2026-10-01 11:36:47.457147+00:00
7hdtz.com,AVAILABILITY,origin.list,2026-10-01 11:36:51.038426+00:00
cd-gift.com,AVAILABILITY,origin.list,2026-10-01 11:36:53.441174+00:00
hx-bp.com,AVAILABILITY,origin.list,2026-10-01 11:36:59.250986+00:00
wikiporn.tv,AVAILABILITY,origin.list,2026-10-01 11:36:59.343449+00:00
xinweiky.com,AVAILABILITY,origin.list,2026-10-01 11:37:05.120427+00:00
gq35.com,AVAILABILITY,origin.list,2026-10-01 11:37:05.494201+00:00
s-wie-sexy.com,AVAILABILITY,origin.list,2026-10-01 11:37:10.927509+00:00
xnxxn.su,AVAILABILITY,origin.list,2026-10-01 11:37:11.979123+00:00
cnxjcits.com,AVAILABILITY,origin.list,2026-10-01 11:37:16.969953+00:00
r-show.com,AVAILABILITY,origin.list,2026-10-01 11:37:23.120191+00:00
0335tc.com,AVAILABILITY,origin.list,2026-10-01 11:37:28.705371+00:00
chuangdagrc.com,AVAILABILITY,origin.list,2026-10-01 11:37:28.937631+00:00
gzchgis.com,AVAILABILITY,origin.list,2026-10-01 11:37:34.987760+00:00
apphotlive.biz,AVAILABILITY,origin.list,2026-10-01 11:37:37.556794+00:00
sreminerals.com,AVAILABILITY,origin.list,2026-10-01 11:37:41.183910+00:00
cmu200.com,AVAILABILITY,origin.list,2026-10-01 11:37:43.388733+00:00
av016.com,AVAILABILITY,origin.list,2026-10-01 11:37:47.085200+00:00
av614.com,AVAILABILITY,origin.list,2026-10-01 11:37:49.267479+00:00
av466.com,AVAILABILITY,origin.list,2026-10-01 11:37:52.900291+00:00
xueai66.com,AVAILABILITY,origin.list,2026-10-01 11:37:55.087173+00:00
xpjianfei.com,AVAILABILITY,origin.list,2026-10-01 11:37:58.721257+00:00
lingyufeng.com,AVAILABILITY,origin.list,2026-10-01 11:38:00.938205+00:00
shxinchuzs.com,AVAILABILITY,origin.list,2026-10-01 11:38:04.527170+00:00
szscsk.com,AVAILABILITY,origin.list,2026-10-01 11:38:06.858699+00:00
soto-stone.com,AVAILABILITY,origin.list,2026-10-01 11:38:10.426537+00:00
szpym.com,AVAILABILITY,origin.list,2026-10-01 11:38:12.727749+00:00
szwhsp.com,AVAILABILITY,origin.list,2026-10-01 11:38:16.233502+00:00
phimsexngon.info,AVAILABILITY,origin.list,2026-10-01 11:38:20.499492+00:00
wf10010.com,AVAILABILITY,origin.list,2026-10-01 11:38:22.073116+00:00
zgxlzs.com,AVAILABILITY,origin.list,2026-10-01 11:38:26.399572+00:00
bc263.com,AVAILABILITY,origin.list,2026-10-01 11:38:32.253308+00:00
gjsuit.com,AVAILABILITY,origin.list,2026-10-01 11:38:38.136243+00:00
mnswealth.com,AVAILABILITY,origin.list,2026-10-01 11:38:44.005023+00:00
nanfeng-laser.com,AVAILABILITY,origin.list,2026-10-01 11:38:54.876169+00:00
csaladiszexvideo.top,AVAILABILITY,origin.list,2026-10-01 11:39:01.041466+00:00
tubeebony.com,AVAILABILITY,origin.list,2026-10-01 11:39:06.994371+00:00
txhwlxw.com,AVAILABILITY,origin.list,2026-10-01 11:39:12.847227+00:00
hentaish.com,AVAILABILITY,origin.list,2026-10-01 11:39:18.689372+00:00
xnxxz.com,AVAILABILITY,origin.list,2026-10-01 11:39:30.004113+00:00
truyensex18.com,AVAILABILITY,origin.list,2026-10-01 11:39:34.772303+00:00
vintage-hairy.com,AVAILABILITY,origin.list,2026-10-01 11:39:35.891315+00:00
phimsexhd.online,AVAILABILITY,origin.list,2026-10-01 11:39:40.700648+00:00
phimsexmoi.online,AVAILABILITY,origin.list,2026-10-01 11:39:41.794081+00:00
okgo5566.com,AVAILABILITY,origin.list,2026-10-01 11:39:46.509041+00:00
szbq668.net,AVAILABILITY,origin.list,2026-10-01 11:39:47.791926+00:00
fztuoguan.cn,AVAILABILITY,origin.list,2026-10-01 11:39:58.324356+00:00
365runs.com,AVAILABILITY,origin.list,2026-10-01 11:40:04.206848+00:00
ccxy.net,AVAILABILITY,origin.list,2026-10-01 11:40:10.068038+00:00
bjlcwd888.com,AVAILABILITY,origin.list,2026-10-01 11:40:15.943067+00:00
sextop.tv,AVAILABILITY,origin.list,2026-10-01 11:40:22.304100+00:00
cfvip6.com,AVAILABILITY,origin.list,2026-10-01 11:40:28.219576+00:00
citybridal.net,AVAILABILITY,origin.list,2026-10-01 11:40:34.057404+00:00
qixizl.com,AVAILABILITY,origin.list,2026-10-01 11:40:46.833285+00:00
cnbuildhr.com,AVAILABILITY,origin.list,2026-10-01 11:40:52.658123+00:00
cqydkj.com,AVAILABILITY,origin.list,2026-10-01 11:40:58.442048+00:00
dycgkh.com,AVAILABILITY,origin.list,2026-10-01 11:41:04.295307+00:00
javhay.co,AVAILABILITY,origin.list,2026-10-01 11:41:10.301586+00:00
sexmup18.net,AVAILABILITY,origin.list,2026-10-01 11:48:12.084383+00:00
ruijiead.com,AVAILABILITY,origin.list,2026-10-01 11:48:18.543431+00:00
sheidun.com,AVAILABILITY,origin.list,2026-10-01 11:48:24.984957+00:00
worldwebporn.com,AVAILABILITY,origin.list,2026-10-01 11:48:42.677080+00:00
tlxddlgs.com,AVAILABILITY,origin.list,2026-10-01 11:48:49.141748+00:00
txdawangka.com,AVAILABILITY,origin.list,2026-10-01 11:48:55.416746+00:00
055sds.xyz,AVAILABILITY,origin.list,2026-10-01 11:49:02.264513+00:00
084sds.xyz,AVAILABILITY,origin.list,2026-10-01 11:49:08.939295+00:00
best-free-sex.com,AVAILABILITY,origin.list,2026-10-01 11:49:15.257537+00:00
straponscreen.com,AVAILABILITY,origin.list,2026-10-01 11:49:31.475154+00:00
cngxxg.com,AVAILABILITY,origin.list,2026-10-01 11:49:35.554549+00:00
hzrfs.com,AVAILABILITY,origin.list,2026-10-01 11:49:37.856410+00:00
qiweis.com,AVAILABILITY,origin.list,2026-10-01 11:49:41.770641+00:00
sheheyoung.com,AVAILABILITY,origin.list,2026-10-01 11:49:44.149978+00:00
wzdian.com,AVAILABILITY,origin.list,2026-10-01 11:49:47.911363+00:00
x69.tv,AVAILABILITY,origin.list,2026-10-01 11:49:54.622651+00:00
truyenhentai18.pro,AVAILABILITY,origin.list,2026-10-01 11:49:54.692912+00:00
videojizz.com,AVAILABILITY,origin.list,2026-10-01 11:50:37.027418+00:00
ongtrumtraigoi.com,AVAILABILITY,origin.list,2026-10-01 11:51:19.744808+00:00
strapontales.com,AVAILABILITY,origin.list,2026-10-01 11:51:20.451432+00:00
gaysfort.com,AVAILABILITY,origin.list,2026-10-01 11:52:45.519091+00:00
stunningmatures.com,AVAILABILITY,origin.list,2026-10-01 11:52:46.282534+00:00
asiandriveme.com,AVAILABILITY,origin.list,2026-10-01 11:52:53.875976+00:00
jstv9112.com,AVAILABILITY,origin.list,2026-10-01 11:53:00.419337+00:00
transpantyhose.com,AVAILABILITY,origin.list,2026-10-01 11:54:12.026369+00:00
oktu8.com,AVAILABILITY,origin.list,2026-10-01 11:54:18.389508+00:00
trypantyhose.com,AVAILABILITY,origin.list,2026-10-01 11:54:26.151915+00:00
jstv9118.com,AVAILABILITY,origin.list,2026-10-01 11:54:32.618813+00:00
qudong360.net,AVAILABILITY,origin.list,2026-10-01 11:54:39.108087+00:00
sexyasian.info,AVAILABILITY,origin.list,2026-10-01 11:54:55.062962+00:00
dmsex.net,AVAILABILITY,origin.list,2026-10-01 11:55:01.389138+00:00
mmtv061.com,AVAILABILITY,origin.list,2026-10-01 11:55:07.857074+00:00
hpjav.tv,AVAILABILITY,origin.list,2026-10-01 11:55:14.468879+00:00
img.vl69.pro,AVAILABILITY,origin.list,2026-10-01 11:55:24.465311+00:00
mbbg.club,AVAILABILITY,origin.list,2026-10-01 11:55:33.190311+00:00
sexvietz.co,AVAILABILITY,origin.list,2026-10-01 11:55:39.508600+00:00
feetscreen.com,AVAILABILITY,origin.list,2026-10-01 11:55:44.217104+00:00
vl69.pro,AVAILABILITY,origin.list,2026-10-01 11:55:52.829526+00:00
phimporn.pro,AVAILABILITY,origin.list,2026-10-01 11:55:54.614971+00:00
xunyy.net,AVAILABILITY,origin.list,2026-10-01 11:55:58.947163+00:00
jl-dongbeiya.com,AVAILABILITY,origin.list,2026-10-01 11:56:00.835938+00:00
315dk.com,AVAILABILITY,origin.list,2026-10-01 11:56:05.233729+00:00
dmm3311.com,AVAILABILITY,origin.list,2026-10-01 11:56:07.199644+00:00
xsexvideos.pro,AVAILABILITY,origin.list,2026-10-01 11:56:17.835090+00:00
hardpornlinks.pro,AVAILABILITY,origin.list,2026-10-01 11:56:29.729356+00:00
maffiatraffic.com,AVAILABILITY,origin.list,2026-10-01 11:57:02.502816+00:00
ncxuanya.com,AVAILABILITY,origin.list,2026-10-01 11:57:08.765541+00:00
lxtube.pro,AVAILABILITY,origin.list,2026-10-01 11:57:17.341780+00:00
merssonlove.com,AVAILABILITY,origin.list,2026-10-01 11:57:23.710681+00:00
xianhua5.com,AVAILABILITY,origin.list,2026-10-01 11:57:30.130643+00:00
pantyhosecoeds.com,AVAILABILITY,origin.list,2026-10-01 11:57:30.841820+00:00
javhayz.cc,AVAILABILITY,origin.list,2026-10-01 11:57:36.609574+00:00
pornbl.pro,AVAILABILITY,origin.list,2026-10-01 11:57:37.800407+00:00
jmsflzy.com,AVAILABILITY,origin.list,2026-10-01 11:57:42.959987+00:00
contrinh.net,AVAILABILITY,origin.list,2026-10-01 11:57:43.944079+00:00
xxxtube1.pro,AVAILABILITY,origin.list,2026-10-01 11:57:51.832928+00:00
dnf158.com,AVAILABILITY,origin.list,2026-10-01 11:57:57.979508+00:00
prostitutkiryazaniclub.info,AVAILABILITY,origin.list,2026-10-01 11:58:12.709017+00:00
milfdome.com,AVAILABILITY,origin.list,2026-10-01 11:58:18.884453+00:00
sexvietsub1s.net,AVAILABILITY,origin.list,2026-10-01 11:58:25.100965+00:00
yuangong100.com,AVAILABILITY,origin.list,2026-10-01 11:58:31.395900+00:00
sbdwl.cn,AVAILABILITY,origin.list,2026-10-01 11:58:40.677791+00:00
dlchengyue.com,AVAILABILITY,origin.list,2026-10-01 11:58:46.933590+00:00
dai114.com,AVAILABILITY,origin.list,2026-10-01 11:58:53.262142+00:00
jbhyintan.com,AVAILABILITY,origin.list,2026-10-01 11:59:04.397256+00:00
1001xxx.com,AVAILABILITY,origin.list,2026-10-01 11:59:06.473900+00:00
forexheo.com,AVAILABILITY,origin.list,2026-10-01 11:59:10.719993+00:00
diggads.com,AVAILABILITY,origin.list,2026-10-01 11:59:12.766999+00:00
lu0532.com,AVAILABILITY,origin.list,2026-10-01 11:59:17.009038+00:00
sextuyenchon.com,AVAILABILITY,origin.list,2026-10-01 11:59:19.004006+00:00
hztyjsj.com,AVAILABILITY,origin.list,2026-10-01 11:59:23.329403+00:00
nudeteengirlz.com,AVAILABILITY,origin.list,2026-10-01 11:59:25.449836+00:00
mtt92.com,AVAILABILITY,origin.list,2026-10-01 11:59:29.520243+00:00
zjgywjx.com,AVAILABILITY,origin.list,2026-10-01 11:59:35.789563+00:00
dtscm.com,AVAILABILITY,origin.list,2026-10-01 11:59:42.018054+00:00
appmmlive.com,AVAILABILITY,origin.list,2026-10-01 11:59:48.268398+00:00
nbwfhotel.com,AVAILABILITY,origin.list,2026-10-01 11:59:54.435287+00:00
magneetfeest.com,AVAILABILITY,origin.list,2026-10-01 12:00:00.745411+00:00
nong91.com,AVAILABILITY,origin.list,2026-10-01 12:00:07.045087+00:00
168zdwj.com,AVAILABILITY,origin.list,2026-10-01 12:00:13.282726+00:00
prostitutkipenzylucky.info,AVAILABILITY,origin.list,2026-10-01 12:00:24.790626+00:00
sex-chat.biz,AVAILABILITY,origin.list,2026-10-01 12:00:35.430994+00:00
thuahui.com,AVAILABILITY,origin.list,2026-10-01 12:00:41.801946+00:00
hecense.net,AVAILABILITY,origin.list,2026-10-01 12:00:42.582397+00:00
bingxi.net,AVAILABILITY,origin.list,2026-10-01 12:00:48.133189+00:00
hqsg8.com,AVAILABILITY,origin.list,2026-10-01 12:00:48.846110+00:00
tuoinung.co,AVAILABILITY,origin.list,2026-10-01 12:00:55.178579+00:00
mjiuse.com,AVAILABILITY,origin.list,2026-10-01 12:01:01.428736+00:00
wxguogu.com,AVAILABILITY,origin.list,2026-10-01 12:01:07.918785+00:00
jiandancard.com,AVAILABILITY,origin.list,2026-10-01 12:01:14.340764+00:00
prostitutkivoronezhawithin.com,AVAILABILITY,origin.list,2026-10-01 12:01:20.512204+00:00
7g5.net,AVAILABILITY,origin.list,2026-10-01 12:01:26.884794+00:00
rap3x.net,AVAILABILITY,origin.list,2026-10-01 12:01:33.120282+00:00
86sp.net,AVAILABILITY,origin.list,2026-10-01 12:01:39.541614+00:00
cxwldc.com,AVAILABILITY,origin.list,2026-10-01 12:01:45.703876+00:00
pantyola.com,AVAILABILITY,origin.list,2026-10-01 12:02:13.862501+00:00
enplink.com,AVAILABILITY,origin.list,2026-10-01 12:09:22.418211+00:00
sxypyz.com,AVAILABILITY,origin.list,2026-10-01 12:09:28.143015+00:00
maturewifefucker.com,AVAILABILITY,origin.list,2026-10-01 12:09:33.929840+00:00
zzn45.com,AVAILABILITY,origin.list,2026-10-01 12:09:39.723118+00:00
dgbjsy.com,AVAILABILITY,origin.list,2026-10-01 12:09:45.597271+00:00
viet69.sex,AVAILABILITY,origin.list,2026-10-01 12:09:52.093249+00:00
baijiayishang.com,AVAILABILITY,origin.list,2026-10-01 12:09:57.869263+00:00
sds108.com,AVAILABILITY,origin.list,2026-10-01 12:09:58.252480+00:00
mmv23.com,AVAILABILITY,origin.list,2026-10-01 12:10:03.587963+00:00
movieswbb.com,AVAILABILITY,origin.list,2026-10-01 12:10:09.334402+00:00
42aee.com,AVAILABILITY,origin.list,2026-10-01 12:10:15.012092+00:00
xjj035.com,AVAILABILITY,origin.list,2026-10-01 12:10:40.274197+00:00
woodeye.net,AVAILABILITY,origin.list,2026-10-01 12:10:45.985614+00:00
69xiduofang.com,AVAILABILITY,origin.list,2026-10-01 12:10:51.775856+00:00
shemaletoonsex.com,AVAILABILITY,origin.list,2026-10-01 12:10:57.532035+00:00
brave21cn.com,AVAILABILITY,origin.list,2026-10-01 12:11:03.237947+00:00
51lvtu.cn,AVAILABILITY,origin.list,2026-10-01 12:11:13.024438+00:00
sexhdtuber.pro,AVAILABILITY,origin.list,2026-10-01 12:11:19.926772+00:00
dayou123.net,AVAILABILITY,origin.list,2026-10-01 12:11:25.737662+00:00
hbtdz.com,AVAILABILITY,origin.list,2026-10-01 12:11:31.541081+00:00
jxcxyf88.com,AVAILABILITY,origin.list,2026-10-01 12:11:37.459532+00:00
bitrios.com,AVAILABILITY,origin.list,2026-10-01 12:11:40.540028+00:00
075sds.xyz,AVAILABILITY,origin.list,2026-10-01 12:11:43.193663+00:00
southwine.net,AVAILABILITY,origin.list,2026-10-01 12:11:46.223654+00:00
shoes595.com,AVAILABILITY,origin.list,2026-10-01 12:11:48.865275+00:00
sexvideovn.com,AVAILABILITY,origin.list,2026-10-01 12:11:51.838536+00:00
phimheovl.net,AVAILABILITY,origin.list,2026-10-01 12:11:54.543831+00:00
sunzenbiotech.com,AVAILABILITY,origin.list,2026-10-01 12:11:57.543877+00:00
4399tm.com,AVAILABILITY,origin.list,2026-10-01 12:12:00.144601+00:00
mme52.com,AVAILABILITY,origin.list,2026-10-01 12:12:03.407450+00:00
025hospital.com,AVAILABILITY,origin.list,2026-10-01 12:12:05.961842+00:00
phimsexkoche.info,AVAILABILITY,origin.list,2026-10-01 12:12:10.671715+00:00
cllvyou.com,AVAILABILITY,origin.list,2026-10-01 12:12:16.473920+00:00
shemalediscounts.com,AVAILABILITY,origin.list,2026-10-01 12:13:31.655183+00:00
kangmeidao.com,AVAILABILITY,origin.list,2026-10-01 12:13:37.481050+00:00
analscreen.com,AVAILABILITY,origin.list,2026-10-01 12:13:41.991098+00:00
xxxlosok.com,AVAILABILITY,origin.list,2026-10-01 12:13:43.298398+00:00
cnnlp.com,AVAILABILITY,origin.list,2026-10-01 12:13:47.799332+00:00
lsj247.com,AVAILABILITY,origin.list,2026-10-01 12:13:49.077434+00:00
csjschina.com,AVAILABILITY,origin.list,2026-10-01 12:13:53.622441+00:00
168myk.com,AVAILABILITY,origin.list,2026-10-01 12:13:59.571258+00:00
quaylen.me,AVAILABILITY,origin.list,2026-10-01 12:14:05.162676+00:00
sx-jl.com,AVAILABILITY,origin.list,2026-10-01 12:14:05.337054+00:00
aavxx.com,AVAILABILITY,origin.list,2026-10-01 12:14:10.845587+00:00
cnjjweb.com,AVAILABILITY,origin.list,2026-10-01 12:14:11.112561+00:00
houde-tj.com,AVAILABILITY,origin.list,2026-10-01 12:14:16.639252+00:00
shstrfkyy.com,AVAILABILITY,origin.list,2026-10-01 12:14:16.754696+00:00
boyngon.com,AVAILABILITY,origin.list,2026-10-01 12:14:22.395033+00:00
zhongtaian.com,AVAILABILITY,origin.list,2026-10-01 12:14:22.518811+00:00
yufang-electric.com,AVAILABILITY,origin.list,2026-10-01 12:14:28.158611+00:00
ahaqsl.com,AVAILABILITY,origin.list,2026-10-01 12:14:33.849600+00:00
chinadepa.com,AVAILABILITY,origin.list,2026-10-01 12:14:39.566221+00:00
goldenappledoor.com,AVAILABILITY,origin.list,2026-10-01 12:14:45.212109+00:00
hrbshsl.com,AVAILABILITY,origin.list,2026-10-01 12:14:50.850657+00:00
hzcuc.com,AVAILABILITY,origin.list,2026-10-01 12:14:56.538616+00:00
hzfeiyu.com,AVAILABILITY,origin.list,2026-10-01 12:15:02.282967+00:00
lynhome.com,AVAILABILITY,origin.list,2026-10-01 12:15:07.991163+00:00
kdyiqi.com,AVAILABILITY,origin.list,2026-10-01 12:15:13.720871+00:00
xnxxtv.fun,AVAILABILITY,origin.list,2026-10-01 12:15:19.518324+00:00
pantyhoseface.com,AVAILABILITY,origin.list,2026-10-01 12:15:48.044981+00:00
scsxcm.com,AVAILABILITY,origin.list,2026-10-01 12:15:53.728661+00:00
qhd54qc.com,AVAILABILITY,origin.list,2026-10-01 12:15:59.446224+00:00
ywtongyu.com,AVAILABILITY,origin.list,2026-10-01 12:16:05.199617+00:00
zhishengshicai.com,AVAILABILITY,origin.list,2026-10-01 12:16:11.084796+00:00
xrsdxx.com,AVAILABILITY,origin.list,2026-10-01 12:16:16.817338+00:00
zdjyhk.com,AVAILABILITY,origin.list,2026-10-01 12:16:22.559388+00:00
clipsex.biz,AVAILABILITY,origin.list,2026-10-01 12:16:30.320038+00:00
520vy.com,AVAILABILITY,origin.list,2026-10-01 12:16:36.078505+00:00
3a.network,AVAILABILITY,origin.list,2026-10-01 12:16:42.180286+00:00
pantyhosemembers.com,AVAILABILITY,origin.list,2026-10-01 12:16:45.161301+00:00
bjdrhk.com,AVAILABILITY,origin.list,2026-10-01 12:16:48.065401+00:00
adyw.net,AVAILABILITY,origin.list,2026-10-01 12:16:50.820248+00:00
genyint.com,AVAILABILITY,origin.list,2026-10-01 12:16:53.978248+00:00
gxdxsfw.com,AVAILABILITY,origin.list,2026-10-01 12:16:56.470294+00:00
lanyangauto.com,AVAILABILITY,origin.list,2026-10-01 12:16:59.845653+00:00
liuhaiedu.com,AVAILABILITY,origin.list,2026-10-01 12:17:02.298219+00:00
rstf.net,AVAILABILITY,origin.list,2026-10-01 12:17:05.566519+00:00
sexsieunhan.com,AVAILABILITY,origin.list,2026-10-01 12:17:07.998613+00:00
sinoperfect.com,AVAILABILITY,origin.list,2026-10-01 12:17:11.319314+00:00
syyct.com,AVAILABILITY,origin.list,2026-10-01 12:17:13.789790+00:00
whswk.com,AVAILABILITY,origin.list,2026-10-01 12:17:17.073533+00:00
taishanzd.com,AVAILABILITY,origin.list,2026-10-01 12:17:19.636025+00:00
tongxintonghua.com,AVAILABILITY,origin.list,2026-10-01 12:17:22.870617+00:00
vlxx.com.mx,AVAILABILITY,origin.list,2026-10-01 12:17:25.417184+00:00
zckangbeite.com,AVAILABILITY,origin.list,2026-10-01 12:17:31.089550+00:00
www.2mp3.icu,AVAILABILITY,origin.list,2026-10-01 12:17:36.970990+00:00
clipnong.video,AVAILABILITY,origin.list,2026-10-01 12:17:39.966962+00:00
zenggao39.com,AVAILABILITY,origin.list,2026-10-01 12:17:42.659521+00:00
zzblj.com,AVAILABILITY,origin.list,2026-10-01 12:17:45.758173+00:00
free-nude-videos.com,AVAILABILITY,origin.list,2026-10-01 12:17:48.285932+00:00
91uhd.com,AVAILABILITY,origin.list,2026-10-01 12:17:51.466157+00:00
54aee.com,AVAILABILITY,origin.list,2026-10-01 12:17:53.974629+00:00
al120.com,AVAILABILITY,origin.list,2026-10-01 12:17:59.627448+00:00
av019.com,AVAILABILITY,origin.list,2026-10-01 12:18:05.416398+00:00
9s213.xyz,AVAILABILITY,origin.list,2026-10-01 12:18:11.425624+00:00
av853.com,AVAILABILITY,origin.list,2026-10-01 12:18:17.150714+00:00
fuckmymature.com,AVAILABILITY,origin.list,2026-10-01 12:18:22.799639+00:00
full-length-porn.com,AVAILABILITY,origin.list,2026-10-01 12:18:28.556654+00:00
sds247.com,AVAILABILITY,origin.list,2026-10-01 12:18:33.760409+00:00
cngaoli.com,AVAILABILITY,origin.list,2026-10-01 12:18:34.414015+00:00
mijigui315.com,AVAILABILITY,origin.list,2026-10-01 12:18:39.460155+00:00
pornsexfm.com,AVAILABILITY,origin.list,2026-10-01 12:18:40.115648+00:00
quleshi.com,AVAILABILITY,origin.list,2026-10-01 12:18:45.160090+00:00
hentai20.me,AVAILABILITY,origin.list,2026-10-01 12:18:47.204865+00:00
russiangynoexam.com,AVAILABILITY,origin.list,2026-10-01 12:18:51.017642+00:00
shenyueli.com,AVAILABILITY,origin.list,2026-10-01 12:18:53.013499+00:00
shsrsy.com,AVAILABILITY,origin.list,2026-10-01 12:18:56.749176+00:00
timbangainhanh.com,AVAILABILITY,origin.list,2026-10-01 12:18:58.645247+00:00
wesun365.com,AVAILABILITY,origin.list,2026-10-01 12:19:02.448796+00:00
wanxuetong.net,AVAILABILITY,origin.list,2026-10-01 12:19:04.379202+00:00
fangdadoor.com,AVAILABILITY,origin.list,2026-10-01 12:19:08.155952+00:00
hentaivcl.com,AVAILABILITY,origin.list,2026-10-01 12:19:10.242534+00:00
allebonydreams.com,AVAILABILITY,origin.list,2026-10-01 12:19:13.850839+00:00
httptea.com,AVAILABILITY,origin.list,2026-10-01 12:19:16.072371+00:00
paikeme.com,AVAILABILITY,origin.list,2026-10-01 12:19:19.580079+00:00
saggy-tits.net,AVAILABILITY,origin.list,2026-10-01 12:19:21.841218+00:00
teporn.com,AVAILABILITY,origin.list,2026-10-01 12:19:25.414789+00:00
xxxhdporno.net,AVAILABILITY,origin.list,2026-10-01 12:19:31.117897+00:00
toreroteam.com,AVAILABILITY,origin.list,2026-10-01 12:19:40.886644+00:00
porn3d.pro,AVAILABILITY,origin.list,2026-10-01 12:19:49.625746+00:00
goodlightingled.com,AVAILABILITY,origin.list,2026-10-01 12:19:55.287274+00:00
xxx-teen.pro,AVAILABILITY,origin.list,2026-10-01 12:20:01.171429+00:00
hengqidz.com,AVAILABILITY,origin.list,2026-10-01 12:20:06.821740+00:00
hentaisub.org,AVAILABILITY,origin.list,2026-10-01 12:20:16.994020+00:00
nj-sdds.com,AVAILABILITY,origin.list,2026-10-01 12:20:22.689903+00:00
sexvuto.net,AVAILABILITY,origin.list,2026-10-01 12:20:28.321628+00:00
shjiajiky.com,AVAILABILITY,origin.list,2026-10-01 12:20:34.034136+00:00
vanissabrides.com,AVAILABILITY,origin.list,2026-10-01 12:20:39.846149+00:00
cqoupu.com,AVAILABILITY,origin.list,2026-10-01 12:20:45.562768+00:00
shemalesfuckshemales.com,AVAILABILITY,origin.list,2026-10-01 12:20:47.458322+00:00
desiporn.click,AVAILABILITY,origin.list,2026-10-01 12:20:51.299663+00:00
teluguporn.click,AVAILABILITY,origin.list,2026-10-01 12:20:53.092319+00:00
063sds.xyz,AVAILABILITY,origin.list,2026-10-01 12:20:57.195829+00:00
068sds.xyz,AVAILABILITY,origin.list,2026-10-01 12:20:58.825771+00:00
086sds.xyz,AVAILABILITY,origin.list,2026-10-01 12:21:02.944470+00:00
079sds.xyz,AVAILABILITY,origin.list,2026-10-01 12:21:04.558298+00:00
9s115.xyz,AVAILABILITY,origin.list,2026-10-01 12:21:10.324970+00:00
jav247.net,AVAILABILITY,origin.list,2026-10-01 12:21:26.487237+00:00
jdavdz.info,AVAILABILITY,origin.list,2026-10-01 12:21:33.216607+00:00
choidangcap10.cc,AVAILABILITY,origin.list,2026-10-01 12:21:39.142476+00:00
ultrahdpornxxx.com,AVAILABILITY,origin.list,2026-10-01 12:21:55.137557+00:00
choidangcap13.cc,AVAILABILITY,origin.list,2026-10-01 12:22:00.918398+00:00
heo69.icu,AVAILABILITY,origin.list,2026-10-01 12:22:06.927408+00:00
bcfgc.com,AVAILABILITY,origin.list,2026-10-01 12:22:12.665570+00:00
huizhongoil.com,AVAILABILITY,origin.list,2026-10-01 12:22:18.457865+00:00
106589.com,AVAILABILITY,origin.list,2026-10-01 12:22:24.269514+00:00
actionmatures.com,AVAILABILITY,origin.list,2026-10-01 12:22:28.454784+00:00
285838.com,AVAILABILITY,origin.list,2026-10-01 12:22:30.127068+00:00
608952.com,AVAILABILITY,origin.list,2026-10-01 12:22:36.007266+00:00
bymiaopu.com,AVAILABILITY,origin.list,2026-10-01 12:22:41.810603+00:00
erolenka.net,AVAILABILITY,origin.list,2026-10-01 12:22:47.661924+00:00
gaypornbdsm.com,AVAILABILITY,origin.list,2026-10-01 12:22:53.392184+00:00
hbkaisuo.com,AVAILABILITY,origin.list,2026-10-01 12:31:06.459037+00:00
gonzoxxx.best,AVAILABILITY,origin.list,2026-10-01 12:31:12.486918+00:00
jjjin.com,AVAILABILITY,origin.list,2026-10-01 12:31:18.420209+00:00
lsj230.com,AVAILABILITY,origin.list,2026-10-01 12:31:24.227309+00:00
lsj225.com,AVAILABILITY,origin.list,2026-10-01 12:31:30.149812+00:00
royal-pack.com,AVAILABILITY,origin.list,2026-10-01 12:31:36.034498+00:00
113169.com,AVAILABILITY,origin.list,2026-10-01 12:31:41.880576+00:00
18-19porn.com,AVAILABILITY,origin.list,2026-10-01 12:31:47.770334+00:00
epantyhoseland.com,AVAILABILITY,origin.list,2026-10-01 12:32:03.326087+00:00
7bsequ.com,AVAILABILITY,origin.list,2026-10-01 12:32:09.050667+00:00
dickybitches.com,AVAILABILITY,origin.list,2026-10-01 12:33:13.505570+00:00
2003mir2.com,AVAILABILITY,origin.list,2026-10-01 12:33:19.344927+00:00
gaychina.click,AVAILABILITY,origin.list,2026-10-01 12:33:25.207493+00:00
higarlics.com,AVAILABILITY,origin.list,2026-10-01 12:33:31.054748+00:00
analsaga.com,AVAILABILITY,origin.list,2026-10-01 12:33:34.734659+00:00
porn-hd.net,AVAILABILITY,origin.list,2026-10-01 12:33:40.611171+00:00
foot-domination.info,AVAILABILITY,origin.list,2026-10-01 12:33:40.924891+00:00
linhaitv.net,AVAILABILITY,origin.list,2026-10-01 12:33:46.571208+00:00
szcqt.com,AVAILABILITY,origin.list,2026-10-01 12:33:46.630810+00:00
tastethebabes.com,AVAILABILITY,origin.list,2026-10-01 12:33:52.399661+00:00
porntrex.best,AVAILABILITY,origin.list,2026-10-01 12:33:58.838124+00:00
zzd20.com,AVAILABILITY,origin.list,2026-10-01 12:34:04.530090+00:00
sexdamvl.com,AVAILABILITY,origin.list,2026-10-01 12:34:10.455417+00:00
hentaivl.online,AVAILABILITY,origin.list,2026-10-01 12:34:16.264611+00:00
young-porn.pro,AVAILABILITY,origin.list,2026-10-01 12:34:23.144388+00:00
739f.com,AVAILABILITY,origin.list,2026-10-01 12:34:28.959859+00:00
859r.com,AVAILABILITY,origin.list,2026-10-01 12:34:34.730322+00:00
952d.com,AVAILABILITY,origin.list,2026-10-01 12:34:40.522773+00:00
ah-xy.com,AVAILABILITY,origin.list,2026-10-01 12:34:46.216814+00:00
gt-stair.com,AVAILABILITY,origin.list,2026-10-01 12:34:51.957433+00:00
barrettxu.com,AVAILABILITY,origin.list,2026-10-01 12:34:57.665547+00:00
gimmeretro.com,AVAILABILITY,origin.list,2026-10-01 12:35:03.336177+00:00
haoriver.com,AVAILABILITY,origin.list,2026-10-01 12:35:09.102689+00:00
ferronetwork.com,AVAILABILITY,origin.list,2026-10-01 12:35:12.281834+00:00
mmtv009.com,AVAILABILITY,origin.list,2026-10-01 12:35:14.859796+00:00
nudeupskirtpics.com,AVAILABILITY,origin.list,2026-10-01 12:35:18.018780+00:00
prostitutkinaberezhnyechelnycity.com,AVAILABILITY,origin.list,2026-10-01 12:35:20.811058+00:00
prostitutkivladivostokacity.com,AVAILABILITY,origin.list,2026-10-01 12:35:23.910136+00:00
prostitutkivologdycity.com,AVAILABILITY,origin.list,2026-10-01 12:35:26.586832+00:00
shanghailihe.com,AVAILABILITY,origin.list,2026-10-01 12:35:29.743541+00:00
rphang.dog,AVAILABILITY,origin.list,2026-10-01 12:35:32.909323+00:00
thegay.click,AVAILABILITY,origin.list,2026-10-01 12:35:35.513737+00:00
twinktube.click,AVAILABILITY,origin.list,2026-10-01 12:35:38.602337+00:00
xha.mobi,AVAILABILITY,origin.list,2026-10-01 12:35:47.466177+00:00
xintuojiaju.com,AVAILABILITY,origin.list,2026-10-01 12:35:53.195266+00:00
mecum.porn,AVAILABILITY,origin.list,2026-10-01 12:35:59.600889+00:00
aa106.xyz,AVAILABILITY,origin.list,2026-10-01 12:36:05.492003+00:00
meidishouhou.com,AVAILABILITY,origin.list,2026-10-01 12:36:11.243641+00:00
clipsexviet.icu,AVAILABILITY,origin.list,2026-10-01 12:36:17.412252+00:00
loveyour.cn,AVAILABILITY,origin.list,2026-10-01 12:36:19.954961+00:00
phimsexviet.win,AVAILABILITY,origin.list,2026-10-01 12:36:25.494841+00:00
1grannyporno.com,AVAILABILITY,origin.list,2026-10-01 12:36:25.689789+00:00
checkerviet.fun,AVAILABILITY,origin.list,2026-10-01 12:36:31.488469+00:00
zserp.net,AVAILABILITY,origin.list,2026-10-01 12:36:40.222206+00:00
foot-orgies.com,AVAILABILITY,origin.list,2026-10-01 12:37:57.145584+00:00
051127.com,AVAILABILITY,origin.list,2026-10-01 15:41:43.778308+00:00
591514.com,AVAILABILITY,origin.list,2026-10-01 15:42:29.901438+00:00
ct-iot.com,AVAILABILITY,origin.list,2026-10-01 15:45:18.719258+00:00
nudexnxx.com,AVAILABILITY,origin.list,2026-10-01 15:52:12.019675+00:00
plexsex.com,AVAILABILITY,origin.list,2026-10-01 15:53:46.739152+00:00
sexxss.net,AVAILABILITY,origin.list,2026-10-01 15:56:36.306652+00:00
shzhongquan.com,AVAILABILITY,origin.list,2026-10-01 15:56:42.508935+00:00
coiphimsex.icu,AVAILABILITY,origin.list,2026-10-01 16:08:25.512238+00:00
lenlut.ac,AVAILABILITY,origin.list,2026-10-01 16:08:31.862738+00:00
sextruyen.com,AVAILABILITY,origin.list,2026-10-01 21:42:50.062382+00:00
xnxx-sex.net,AVAILABILITY,origin.list,2026-10-01 21:43:00.125644+00:00
782232.com,AVAILABILITY,origin.list,2026-10-02 06:16:32.156050+00:00
newxgirls.site,AVAILABILITY,origin.list,2026-10-02 06:23:00.396087+00:00
hentaivn.forum,AVAILABILITY,origin.list,2026-10-02 06:27:10.739972+00:00
5155110.com,AVAILABILITY,origin.list,2026-10-02 15:02:46.630395+00:00
927n.com,AVAILABILITY,origin.list,2026-10-02 15:03:16.556979+00:00
billionpornvideos.com,AVAILABILITY,origin.list,2026-10-02 15:04:34.422026+00:00
candyhub.online,AVAILABILITY,origin.list,2026-10-02 15:04:50.911330+00:00
cnlingon.com,AVAILABILITY,origin.list,2026-10-02 15:05:43.632782+00:00
cuckold-wife.com,AVAILABILITY,origin.list,2026-10-02 15:05:50.343959+00:00
dongxiangsh.com,AVAILABILITY,origin.list,2026-10-02 15:06:30.566352+00:00
hacnsyxx.com,AVAILABILITY,origin.list,2026-10-02 15:08:05.938024+00:00
homesex.top,AVAILABILITY,origin.list,2026-10-02 15:08:51.603757+00:00
hotcutiegirls.com,AVAILABILITY,origin.list,2026-10-02 15:08:53.568279+00:00
javhd.uno,AVAILABILITY,origin.list,2026-10-02 15:09:40.514542+00:00
jiuse914.com,AVAILABILITY,origin.list,2026-10-02 15:10:12.184470+00:00
jiuse916.com,AVAILABILITY,origin.list,2026-10-02 15:10:17.116624+00:00
jiuse919.com,AVAILABILITY,origin.list,2026-10-02 15:10:18.138835+00:00
juhui66.com,AVAILABILITY,origin.list,2026-10-02 15:10:26.844693+00:00
nmgxfy.com,AVAILABILITY,origin.list,2026-10-02 15:12:36.230107+00:00
nudevietnam.com,AVAILABILITY,origin.list,2026-10-02 15:12:39.552325+00:00
phimnguoilon.online,AVAILABILITY,origin.list,2026-10-02 15:13:26.295774+00:00
qmh.gun.lat,AVAILABILITY,origin.list,2026-10-02 15:15:23.499398+00:00
rphangx.net,AVAILABILITY,origin.list,2026-10-02 15:15:49.294482+00:00
sds332.com,AVAILABILITY,origin.list,2026-10-02 15:16:05.872036+00:00
sexmature.fun,AVAILABILITY,origin.list,2026-10-02 15:16:41.865087+00:00
xtubes.fun,AVAILABILITY,origin.list,2026-10-02 15:20:41.321098+00:00
xxxmovies.fun,AVAILABILITY,origin.list,2026-10-02 15:21:05.510808+00:00
yttc.net,AVAILABILITY,origin.list,2026-10-02 15:21:26.209781+00:00
akrsna.com,AVAILABILITY,origin.list,2026-10-02 15:28:44.622501+00:00
098325.com,AVAILABILITY,origin.list,2026-10-02 15:28:44.773536+00:00
asianhairypussy.com,AVAILABILITY,origin.list,2026-10-02 15:28:50.718921+00:00
bootynu.com,AVAILABILITY,origin.list,2026-10-02 15:28:51.044804+00:00
hotfuckmovies.net,AVAILABILITY,origin.list,2026-10-02 15:28:56.851172+00:00
df-seed.com,AVAILABILITY,origin.list,2026-10-02 15:28:57.260739+00:00
javhdzz.net,AVAILABILITY,origin.list,2026-10-02 15:29:02.848954+00:00
hs485.cam,AVAILABILITY,origin.list,2026-10-02 15:29:04.312454+00:00
mtt36.com,AVAILABILITY,origin.list,2026-10-02 15:29:09.054907+00:00
nuotvl.com,AVAILABILITY,origin.list,2026-10-02 15:29:10.495042+00:00
sma888.com,AVAILABILITY,origin.list,2026-10-02 15:29:15.138382+00:00
wse61.cam,AVAILABILITY,origin.list,2026-10-02 15:29:17.593045+00:00
xemphimjav.net,AVAILABILITY,origin.list,2026-10-02 15:29:21.228204+00:00
xvideos101.com,AVAILABILITY,origin.list,2026-10-02 15:29:23.732787+00:00
yunxiaoqq.com,AVAILABILITY,origin.list,2026-10-02 15:29:27.329699+00:00
zhuyingbj.com,AVAILABILITY,origin.list,2026-10-02 15:29:29.890293+00:00
phimheo.fun,AVAILABILITY,origin.list,2026-10-02 15:29:33.518824+00:00
692506.com,AVAILABILITY,origin.list,2026-10-02 15:29:35.997294+00:00
boysteengaysfree.com,AVAILABILITY,origin.list,2026-10-02 15:29:39.615708+00:00
cummeariver.com,AVAILABILITY,origin.list,2026-10-02 15:29:42.185609+00:00
cyberpornx.net,AVAILABILITY,origin.list,2026-10-02 15:29:45.874871+00:00
haier88.com,AVAILABILITY,origin.list,2026-10-02 15:29:48.227543+00:00
gesbd.com,AVAILABILITY,origin.list,2026-10-02 15:29:51.941765+00:00
jiusese77.com,AVAILABILITY,origin.list,2026-10-02 15:29:54.263460+00:00
gotporn.site,AVAILABILITY,origin.list,2026-10-02 15:29:58.004170+00:00
indian-porn.me,AVAILABILITY,origin.list,2026-10-02 15:30:00.643407+00:00
jnrc2010.com,AVAILABILITY,origin.list,2026-10-02 15:30:04.016516+00:00
japan-porn.pro,AVAILABILITY,origin.list,2026-10-02 15:30:07.096547+00:00
jstv9108.com,AVAILABILITY,origin.list,2026-10-02 15:30:10.039492+00:00
jstv9120.com,AVAILABILITY,origin.list,2026-10-02 15:30:13.125562+00:00
lyxinglong.com,AVAILABILITY,origin.list,2026-10-02 15:30:16.308204+00:00
phimhdsex.com,AVAILABILITY,origin.list,2026-10-02 15:30:22.483220+00:00
jyrmsc.com,AVAILABILITY,origin.list,2026-10-02 15:30:24.311338+00:00
prostitutkinizhnegotagiladosug.com,AVAILABILITY,origin.list,2026-10-02 15:30:28.651439+00:00
prostitutkisochi2021.com,AVAILABILITY,origin.list,2026-10-02 15:30:30.532371+00:00
288580.com,AVAILABILITY,origin.list,2026-10-02 15:30:34.791238+00:00
phimsexviet.info,AVAILABILITY,origin.list,2026-10-02 15:30:36.629241+00:00
316150.com,AVAILABILITY,origin.list,2026-10-02 15:30:40.906141+00:00
805662.com,AVAILABILITY,origin.list,2026-10-02 15:30:42.821598+00:00
sxtlw.com,AVAILABILITY,origin.list,2026-10-02 15:30:46.936616+00:00
170650.com,AVAILABILITY,origin.list,2026-10-02 15:30:48.947875+00:00
bdhdbook.com,AVAILABILITY,origin.list,2026-10-02 15:30:53.204126+00:00
xijiutang.net,AVAILABILITY,origin.list,2026-10-02 15:30:54.887382+00:00
360003.com,AVAILABILITY,origin.list,2026-10-02 15:30:59.202394+00:00
sdbzch.com,AVAILABILITY,origin.list,2026-10-02 15:31:01.110502+00:00
826062.com,AVAILABILITY,origin.list,2026-10-02 15:31:05.373681+00:00
826072.com,AVAILABILITY,origin.list,2026-10-02 15:31:07.132688+00:00
sex2019.pro,AVAILABILITY,origin.list,2026-10-02 15:31:11.635677+00:00
826502.com,AVAILABILITY,origin.list,2026-10-02 15:31:13.285545+00:00
826530.com,AVAILABILITY,origin.list,2026-10-02 15:31:17.872972+00:00
xxxpretty.com,AVAILABILITY,origin.list,2026-10-02 15:31:19.232597+00:00
cnjingda.com,AVAILABILITY,origin.list,2026-10-02 15:31:23.904484+00:00
g52agaxxeart.xyz,AVAILABILITY,origin.list,2026-10-02 15:31:25.823053+00:00
gay-xvideos.net,AVAILABILITY,origin.list,2026-10-02 15:31:30.192185+00:00
haoyumuye.com,AVAILABILITY,origin.list,2026-10-02 15:31:31.927046+00:00
gzjq.net,AVAILABILITY,origin.list,2026-10-02 15:31:36.409563+00:00
hjiuse.com,AVAILABILITY,origin.list,2026-10-02 15:31:37.921282+00:00
gaisex.top,AVAILABILITY,origin.list,2026-10-02 15:31:43.744227+00:00
fuck2020.pro,AVAILABILITY,origin.list,2026-10-02 15:31:44.148365+00:00
lsj203.com,AVAILABILITY,origin.list,2026-10-02 15:31:49.792115+00:00
jgc94.com,AVAILABILITY,origin.list,2026-10-02 15:31:50.145316+00:00
lsj216.com,AVAILABILITY,origin.list,2026-10-02 15:31:55.880242+00:00
mmv64.com,AVAILABILITY,origin.list,2026-10-02 15:31:56.245499+00:00
t2share.net,AVAILABILITY,origin.list,2026-10-02 15:32:02.223331+00:00
sex-sub.com,AVAILABILITY,origin.list,2026-10-02 15:32:08.297502+00:00
sex2020.pro,AVAILABILITY,origin.list,2026-10-02 15:32:14.776883+00:00
xamvn.sh,AVAILABILITY,origin.list,2026-10-02 15:32:21.138115+00:00
180109.com,AVAILABILITY,origin.list,2026-10-02 15:32:27.106699+00:00
porn2020.pro,AVAILABILITY,origin.list,2026-10-02 15:32:33.469197+00:00
zytjx.com,AVAILABILITY,origin.list,2026-10-02 15:32:37.832837+00:00
babeimg.com,AVAILABILITY,origin.list,2026-10-02 15:32:39.746207+00:00
bhabhiporn.net,AVAILABILITY,origin.list,2026-10-02 15:32:43.853956+00:00
bolilighting.com,AVAILABILITY,origin.list,2026-10-02 15:32:45.801477+00:00
dsycy.com,AVAILABILITY,origin.list,2026-10-02 15:32:49.937726+00:00
hongfuhk.com,AVAILABILITY,origin.list,2026-10-02 15:32:51.786352+00:00
36xjj.com,AVAILABILITY,origin.list,2026-10-02 15:32:56.020804+00:00
50aee.com,AVAILABILITY,origin.list,2026-10-02 15:32:57.764336+00:00
823130.com,AVAILABILITY,origin.list,2026-10-02 15:33:02.073590+00:00
api2.mlyqz.com,AVAILABILITY,origin.list,2026-10-02 15:33:03.809225+00:00
boygays.net,AVAILABILITY,origin.list,2026-10-02 15:33:08.122416+00:00
baofenghouse.com,AVAILABILITY,origin.list,2026-10-02 15:33:09.861004+00:00
chinajuri.com,AVAILABILITY,origin.list,2026-10-02 15:33:14.338448+00:00
clipsex69.com,AVAILABILITY,origin.list,2026-10-02 15:33:15.935130+00:00
d9lman.com,AVAILABILITY,origin.list,2026-10-02 15:33:20.308519+00:00
ebonyasspics.net,AVAILABILITY,origin.list,2026-10-02 15:33:21.987828+00:00
fasien.com,AVAILABILITY,origin.list,2026-10-02 15:33:27.977913+00:00
gay-xnxx.net,AVAILABILITY,origin.list,2026-10-02 15:33:34.026066+00:00
sex3.vip,AVAILABILITY,origin.list,2026-10-02 15:33:35.490204+00:00
gaypornvideos.net,AVAILABILITY,origin.list,2026-10-02 15:33:39.945922+00:00
javigm.com,AVAILABILITY,origin.list,2026-10-02 15:33:45.977286+00:00
livesex-sexchat.net,AVAILABILITY,origin.list,2026-10-02 15:33:51.906519+00:00
kb888kb.com,AVAILABILITY,origin.list,2026-10-02 15:33:57.907186+00:00
pornhub-teen.com,AVAILABILITY,origin.list,2026-10-02 15:34:03.873585+00:00
sextrungquoc.kim,AVAILABILITY,origin.list,2026-10-02 15:34:10.232664+00:00
tinh69.com,AVAILABILITY,origin.list,2026-10-02 15:34:16.469285+00:00
phimsexdongtinh.lol,AVAILABILITY,origin.list,2026-10-02 15:34:16.700728+00:00
sextubearea.com,AVAILABILITY,origin.list,2026-10-02 15:34:22.637309+00:00
theporndudegay.com,AVAILABILITY,origin.list,2026-10-02 15:34:22.912765+00:00
theteenporn.net,AVAILABILITY,origin.list,2026-10-02 15:34:28.953911+00:00
vlxxvc.com,AVAILABILITY,origin.list,2026-10-02 15:34:29.018062+00:00
xichai.net,AVAILABILITY,origin.list,2026-10-02 15:34:35.150349+00:00
www.xvideos.pics,AVAILABILITY,origin.list,2026-10-02 15:34:36.332635+00:00
xnxx-gay.net,AVAILABILITY,origin.list,2026-10-02 15:34:41.302151+00:00
cycmedb.com,AVAILABILITY,origin.list,2026-10-02 15:34:42.418162+00:00
fastpornsite.com,AVAILABILITY,origin.list,2026-10-02 15:34:48.563887+00:00
zhaifu.top,AVAILABILITY,origin.list,2026-10-02 15:34:48.584912+00:00
indian-xnxx.net,AVAILABILITY,origin.list,2026-10-02 15:34:54.730368+00:00
vlsex88.one,AVAILABILITY,origin.list,2026-10-02 15:34:55.166391+00:00
jldtex.com,AVAILABILITY,origin.list,2026-10-02 15:35:00.775478+00:00
filmeporno2.xxx,AVAILABILITY,origin.list,2026-10-02 15:35:01.748432+00:00
jsmhjx.com,AVAILABILITY,origin.list,2026-10-02 15:35:06.930101+00:00
myh925.com,AVAILABILITY,origin.list,2026-10-02 15:35:13.094600+00:00
sexvnhay.com,AVAILABILITY,origin.list,2026-10-02 15:35:19.129916+00:00
sdztyn.com,AVAILABILITY,origin.list,2026-10-02 15:35:25.121581+00:00
sexyandnude.net,AVAILABILITY,origin.list,2026-10-02 15:35:31.419949+00:00
szycpy.com,AVAILABILITY,origin.list,2026-10-02 15:35:37.564083+00:00
ythuiwei.com,AVAILABILITY,origin.list,2026-10-02 15:35:43.552188+00:00
bjhcpj.com,AVAILABILITY,origin.list,2026-10-02 15:35:43.717169+00:00
weiba86.com,AVAILABILITY,origin.list,2026-10-02 15:35:49.719202+00:00
gxhkzs.com,AVAILABILITY,origin.list,2026-10-02 15:35:49.748675+00:00
gbftz.com,AVAILABILITY,origin.list,2026-10-02 15:35:55.714623+00:00
hzlqqz.com,AVAILABILITY,origin.list,2026-10-02 15:35:55.940692+00:00
21benke.com,AVAILABILITY,origin.list,2026-10-02 15:36:01.834398+00:00
xxdem.pro,AVAILABILITY,origin.list,2026-10-02 15:36:02.783181+00:00
chanzongshaolin.com,AVAILABILITY,origin.list,2026-10-02 15:36:08.103111+00:00
z88.one,AVAILABILITY,origin.list,2026-10-02 15:36:08.713202+00:00
hindiporn.click,AVAILABILITY,origin.list,2026-10-02 15:36:14.417840+00:00
hq-porntube.com,AVAILABILITY,origin.list,2026-10-02 15:36:14.650776+00:00
indianxxx.click,AVAILABILITY,origin.list,2026-10-02 15:36:20.460618+00:00
indian-xnxx.click,AVAILABILITY,origin.list,2026-10-02 15:36:20.709472+00:00
jxlkbj.com,AVAILABILITY,origin.list,2026-10-02 15:36:26.419500+00:00
jiuhuangdoors.com,AVAILABILITY,origin.list,2026-10-02 15:36:26.771477+00:00
syjiguang.com,AVAILABILITY,origin.list,2026-10-02 15:36:32.437901+00:00
zchuachang.com,AVAILABILITY,origin.list,2026-10-02 15:36:32.812674+00:00
18bbs.net,AVAILABILITY,origin.list,2026-10-02 15:36:38.431941+00:00
sexyfeet.xyz,AVAILABILITY,origin.list,2026-10-02 15:36:39.262078+00:00
vlphimsex.pw,AVAILABILITY,origin.list,2026-10-02 15:36:44.683653+00:00
best-video-porn.com,AVAILABILITY,origin.list,2026-10-02 15:36:45.217322+00:00
0572df.com,AVAILABILITY,origin.list,2026-10-02 15:36:50.649201+00:00
center310.com,AVAILABILITY,origin.list,2026-10-02 15:36:51.261687+00:00
hw0030.com,AVAILABILITY,origin.list,2026-10-02 15:36:56.651401+00:00
jingkong168.com,AVAILABILITY,origin.list,2026-10-02 15:36:57.186394+00:00
kanxinyou.com,AVAILABILITY,origin.list,2026-10-02 15:37:02.791088+00:00
live18k.me,AVAILABILITY,origin.list,2026-10-02 15:37:03.414912+00:00
ecteaching.net,AVAILABILITY,origin.list,2026-10-02 15:37:09.371708+00:00
javhd.services,AVAILABILITY,origin.list,2026-10-02 15:37:09.810085+00:00
phimsexvlxx.pro,AVAILABILITY,origin.list,2026-10-02 15:37:15.614673+00:00
stocksh.com,AVAILABILITY,origin.list,2026-10-02 15:37:15.983472+00:00
vr4asv.cn,AVAILABILITY,origin.list,2026-10-02 15:37:25.447231+00:00
sexmoi.online,AVAILABILITY,origin.list,2026-10-02 15:37:26.510312+00:00
sxzzj.com,AVAILABILITY,origin.list,2026-10-02 15:37:31.403069+00:00
prostitutkikalugigid.date,AVAILABILITY,origin.list,2026-10-02 15:37:32.886205+00:00
gzmeiyugao.com,AVAILABILITY,origin.list,2026-10-02 15:37:37.415371+00:00
shouzukoubing.com,AVAILABILITY,origin.list,2026-10-02 15:37:38.969644+00:00
29fa.com,AVAILABILITY,origin.list,2026-10-02 15:37:43.422423+00:00
yichenghanxi.com,AVAILABILITY,origin.list,2026-10-02 15:37:44.975482+00:00
cqfh66.com,AVAILABILITY,origin.list,2026-10-02 15:37:49.486530+00:00
youngerasiangirl.net,AVAILABILITY,origin.list,2026-10-02 15:37:51.110575+00:00
chinesexxxpics.com,AVAILABILITY,origin.list,2026-10-02 15:37:55.442326+00:00
bjxxdsl.com,AVAILABILITY,origin.list,2026-10-02 15:37:57.088581+00:00
gdwzt.com,AVAILABILITY,origin.list,2026-10-02 15:38:03.205394+00:00
phimsexvlxx.org,AVAILABILITY,origin.list,2026-10-02 15:38:03.389446+00:00
gzpingyi.com,AVAILABILITY,origin.list,2026-10-02 15:38:09.128492+00:00
xtysj.net,AVAILABILITY,origin.list,2026-10-02 15:38:09.348750+00:00
hnzzyst.com,AVAILABILITY,origin.list,2026-10-02 15:38:15.308387+00:00
nudegirlstube.net,AVAILABILITY,origin.list,2026-10-02 15:38:15.367272+00:00
meusanimes.net,AVAILABILITY,origin.list,2026-10-02 15:38:21.370380+00:00
pornwildhd.com,AVAILABILITY,origin.list,2026-10-02 15:38:21.530759+00:00
psy023.com,AVAILABILITY,origin.list,2026-10-02 15:38:27.581392+00:00
phimonline.click,AVAILABILITY,origin.list,2026-10-02 15:38:27.690809+00:00
xxxrussianporn.com,AVAILABILITY,origin.list,2026-10-02 15:38:33.704970+00:00
ppichinabj.com,AVAILABILITY,origin.list,2026-10-02 15:38:33.849082+00:00
theasses.com,AVAILABILITY,origin.list,2026-10-02 15:38:39.902105+00:00
yourvoyeurpics.com,AVAILABILITY,origin.list,2026-10-02 15:38:39.977584+00:00
shiyuanbeier.com,AVAILABILITY,origin.list,2026-10-02 15:38:46.073611+00:00
gs808.com,AVAILABILITY,origin.list,2026-10-02 15:38:46.177115+00:00
64sds.com,AVAILABILITY,origin.list,2026-10-02 15:38:52.281521+00:00
bnezsg.com,AVAILABILITY,origin.list,2026-10-02 15:38:52.288520+00:00
huilanshi.com,AVAILABILITY,origin.list,2026-10-02 15:38:58.419640+00:00
gzxzg.com,AVAILABILITY,origin.list,2026-10-02 15:38:58.528469+00:00
3mhr.com,AVAILABILITY,origin.list,2026-10-02 15:39:04.589545+00:00
phimsexx.net,AVAILABILITY,origin.list,2026-10-02 15:39:04.646534+00:00
qmisurgical.com,AVAILABILITY,origin.list,2026-10-02 15:39:10.700261+00:00
ttav27.com,AVAILABILITY,origin.list,2026-10-02 15:39:10.701799+00:00
amateurexgfs.com,AVAILABILITY,origin.list,2026-10-02 15:39:16.852575+00:00
bestlesbiansex.net,AVAILABILITY,origin.list,2026-10-02 15:39:16.868149+00:00
asian-cuties-online.com,AVAILABILITY,origin.list,2026-10-02 15:39:22.764447+00:00
pornovideosfree.net,AVAILABILITY,origin.list,2026-10-02 15:39:26.608918+00:00
freelesbiansporn.net,AVAILABILITY,origin.list,2026-10-02 15:39:29.067162+00:00
emamulti.com,AVAILABILITY,origin.list,2026-10-02 15:39:35.314178+00:00
hnlnsm.com,AVAILABILITY,origin.list,2026-10-02 15:39:39.268210+00:00
hwgyl.com,AVAILABILITY,origin.list,2026-10-02 15:39:41.410334+00:00
hentaitv.app,AVAILABILITY,origin.list,2026-10-02 15:39:45.623967+00:00
lesbiansexporn.net,AVAILABILITY,origin.list,2026-10-02 15:39:47.563751+00:00
reg400.com,AVAILABILITY,origin.list,2026-10-02 15:39:53.810720+00:00
longpenggroup.cn,AVAILABILITY,origin.list,2026-10-02 15:39:54.854566+00:00
aiceclub1.top,AVAILABILITY,origin.list,2026-10-02 15:40:01.271063+00:00
freesex.wtf,AVAILABILITY,origin.list,2026-10-02 15:40:01.489788+00:00
jsshuhua.com,AVAILABILITY,origin.list,2026-10-02 15:40:07.300778+00:00
haysex.plus,AVAILABILITY,origin.list,2026-10-02 15:40:07.521292+00:00
she-pee-squirt.com,AVAILABILITY,origin.list,2026-10-02 15:40:13.294729+00:00
sndta.com,AVAILABILITY,origin.list,2026-10-02 15:40:13.615190+00:00
sxhcby.com,AVAILABILITY,origin.list,2026-10-02 15:40:19.200719+00:00
tauchu.com,AVAILABILITY,origin.list,2026-10-02 15:40:19.573408+00:00
prostitutkichelyabinskagid.net,AVAILABILITY,origin.list,2026-10-02 15:40:25.286577+00:00
bao81.com,AVAILABILITY,origin.list,2026-10-02 15:40:25.542047+00:00
javhd.bio,AVAILABILITY,origin.list,2026-10-02 15:40:31.956121+00:00
sexvideos.porn,AVAILABILITY,origin.list,2026-10-02 15:40:32.578778+00:00
bc386.com,AVAILABILITY,origin.list,2026-10-02 15:40:38.552969+00:00
freegayporn.xyz,AVAILABILITY,origin.list,2026-10-02 15:40:38.589945+00:00
sexkex.com,AVAILABILITY,origin.list,2026-10-02 15:40:44.615988+00:00
ixnxx.net,AVAILABILITY,origin.list,2026-10-02 15:40:44.762108+00:00
kimygloss.com,AVAILABILITY,origin.list,2026-10-02 15:40:50.623813+00:00
xfwfmm.com,AVAILABILITY,origin.list,2026-10-02 15:40:50.970830+00:00
yxotmzb.com,AVAILABILITY,origin.list,2026-10-02 15:40:57.058118+00:00
hdmmovies.pro,AVAILABILITY,origin.list,2026-10-02 15:40:57.330582+00:00
gadit.pro,AVAILABILITY,origin.list,2026-10-02 15:41:03.400431+00:00
sextop1.group,AVAILABILITY,origin.list,2026-10-02 15:41:03.584240+00:00
demnay.com,AVAILABILITY,origin.list,2026-10-02 15:41:09.380887+00:00
cnxiangqiao.com,AVAILABILITY,origin.list,2026-10-02 15:41:09.585935+00:00
gdlianxiang.com,AVAILABILITY,origin.list,2026-10-02 15:41:15.461175+00:00
masstina.com,AVAILABILITY,origin.list,2026-10-02 15:41:15.587191+00:00
phimsexhocsinh.net,AVAILABILITY,origin.list,2026-10-02 15:41:21.480742+00:00
tjksqzjx.com,AVAILABILITY,origin.list,2026-10-02 15:41:21.670485+00:00
porn-hd-xxx.pro,AVAILABILITY,origin.list,2026-10-02 15:41:27.495733+00:00
cu0cc0.cn,AVAILABILITY,origin.list,2026-10-02 15:41:30.557900+00:00
xjwhsc.com,AVAILABILITY,origin.list,2026-10-02 15:41:33.578817+00:00
truyensex69.net,AVAILABILITY,origin.list,2026-10-02 15:41:36.618427+00:00
jc0993.com,AVAILABILITY,origin.list,2026-10-02 15:41:39.680925+00:00
njldlaw.com,AVAILABILITY,origin.list,2026-10-02 15:41:42.646617+00:00
sexdep.biz,AVAILABILITY,origin.list,2026-10-02 15:41:47.930654+00:00
feihongedu.com,AVAILABILITY,origin.list,2026-10-02 15:41:48.742926+00:00
s3xvn.com,AVAILABILITY,origin.list,2026-10-02 15:41:53.921606+00:00
watchmygfname.pro,AVAILABILITY,origin.list,2026-10-02 15:41:55.298900+00:00
sunjianer.com,AVAILABILITY,origin.list,2026-10-02 15:48:49.018642+00:00
www.s3xvn.com,AVAILABILITY,origin.list,2026-10-02 15:48:49.121166+00:00
tjmuge.com,AVAILABILITY,origin.list,2026-10-02 15:48:54.753166+00:00
granny-xnxx.com,AVAILABILITY,origin.list,2026-10-02 15:48:54.761411+00:00
vnp888.com,AVAILABILITY,origin.list,2026-10-02 15:49:00.509256+00:00
dzxftf.com,AVAILABILITY,origin.list,2026-10-02 15:49:00.511458+00:00
shingwm.com,AVAILABILITY,origin.list,2026-10-02 15:49:06.158198+00:00
mom-son.pro,AVAILABILITY,origin.list,2026-10-02 15:49:06.263121+00:00
mmn65.com,AVAILABILITY,origin.list,2026-10-02 15:49:11.844575+00:00
uutit.cn,AVAILABILITY,origin.list,2026-10-02 15:49:15.809022+00:00
manga-porn.com,AVAILABILITY,origin.list,2026-10-02 15:49:17.657577+00:00
zsmic.com,AVAILABILITY,origin.list,2026-10-02 15:49:21.623255+00:00
prostitutkivladimira2021.com,AVAILABILITY,origin.list,2026-10-02 15:49:23.397270+00:00
oiyee.com,AVAILABILITY,origin.list,2026-10-02 15:49:27.659053+00:00
xxxviet.pro,AVAILABILITY,origin.list,2026-10-02 15:49:29.184595+00:00
sexhdpro.com,AVAILABILITY,origin.list,2026-10-02 15:49:33.446757+00:00
mmtv004.com,AVAILABILITY,origin.list,2026-10-02 15:49:34.950553+00:00
18yo.pro,AVAILABILITY,origin.list,2026-10-02 15:49:40.474690+00:00
mmtv020.com,AVAILABILITY,origin.list,2026-10-02 15:49:40.614703+00:00
mmtv015.com,AVAILABILITY,origin.list,2026-10-02 15:49:46.124019+00:00
nbxlbj.com,AVAILABILITY,origin.list,2026-10-02 15:49:46.312944+00:00
besthenan.com,AVAILABILITY,origin.list,2026-10-02 15:49:51.786300+00:00
kavaborg.net,AVAILABILITY,origin.list,2026-10-02 15:49:52.009792+00:00
phimsextuoi18.net,AVAILABILITY,origin.list,2026-10-02 15:49:57.597697+00:00
prostitutkikrasnoyarskasex.net,AVAILABILITY,origin.list,2026-10-02 15:49:57.739402+00:00
babepornhd.com,AVAILABILITY,origin.list,2026-10-02 15:50:03.267162+00:00
shijiefence.com,AVAILABILITY,origin.list,2026-10-02 15:50:03.592367+00:00
83221222.com,AVAILABILITY,origin.list,2026-10-02 15:50:08.949728+00:00
manhwa24hs.com,AVAILABILITY,origin.list,2026-10-02 15:50:09.426167+00:00
sexvn2024.pro,AVAILABILITY,origin.list,2026-10-02 15:50:14.509726+00:00
hentai9.info,AVAILABILITY,origin.list,2026-10-02 15:50:18.133733+00:00
cdn.manhwa24hs.com,AVAILABILITY,origin.list,2026-10-02 15:50:20.152248+00:00
hnztujidan.com,AVAILABILITY,origin.list,2026-10-02 15:50:23.858574+00:00
sextop3s.net,AVAILABILITY,origin.list,2026-10-02 15:50:25.744414+00:00
xxxn.club,AVAILABILITY,origin.list,2026-10-02 15:50:30.609265+00:00
sxdiaosu.com,AVAILABILITY,origin.list,2026-10-02 15:50:31.370349+00:00
static.manhwa24hs.com,AVAILABILITY,origin.list,2026-10-02 15:50:36.287778+00:00
clipsexmoi.com,AVAILABILITY,origin.list,2026-10-02 15:50:36.996379+00:00
allsexart.com,AVAILABILITY,origin.list,2026-10-02 15:50:41.971131+00:00
xxasian.net,AVAILABILITY,origin.list,2026-10-02 15:50:42.722374+00:00
ppporn.net,AVAILABILITY,origin.list,2026-10-02 15:50:47.636349+00:00
wplead.ru,AVAILABILITY,origin.list,2026-10-02 15:50:51.201225+00:00
ttav82.com,AVAILABILITY,origin.list,2026-10-02 15:50:53.254424+00:00
sz-balloon.com,AVAILABILITY,origin.list,2026-10-02 15:50:56.964560+00:00
ic880.com,AVAILABILITY,origin.list,2026-10-02 15:50:58.879493+00:00
innqq.net,AVAILABILITY,origin.list,2026-10-02 15:51:02.644258+00:00
prostitutkitolyattierotic.net,AVAILABILITY,origin.list,2026-10-02 15:51:04.538952+00:00
ig7.net,AVAILABILITY,origin.list,2026-10-02 15:51:08.259248+00:00
worldporns.com,AVAILABILITY,origin.list,2026-10-02 15:51:10.149127+00:00
sxfcyy.com,AVAILABILITY,origin.list,2026-10-02 15:51:14.010904+00:00
tzisun.com,AVAILABILITY,origin.list,2026-10-02 15:51:15.946730+00:00
top1jav.net,AVAILABILITY,origin.list,2026-10-02 15:51:19.679033+00:00
stream3x.me,AVAILABILITY,origin.list,2026-10-02 15:51:23.066984+00:00
0701zs.com,AVAILABILITY,origin.list,2026-10-02 15:51:25.589232+00:00
ayzlz.com,AVAILABILITY,origin.list,2026-10-02 15:51:28.804786+00:00
yantou.net,AVAILABILITY,origin.list,2026-10-02 15:51:31.240950+00:00
cfnmcollection.com,AVAILABILITY,origin.list,2026-10-02 15:51:34.930053+00:00
9mymy.com,AVAILABILITY,origin.list,2026-10-02 15:51:36.923279+00:00
abbeymeaker.com,AVAILABILITY,origin.list,2026-10-02 15:51:40.528122+00:00
dbdb88.com,AVAILABILITY,origin.list,2026-10-02 15:51:42.536936+00:00
bucxy.com,AVAILABILITY,origin.list,2026-10-02 15:51:48.155754+00:00
vietxx.info,AVAILABILITY,origin.list,2026-10-02 15:51:49.045272+00:00
phimsex-hay.me,AVAILABILITY,origin.list,2026-10-02 15:51:56.362395+00:00
shzyt2009.cn,AVAILABILITY,origin.list,2026-10-02 15:51:58.360348+00:00
choitrai.net,AVAILABILITY,origin.list,2026-10-02 15:52:02.721550+00:00
cs-hg.com,AVAILABILITY,origin.list,2026-10-02 15:52:04.038308+00:00
xnxx-com.net,AVAILABILITY,origin.list,2026-10-02 15:52:09.675357+00:00
lesbiantube.pro,AVAILABILITY,origin.list,2026-10-02 15:52:10.287974+00:00
phimsexhay.icu,AVAILABILITY,origin.list,2026-10-02 15:52:15.543207+00:00
prostitutkigelendzhikahappy.info,AVAILABILITY,origin.list,2026-10-02 15:52:17.409750+00:00
shengxihuagong.com,AVAILABILITY,origin.list,2026-10-02 15:52:21.332677+00:00
javvn.info,AVAILABILITY,origin.list,2026-10-02 15:52:24.924755+00:00
asiantube.me,AVAILABILITY,origin.list,2026-10-02 15:52:29.205088+00:00
viphuangou.com,AVAILABILITY,origin.list,2026-10-02 15:52:30.722037+00:00
buomxinh.org,AVAILABILITY,origin.list,2026-10-02 15:52:35.719582+00:00
wdguofeng.com,AVAILABILITY,origin.list,2026-10-02 15:52:36.504404+00:00
xiaochangsh.com,AVAILABILITY,origin.list,2026-10-02 15:52:41.642861+00:00
xiezi1.com,AVAILABILITY,origin.list,2026-10-02 15:52:42.389383+00:00
ytgy-china.com,AVAILABILITY,origin.list,2026-10-02 15:52:47.355740+00:00
xmhdtea.com,AVAILABILITY,origin.list,2026-10-02 15:52:48.320270+00:00
jsgljx.com,AVAILABILITY,origin.list,2026-10-02 15:52:53.193633+00:00
zjgxzsw.com,AVAILABILITY,origin.list,2026-10-02 15:52:54.009229+00:00
look345.com,AVAILABILITY,origin.list,2026-10-02 15:52:59.704033+00:00
blacksex-videos.pro,AVAILABILITY,origin.list,2026-10-02 15:53:01.033069+00:00
wanggou186.com,AVAILABILITY,origin.list,2026-10-02 15:53:05.718044+00:00
nmgtrcy.com,AVAILABILITY,origin.list,2026-10-02 15:53:06.825533+00:00
anhmodel.com,AVAILABILITY,origin.list,2026-10-02 15:53:12.631691+00:00
trgcgd.cn,AVAILABILITY,origin.list,2026-10-02 15:53:14.728977+00:00
szsfengcai.com,AVAILABILITY,origin.list,2026-10-02 15:53:18.252126+00:00
fzfws.cn,AVAILABILITY,origin.list,2026-10-02 15:53:23.630422+00:00
nbaweek.com,AVAILABILITY,origin.list,2026-10-02 15:53:29.501709+00:00
chich69.co,AVAILABILITY,origin.list,2026-10-02 15:53:34.135089+00:00
huajiatuan.com,AVAILABILITY,origin.list,2026-10-02 15:53:35.188061+00:00
gyysjx.com,AVAILABILITY,origin.list,2026-10-02 15:53:39.752632+00:00
xxx2020xxx.pro,AVAILABILITY,origin.list,2026-10-02 15:53:42.912336+00:00
hentai3x.net,AVAILABILITY,origin.list,2026-10-02 15:53:45.353295+00:00
onlyretroporn.com,AVAILABILITY,origin.list,2026-10-02 15:53:48.706697+00:00
karldi.com,AVAILABILITY,origin.list,2026-10-02 15:53:51.185807+00:00
chogai.net,AVAILABILITY,origin.list,2026-10-02 15:53:54.330660+00:00
dhytdzsw.com,AVAILABILITY,origin.list,2026-10-02 15:53:56.812132+00:00
clipsexvn.me,AVAILABILITY,origin.list,2026-10-02 15:54:01.701272+00:00
cyttsp.com,AVAILABILITY,origin.list,2026-10-02 15:54:07.561529+00:00
prostitutkipskova2021.info,AVAILABILITY,origin.list,2026-10-02 15:54:10.317919+00:00
jsjhdn.com,AVAILABILITY,origin.list,2026-10-02 15:54:13.237305+00:00
cdn.subjav.sex,AVAILABILITY,origin.list,2026-10-02 15:54:16.073290+00:00
154821.com,AVAILABILITY,origin.list,2026-10-02 15:54:18.853811+00:00
subjav.sex,AVAILABILITY,origin.list,2026-10-02 15:54:21.802697+00:00
gummisan.com,AVAILABILITY,origin.list,2026-10-02 15:54:24.624673+00:00
kachihk.com,AVAILABILITY,origin.list,2026-10-02 15:54:27.729224+00:00
13811863638.com,AVAILABILITY,origin.list,2026-10-02 15:54:30.254903+00:00
a789y.com,AVAILABILITY,origin.list,2026-10-02 15:54:33.371462+00:00
2stuan.com,AVAILABILITY,origin.list,2026-10-02 15:54:35.989304+00:00
iinfun.com,AVAILABILITY,origin.list,2026-10-02 15:54:39.055464+00:00
shsuyue.com,AVAILABILITY,origin.list,2026-10-02 15:54:41.669139+00:00
jrrpq.xyz,AVAILABILITY,origin.list,2026-10-02 15:54:44.831527+00:00
classicsex.top,AVAILABILITY,origin.list,2026-10-02 15:54:47.929456+00:00
weixinuc.com,AVAILABILITY,origin.list,2026-10-02 15:54:50.441357+00:00
xi107.com,AVAILABILITY,origin.list,2026-10-02 15:54:53.616051+00:00
53536363.com,AVAILABILITY,origin.list,2026-10-02 15:54:56.042901+00:00
photocinenews.com,AVAILABILITY,origin.list,2026-10-02 15:55:00.148334+00:00
bestporn4k.com,AVAILABILITY,origin.list,2026-10-02 15:55:01.747781+00:00
realteengirlfriends.com,AVAILABILITY,origin.list,2026-10-02 15:55:07.396536+00:00
ysvzh4.cn,AVAILABILITY,origin.list,2026-10-02 15:55:08.941281+00:00
longzhouep.com,AVAILABILITY,origin.list,2026-10-02 15:55:13.031466+00:00
tomb-raider-king.com,AVAILABILITY,origin.list,2026-10-02 15:55:14.564848+00:00
sextube100.net,AVAILABILITY,origin.list,2026-10-02 15:55:20.308464+00:00
javfinder.pro,AVAILABILITY,origin.list,2026-10-02 15:55:22.677859+00:00
yi-you.net,AVAILABILITY,origin.list,2026-10-02 15:55:25.951179+00:00
msjjzssj.com,AVAILABILITY,origin.list,2026-10-02 15:55:28.302767+00:00
vnok.net,AVAILABILITY,origin.list,2026-10-02 15:55:31.567697+00:00
zblove.net,AVAILABILITY,origin.list,2026-10-02 15:55:33.936908+00:00
hollo-tube.pro,AVAILABILITY,origin.list,2026-10-02 15:55:39.685742+00:00
sexsubs.me,AVAILABILITY,origin.list,2026-10-02 15:55:41.699201+00:00
y1txt.net,AVAILABILITY,origin.list,2026-10-02 15:55:45.334969+00:00
5buy6.com,AVAILABILITY,origin.list,2026-10-02 15:55:47.487276+00:00
xvideos.bokephitam.com,AVAILABILITY,origin.list,2026-10-02 15:55:51.059100+00:00
triphopmusic.net,AVAILABILITY,origin.list,2026-10-02 15:55:53.162535+00:00
auto0791.com,AVAILABILITY,origin.list,2026-10-02 15:55:56.659318+00:00
baiyacz.com,AVAILABILITY,origin.list,2026-10-02 15:55:58.828506+00:00
hubvids.com,AVAILABILITY,origin.list,2026-10-02 15:56:02.364046+00:00
mslyh.com,AVAILABILITY,origin.list,2026-10-02 15:56:04.512225+00:00
chinajiahu.com,AVAILABILITY,origin.list,2026-10-02 15:56:10.206766+00:00
zddcss.cn,AVAILABILITY,origin.list,2026-10-02 15:56:11.122412+00:00
wukaoyan.com,AVAILABILITY,origin.list,2026-10-02 15:56:15.771240+00:00
jn-tulufan.com,AVAILABILITY,origin.list,2026-10-02 15:56:16.881524+00:00
kbaolai.com,AVAILABILITY,origin.list,2026-10-02 15:56:21.531617+00:00
gkgs88.com,AVAILABILITY,origin.list,2026-10-02 15:56:22.574993+00:00
cagldp.com,AVAILABILITY,origin.list,2026-10-02 15:56:27.356522+00:00
jcgmqjj.com,AVAILABILITY,origin.list,2026-10-02 15:56:28.378726+00:00
hentaivl.icu,AVAILABILITY,origin.list,2026-10-02 15:56:33.288484+00:00
3h7hft.cn,AVAILABILITY,origin.list,2026-10-02 15:56:36.093897+00:00
prostitutkimoskvylist.com,AVAILABILITY,origin.list,2026-10-02 15:56:39.024721+00:00
prostitutkibelgorodalist.com,AVAILABILITY,origin.list,2026-10-02 15:56:41.874366+00:00
prostitutkinizhnegonovgorodalist.com,AVAILABILITY,origin.list,2026-10-02 15:56:44.696373+00:00
prostitutkiorlalist.com,AVAILABILITY,origin.list,2026-10-02 15:56:47.627155+00:00
prostitutkinizhnevartovskalist.com,AVAILABILITY,origin.list,2026-10-02 15:56:50.422078+00:00
prostitutkisterlitamakalist.com,AVAILABILITY,origin.list,2026-10-02 15:56:53.415864+00:00
prostitutkiryazanilist.com,AVAILABILITY,origin.list,2026-10-02 15:56:56.078956+00:00
prostitutkiufylist.com,AVAILABILITY,origin.list,2026-10-02 15:56:59.100014+00:00
029you.com,AVAILABILITY,origin.list,2026-10-02 15:57:01.918171+00:00
350976.com,AVAILABILITY,origin.list,2026-10-02 15:57:04.939816+00:00
bjsstd.com,AVAILABILITY,origin.list,2026-10-02 15:57:10.614274+00:00
a2534.cn,AVAILABILITY,origin.list,2026-10-02 15:57:11.089089+00:00
cloudyzgirl.com,AVAILABILITY,origin.list,2026-10-02 15:57:16.281893+00:00
gu20e0.cn,AVAILABILITY,origin.list,2026-10-02 15:57:19.183922+00:00
gayporndude.net,AVAILABILITY,origin.list,2026-10-02 15:57:22.006234+00:00
hzhshz.com,AVAILABILITY,origin.list,2026-10-02 15:57:24.800696+00:00
ntsmwx.com,AVAILABILITY,origin.list,2026-10-02 15:57:27.813029+00:00
sdyinrun.com,AVAILABILITY,origin.list,2026-10-02 15:57:30.488299+00:00
tlcng.com,AVAILABILITY,origin.list,2026-10-02 15:57:33.464494+00:00
xxnxx.run,AVAILABILITY,origin.list,2026-10-02 15:57:36.495199+00:00
ytlvxin.com,AVAILABILITY,origin.list,2026-10-02 15:57:39.264543+00:00
yjshare.com,AVAILABILITY,origin.list,2026-10-02 15:57:42.388159+00:00
avic-changli.com,AVAILABILITY,origin.list,2026-10-02 15:57:45.035544+00:00
aopu-ac.com,AVAILABILITY,origin.list,2026-10-02 15:57:48.170747+00:00
exclusiveteenpics.com,AVAILABILITY,origin.list,2026-10-02 15:57:50.660354+00:00
majicmaza.com,AVAILABILITY,origin.list,2026-10-02 15:57:53.961870+00:00
hongmutianxia.com,AVAILABILITY,origin.list,2026-10-02 15:57:56.334512+00:00
chs2000.com,AVAILABILITY,origin.list,2026-10-02 15:57:59.645254+00:00
cnpifu.com,AVAILABILITY,origin.list,2026-10-02 15:58:02.158051+00:00
bigelow-homs.com,AVAILABILITY,origin.list,2026-10-02 15:58:05.309256+00:00
gree-nj.com,AVAILABILITY,origin.list,2026-10-02 15:58:08.055753+00:00
168oem.com,AVAILABILITY,origin.list,2026-10-02 15:58:11.006339+00:00
flsmw.com,AVAILABILITY,origin.list,2026-10-02 15:58:13.737781+00:00
similaradultsites.com,AVAILABILITY,origin.list,2026-10-02 15:58:16.610906+00:00
hncf2015.com,AVAILABILITY,origin.list,2026-10-02 15:58:19.354121+00:00
lechaw.com,AVAILABILITY,origin.list,2026-10-02 15:58:22.377112+00:00
gaigoitop.com,AVAILABILITY,origin.list,2026-10-02 15:58:25.028161+00:00
maturechinesemom.com,AVAILABILITY,origin.list,2026-10-02 15:58:27.988768+00:00
slut-hotel.com,AVAILABILITY,origin.list,2026-10-02 15:58:30.693079+00:00
dokatehnik.ru,AVAILABILITY,origin.list,2026-10-02 15:58:35.499864+00:00
9ccn.net,AVAILABILITY,origin.list,2026-10-02 15:58:36.555185+00:00
dssbj.com,AVAILABILITY,origin.list,2026-10-02 15:58:41.123584+00:00
aoblogistics.com,AVAILABILITY,origin.list,2026-10-02 15:58:42.179307+00:00
baplusmall.com,AVAILABILITY,origin.list,2026-10-02 15:58:46.817267+00:00
sexviet2k.com,AVAILABILITY,origin.list,2026-10-02 15:58:47.838322+00:00
liyongjiaju.com,AVAILABILITY,origin.list,2026-10-02 15:58:52.560535+00:00
jinansuyuan.com,AVAILABILITY,origin.list,2026-10-02 15:58:53.438993+00:00
jsmpsc.com,AVAILABILITY,origin.list,2026-10-02 15:58:58.252668+00:00
shkefeng.net,AVAILABILITY,origin.list,2026-10-02 15:58:59.061310+00:00
keruiw.com,AVAILABILITY,origin.list,2026-10-02 15:59:03.886173+00:00
ntjrw.com,AVAILABILITY,origin.list,2026-10-02 15:59:04.708400+00:00
hdpornclips.net,AVAILABILITY,origin.list,2026-10-02 15:59:09.595752+00:00
0515120.com,AVAILABILITY,origin.list,2026-10-02 15:59:10.423312+00:00
prostitutkiufytop.com,AVAILABILITY,origin.list,2026-10-02 15:59:16.081400+00:00
gidanwn.cn,AVAILABILITY,origin.list,2026-10-02 15:59:16.827891+00:00
hbthxxzy.com,AVAILABILITY,origin.list,2026-10-02 15:59:21.793476+00:00
hualeled.com,AVAILABILITY,origin.list,2026-10-02 15:59:22.444867+00:00
qifangwang.com,AVAILABILITY,origin.list,2026-10-02 15:59:27.519321+00:00
wjblph.com,AVAILABILITY,origin.list,2026-10-02 15:59:28.301061+00:00
jb6878.com,AVAILABILITY,origin.list,2026-10-02 15:59:33.200310+00:00
prostitutkiekaterinburgatop.com,AVAILABILITY,origin.list,2026-10-02 15:59:33.955466+00:00
prostitutkikrasnoyarskatop.com,AVAILABILITY,origin.list,2026-10-02 15:59:38.906277+00:00
prostitutkiomskatop.com,AVAILABILITY,origin.list,2026-10-02 15:59:39.540561+00:00
xxxpornotube.pro,AVAILABILITY,origin.list,2026-10-02 15:59:44.512287+00:00
prostitutkinizhnegonovgorodatop.com,AVAILABILITY,origin.list,2026-10-02 15:59:45.158626+00:00
prostitutkirostovatop.com,AVAILABILITY,origin.list,2026-10-02 15:59:50.196935+00:00
cqhjzl.com,AVAILABILITY,origin.list,2026-10-02 15:59:50.764085+00:00
hshft.com,AVAILABILITY,origin.list,2026-10-02 15:59:56.404521+00:00
sdsangu.com,AVAILABILITY,origin.list,2026-10-02 16:00:02.031262+00:00
hzslsyst.com,AVAILABILITY,origin.list,2026-10-02 16:00:07.678744+00:00
truyenheo.org,AVAILABILITY,origin.list,2026-10-02 16:00:19.439208+00:00
swingerswatching.com,AVAILABILITY,origin.list,2026-10-02 16:00:25.198768+00:00
cndxqc.com,AVAILABILITY,origin.list,2026-10-02 16:00:31.018154+00:00
sexhd.top,AVAILABILITY,origin.list,2026-10-02 16:00:32.742375+00:00
sozule.com,AVAILABILITY,origin.list,2026-10-02 16:00:36.892492+00:00
ahjfx.com,AVAILABILITY,origin.list,2026-10-02 16:00:38.503075+00:00
hmdp88.com,AVAILABILITY,origin.list,2026-10-02 16:00:42.769176+00:00
tjjishunda.com,AVAILABILITY,origin.list,2026-10-02 16:00:44.292285+00:00
vlxx3s.net,AVAILABILITY,origin.list,2026-10-02 16:00:48.536339+00:00
tlymjt.com,AVAILABILITY,origin.list,2026-10-02 16:00:50.029668+00:00
suiyuewusheng.com,AVAILABILITY,origin.list,2026-10-02 16:00:54.330308+00:00
dafa928.com,AVAILABILITY,origin.list,2026-10-02 16:00:55.886606+00:00
lzqxxh.com,AVAILABILITY,origin.list,2026-10-02 16:00:59.973335+00:00
greekpornvideos.com,AVAILABILITY,origin.list,2026-10-02 16:01:01.574277+00:00
hnyhjcc.com,AVAILABILITY,origin.list,2026-10-02 16:01:05.781842+00:00
054sds.xyz,AVAILABILITY,origin.list,2026-10-02 16:01:07.349034+00:00
lonxnxx.com,AVAILABILITY,origin.list,2026-10-02 16:01:11.632191+00:00
it95598.com,AVAILABILITY,origin.list,2026-10-02 16:01:13.159304+00:00
lzweb.net,AVAILABILITY,origin.list,2026-10-02 16:01:17.288152+00:00
qianxunyouxi.com,AVAILABILITY,origin.list,2026-10-02 16:01:18.951055+00:00
vlxx69.net,AVAILABILITY,origin.list,2026-10-02 16:01:22.985684+00:00
youngteenbabesporn.com,AVAILABILITY,origin.list,2026-10-02 16:01:24.615457+00:00
hotxxxnude.com,AVAILABILITY,origin.list,2026-10-02 16:01:28.660206+00:00
gzyhf.com,AVAILABILITY,origin.list,2026-10-02 16:01:30.289517+00:00
lesbianmoviesporn.com,AVAILABILITY,origin.list,2026-10-02 16:01:34.349733+00:00
ultimateanalmovies.com,AVAILABILITY,origin.list,2026-10-02 16:01:36.039857+00:00
prostitutkilubercy2021.com,AVAILABILITY,origin.list,2026-10-02 16:01:40.181997+00:00
asianpornvideos.pro,AVAILABILITY,origin.list,2026-10-02 16:01:42.713026+00:00
szonas.com,AVAILABILITY,origin.list,2026-10-02 16:01:45.841547+00:00
bbyibai.com,AVAILABILITY,origin.list,2026-10-02 16:01:48.402065+00:00
dejuncg.com,AVAILABILITY,origin.list,2026-10-02 16:01:51.543994+00:00
bjyhpx.com,AVAILABILITY,origin.list,2026-10-02 16:01:54.024347+00:00
ldcyl.com,AVAILABILITY,origin.list,2026-10-02 16:01:59.807721+00:00
sasal.cn,AVAILABILITY,origin.list,2026-10-02 16:02:01.735409+00:00
clipsexhot.org,AVAILABILITY,origin.list,2026-10-02 16:02:07.766641+00:00
love-hurts.org,AVAILABILITY,origin.list,2026-10-02 16:02:10.990637+00:00
nudebeachporn.net,AVAILABILITY,origin.list,2026-10-02 16:02:13.501923+00:00
sycpvzi.com,AVAILABILITY,origin.list,2026-10-02 16:02:16.691743+00:00
lsj42.com,AVAILABILITY,origin.list,2026-10-02 16:02:19.194134+00:00
xmjcx.com,AVAILABILITY,origin.list,2026-10-02 16:02:22.303464+00:00
gayxxx.click,AVAILABILITY,origin.list,2026-10-02 16:09:10.898916+00:00
cs-fc.com,AVAILABILITY,origin.list,2026-10-02 16:09:11.022778+00:00
otudou.com,AVAILABILITY,origin.list,2026-10-02 16:09:11.774495+00:00
514008.net,AVAILABILITY,origin.list,2026-10-02 16:09:12.007740+00:00
pornozadok.com,AVAILABILITY,origin.list,2026-10-02 16:09:13.005204+00:00
goigai.one,AVAILABILITY,origin.list,2026-10-02 16:09:20.034359+00:00
asianhubporn.com,AVAILABILITY,origin.list,2026-10-02 16:09:21.683202+00:00
prostitutkikemerovolist.com,AVAILABILITY,origin.list,2026-10-02 16:09:22.455710+00:00
gaylatinoporn.org,AVAILABILITY,origin.list,2026-10-02 16:09:22.986637+00:00
prostitutkikurganalist.com,AVAILABILITY,origin.list,2026-10-02 16:09:23.221482+00:00
shunlai.net,AVAILABILITY,origin.list,2026-10-02 16:09:23.741672+00:00
gongchuangqiye.com,AVAILABILITY,origin.list,2026-10-02 16:09:24.167758+00:00
prostitutkinovosibirskatop.com,AVAILABILITY,origin.list,2026-10-02 16:09:24.585013+00:00
hexievip.com,AVAILABILITY,origin.list,2026-10-02 16:09:25.220788+00:00
xazs8.net,AVAILABILITY,origin.list,2026-10-02 16:09:25.639478+00:00
mingxiantang.com,AVAILABILITY,origin.list,2026-10-02 16:09:26.371600+00:00
shengkaiwujin.com,AVAILABILITY,origin.list,2026-10-02 16:09:26.576073+00:00
stripsaver2.com,AVAILABILITY,origin.list,2026-10-02 16:09:27.317829+00:00
hengguogzn.com,AVAILABILITY,origin.list,2026-10-02 16:09:27.375384+00:00
anshunbaoan.com,AVAILABILITY,origin.list,2026-10-02 16:09:28.299392+00:00
xemsex.lol,AVAILABILITY,origin.list,2026-10-02 16:09:28.423128+00:00
bateleisi.com,AVAILABILITY,origin.list,2026-10-02 16:09:29.222869+00:00
yuesao365.com,AVAILABILITY,origin.list,2026-10-02 16:09:30.037900+00:00
chnyixin.com,AVAILABILITY,origin.list,2026-10-02 16:09:30.809872+00:00
hnxqxh.com,AVAILABILITY,origin.list,2026-10-02 16:09:31.697438+00:00
prostitutkiserpuhova2021.info,AVAILABILITY,origin.list,2026-10-02 16:09:32.228022+00:00
khoaito.net,AVAILABILITY,origin.list,2026-10-02 16:09:32.451571+00:00
pineconesmart.com,AVAILABILITY,origin.list,2026-10-02 16:09:33.210513+00:00
weixinshejiao.com,AVAILABILITY,origin.list,2026-10-02 16:09:33.214355+00:00
tuberzporn.com,AVAILABILITY,origin.list,2026-10-02 16:09:33.980839+00:00
zzv80.com,AVAILABILITY,origin.list,2026-10-02 16:09:34.048513+00:00
xvietsub.com,AVAILABILITY,origin.list,2026-10-02 16:09:34.913128+00:00
xxxtubefree.net,AVAILABILITY,origin.list,2026-10-02 16:09:34.998315+00:00
iaskjob.com,AVAILABILITY,origin.list,2026-10-02 16:09:35.780154+00:00
sdtuling.com,AVAILABILITY,origin.list,2026-10-02 16:09:35.892357+00:00
indiananalsex.net,AVAILABILITY,origin.list,2026-10-02 16:09:36.678224+00:00
asianx.top,AVAILABILITY,origin.list,2026-10-02 16:09:37.128708+00:00
trinhtiet.net,AVAILABILITY,origin.list,2026-10-02 16:09:37.427288+00:00
xxxmimi.com,AVAILABILITY,origin.list,2026-10-02 16:09:37.911409+00:00
top10jav.com,AVAILABILITY,origin.list,2026-10-02 16:09:38.391033+00:00
xxphap.net,AVAILABILITY,origin.list,2026-10-02 16:09:38.762526+00:00
taojinshop.com,AVAILABILITY,origin.list,2026-10-02 16:09:39.165400+00:00
tjrongjia.com,AVAILABILITY,origin.list,2026-10-02 16:09:39.528069+00:00
weibingwang.com,AVAILABILITY,origin.list,2026-10-02 16:09:39.951064+00:00
individualka-78.com,AVAILABILITY,origin.list,2026-10-02 16:09:40.320040+00:00
xiexieshenghuo.com,AVAILABILITY,origin.list,2026-10-02 16:09:40.726011+00:00
phym18.com,AVAILABILITY,origin.list,2026-10-02 16:09:41.110605+00:00
vn.phym18.com,AVAILABILITY,origin.list,2026-10-02 16:09:41.635126+00:00
xxxpornxtube.com,AVAILABILITY,origin.list,2026-10-02 16:09:41.976988+00:00
xxnxx.sex,AVAILABILITY,origin.list,2026-10-02 16:09:43.191976+00:00
meiteer.net,AVAILABILITY,origin.list,2026-10-02 16:09:43.964934+00:00
img.xxxphim.top,AVAILABILITY,origin.list,2026-10-02 16:09:44.886708+00:00
xcyddta.com,AVAILABILITY,origin.list,2026-10-02 16:09:45.669163+00:00
6xiche.com,AVAILABILITY,origin.list,2026-10-02 16:09:46.403526+00:00
prostitutkimagnitogorskahot.com,AVAILABILITY,origin.list,2026-10-02 16:09:47.227465+00:00
prostitutkikostromyhot.com,AVAILABILITY,origin.list,2026-10-02 16:09:47.973794+00:00
rphang.luutrurp.com,AVAILABILITY,origin.list,2026-10-02 16:09:58.933193+00:00
damvc.vip,AVAILABILITY,origin.list,2026-10-02 16:10:01.838587+00:00
lonto.top,AVAILABILITY,origin.list,2026-10-02 16:10:02.833825+00:00
atubexxx.pro,AVAILABILITY,origin.list,2026-10-02 16:10:05.564805+00:00
prostitutkiarhangelskahot.com,AVAILABILITY,origin.list,2026-10-02 16:10:06.318122+00:00
xxxphim.top,AVAILABILITY,origin.list,2026-10-02 16:10:07.460638+00:00
shemalehd.pro,AVAILABILITY,origin.list,2026-10-02 16:10:09.205343+00:00
prostitutkinizhnegotagilahot.com,AVAILABILITY,origin.list,2026-10-02 16:10:10.029855+00:00
prostitutkiramenskoehot.com,AVAILABILITY,origin.list,2026-10-02 16:10:10.775304+00:00
prostitutkistavropolyahot.com,AVAILABILITY,origin.list,2026-10-02 16:10:11.560815+00:00
prostitutkikaliningradahot.com,AVAILABILITY,origin.list,2026-10-02 16:10:12.363889+00:00
prostitutkicheboksaryhot.com,AVAILABILITY,origin.list,2026-10-02 16:10:13.110931+00:00
prostitutkikrasnodarahot.com,AVAILABILITY,origin.list,2026-10-02 16:10:13.939816+00:00
milfs-videos.com,AVAILABILITY,origin.list,2026-10-02 16:10:14.744345+00:00
top1secure.com,AVAILABILITY,origin.list,2026-10-02 16:10:15.524673+00:00
sexvl.vip,AVAILABILITY,origin.list,2026-10-02 16:10:15.752875+00:00
lsj39.com,AVAILABILITY,origin.list,2026-10-02 16:10:16.340311+00:00
sextop1k.com,AVAILABILITY,origin.list,2026-10-02 16:10:16.540183+00:00
biaild.com,AVAILABILITY,origin.list,2026-10-02 16:10:17.127326+00:00
qqlives.app,AVAILABILITY,origin.list,2026-10-02 16:10:17.587777+00:00
wowhuber.com,AVAILABILITY,origin.list,2026-10-02 16:10:17.987244+00:00
tylongfa.com,AVAILABILITY,origin.list,2026-10-02 16:10:18.338216+00:00
001aa.xyz,AVAILABILITY,origin.list,2026-10-02 16:10:19.112449+00:00
002aa.xyz,AVAILABILITY,origin.list,2026-10-02 16:10:19.408847+00:00
ss0755.com,AVAILABILITY,origin.list,2026-10-02 16:10:19.887615+00:00
dingjipx.com,AVAILABILITY,origin.list,2026-10-02 16:10:20.275971+00:00
giomingbuy.com,AVAILABILITY,origin.list,2026-10-02 16:10:21.082012+00:00
sexxyshmexy.org,AVAILABILITY,origin.list,2026-10-02 16:10:25.402334+00:00
avvietsub.com,AVAILABILITY,origin.list,2026-10-02 16:10:26.212554+00:00
004aa.xyz,AVAILABILITY,origin.list,2026-10-02 16:10:27.293131+00:00
cqqingyuan.com,AVAILABILITY,origin.list,2026-10-02 16:10:28.032081+00:00
prostitutkivoronezhasuck.info,AVAILABILITY,origin.list,2026-10-02 16:10:30.012277+00:00
002ab.xyz,AVAILABILITY,origin.list,2026-10-02 16:10:31.085605+00:00
prostitutkipenzysite.info,AVAILABILITY,origin.list,2026-10-02 16:10:31.322335+00:00
jiabo-machine.com,AVAILABILITY,origin.list,2026-10-02 16:10:32.146707+00:00
prostitutkilipetskasite.info,AVAILABILITY,origin.list,2026-10-02 16:10:36.279508+00:00
s.sexhd.io,AVAILABILITY,origin.list,2026-10-02 16:10:42.050134+00:00
rencontre-jeune.com,AVAILABILITY,origin.list,2026-10-02 16:10:42.845122+00:00
zz42zx.com,AVAILABILITY,origin.list,2026-10-02 16:10:43.585200+00:00
prostitutkilubercysite.info,AVAILABILITY,origin.list,2026-10-02 16:10:46.417743+00:00
mtbshop.ru,AVAILABILITY,origin.list,2026-10-02 16:10:47.909776+00:00
grannyxvideos.net,AVAILABILITY,origin.list,2026-10-02 16:10:48.757586+00:00
huitongonline.com,AVAILABILITY,origin.list,2026-10-02 16:10:49.633860+00:00
chinabby.com,AVAILABILITY,origin.list,2026-10-02 16:10:50.464952+00:00
prostitutkimagnitogorskasite.info,AVAILABILITY,origin.list,2026-10-02 16:10:50.553886+00:00
jldsbw.com,AVAILABILITY,origin.list,2026-10-02 16:10:51.305342+00:00
prostitutkicheboksarytop.date,AVAILABILITY,origin.list,2026-10-02 16:10:51.368331+00:00
prostitutkiadleratop.date,AVAILABILITY,origin.list,2026-10-02 16:10:52.035870+00:00
prostitutkinizhnevartovskasite.info,AVAILABILITY,origin.list,2026-10-02 16:10:57.512616+00:00
prostitutkichitytop.date,AVAILABILITY,origin.list,2026-10-02 16:10:58.278371+00:00
prostitutkikurganatop.date,AVAILABILITY,origin.list,2026-10-02 16:10:59.028472+00:00
prostitutkikrasnodaratop.com,AVAILABILITY,origin.list,2026-10-02 16:10:59.510915+00:00
prostitutkinovogourengoyasite.info,AVAILABILITY,origin.list,2026-10-02 16:11:04.460711+00:00
prostitutkidzerzhynskatop.date,AVAILABILITY,origin.list,2026-10-02 16:11:05.212751+00:00
prostitutkichelyabinskatop.date,AVAILABILITY,origin.list,2026-10-02 16:11:05.969318+00:00
prostitutkimurmanskatop.date,AVAILABILITY,origin.list,2026-10-02 16:11:06.729205+00:00
prostitutkipetropavlovskkamchatskiysite.info,AVAILABILITY,origin.list,2026-10-02 16:11:07.962973+00:00
vlxx.wf,AVAILABILITY,origin.list,2026-10-02 16:11:08.563598+00:00
prostitutkikirovatop.date,AVAILABILITY,origin.list,2026-10-02 16:11:08.722237+00:00
prostitutkiorenburgatop.date,AVAILABILITY,origin.list,2026-10-02 16:11:09.498346+00:00
prostitutkinizhnegotagilatop.date,AVAILABILITY,origin.list,2026-10-02 16:11:10.248094+00:00
indiansexvideos.pro,AVAILABILITY,origin.list,2026-10-02 16:11:11.391532+00:00
prostitutkiorlatop.date,AVAILABILITY,origin.list,2026-10-02 16:11:12.175117+00:00
prostitutkipenzytop.date,AVAILABILITY,origin.list,2026-10-02 16:11:12.934502+00:00
prostitutkirostovasite.info,AVAILABILITY,origin.list,2026-10-02 16:11:19.799856+00:00
prostitutkisurgutatop.date,AVAILABILITY,origin.list,2026-10-02 16:11:20.595872+00:00
prostitutkisaratovatop.date,AVAILABILITY,origin.list,2026-10-02 16:11:21.349184+00:00
prostitutkitomskatop.date,AVAILABILITY,origin.list,2026-10-02 16:11:22.124916+00:00
prostitutkisterlitamakatop.date,AVAILABILITY,origin.list,2026-10-02 16:11:22.889245+00:00
prostitutkitveritop.date,AVAILABILITY,origin.list,2026-10-02 16:11:23.642699+00:00
prostitutkitaganrogatop.date,AVAILABILITY,origin.list,2026-10-02 16:11:24.407139+00:00
seoul-station-druid.com,AVAILABILITY,origin.list,2026-10-02 16:11:25.192206+00:00
prostitutkinovosibirskavisit.com,AVAILABILITY,origin.list,2026-10-02 16:11:25.935371+00:00
prostitutkiulyanovskacity.com,AVAILABILITY,origin.list,2026-10-02 16:11:26.733391+00:00
0318gangbanwang.com,AVAILABILITY,origin.list,2026-10-02 16:11:27.521398+00:00
malasongba.com,AVAILABILITY,origin.list,2026-10-02 16:11:28.411479+00:00
ldll-china.com,AVAILABILITY,origin.list,2026-10-02 16:11:29.223360+00:00
tubesexxxx.com,AVAILABILITY,origin.list,2026-10-02 16:11:30.004550+00:00
102model.com,AVAILABILITY,origin.list,2026-10-02 16:11:30.763733+00:00
truyenhentaivn.pro,AVAILABILITY,origin.list,2026-10-02 16:11:33.488715+00:00
dmm0044.com,AVAILABILITY,origin.list,2026-10-02 16:11:34.273105+00:00
lsd58.com,AVAILABILITY,origin.list,2026-10-02 16:11:35.109450+00:00
prostitutkiomskasex.net,AVAILABILITY,origin.list,2026-10-02 16:11:35.854224+00:00
datuixizhi.com,AVAILABILITY,origin.list,2026-10-02 16:11:36.716439+00:00
prostitutkitumenisite.info,AVAILABILITY,origin.list,2026-10-02 16:11:45.285419+00:00
my6636.com,AVAILABILITY,origin.list,2026-10-02 16:11:46.023897+00:00
bhgtmedia.com,AVAILABILITY,origin.list,2026-10-02 16:11:46.775083+00:00
hebsjpt.com,AVAILABILITY,origin.list,2026-10-02 16:11:47.638586+00:00
freeteenxxx.net,AVAILABILITY,origin.list,2026-10-02 16:11:48.432525+00:00
freexcafe.info,AVAILABILITY,origin.list,2026-10-02 16:11:49.160174+00:00
sex-video.one,AVAILABILITY,origin.list,2026-10-02 16:11:51.936443+00:00
vl88.pro,AVAILABILITY,origin.list,2026-10-02 16:11:57.658985+00:00
zhwjtl.com,AVAILABILITY,origin.list,2026-10-02 16:11:58.420762+00:00
p57taier.com,AVAILABILITY,origin.list,2026-10-02 16:11:59.330541+00:00
phimtrantrui.com,AVAILABILITY,origin.list,2026-10-02 16:12:00.573842+00:00
twinkgaysex.pro,AVAILABILITY,origin.list,2026-10-02 16:12:03.298996+00:00
xjxymg.com,AVAILABILITY,origin.list,2026-10-02 16:12:32.894107+00:00
vlxxxyz.com,AVAILABILITY,origin.list,2026-10-02 16:13:08.948290+00:00
hd-tube-sex.com,AVAILABILITY,origin.list,2026-10-02 16:13:43.744205+00:00
xgddmgj.com,AVAILABILITY,origin.list,2026-10-02 16:13:51.208383+00:00
114gcj.com,AVAILABILITY,origin.list,2026-10-02 16:13:51.325221+00:00
www.phimtrantrui.com,AVAILABILITY,origin.list,2026-10-02 16:13:52.257446+00:00
stripchat.ltd,AVAILABILITY,origin.list,2026-10-02 16:13:52.666918+00:00
xakaitai.com,AVAILABILITY,origin.list,2026-10-02 16:13:53.177547+00:00
xemphimsex.top,AVAILABILITY,origin.list,2026-10-02 16:13:53.816089+00:00
551236.com,AVAILABILITY,origin.list,2026-10-02 16:14:01.801564+00:00
herbodo.com,AVAILABILITY,origin.list,2026-10-02 16:14:01.863898+00:00
mtt73.com,AVAILABILITY,origin.list,2026-10-02 16:14:02.780744+00:00
mobiblog.top,AVAILABILITY,origin.list,2026-10-02 16:14:03.200669+00:00
mtt93.com,AVAILABILITY,origin.list,2026-10-02 16:14:03.728745+00:00
momfucksonmovies.com,AVAILABILITY,origin.list,2026-10-02 16:14:04.020458+00:00
sapphicdorm.com,AVAILABILITY,origin.list,2026-10-02 16:14:04.676397+00:00
searchporno.net,AVAILABILITY,origin.list,2026-10-02 16:14:04.802044+00:00
ttav082.com,AVAILABILITY,origin.list,2026-10-02 16:14:06.022803+00:00
asianxxxhd.net,AVAILABILITY,origin.list,2026-10-02 16:14:06.026400+00:00
wxoxo.com,AVAILABILITY,origin.list,2026-10-02 16:14:06.792401+00:00
inkbitch.com,AVAILABILITY,origin.list,2026-10-02 16:14:06.816231+00:00
pussypornlinks.com,AVAILABILITY,origin.list,2026-10-02 16:14:08.228671+00:00
asgcams.com,AVAILABILITY,origin.list,2026-10-02 16:14:08.279391+00:00
intimgid.net,AVAILABILITY,origin.list,2026-10-02 16:14:09.082550+00:00
prostitutki-msk01.net,AVAILABILITY,origin.list,2026-10-02 16:14:09.106163+00:00
prostitutkiekaterinburgagid.com,AVAILABILITY,origin.list,2026-10-02 16:14:10.401413+00:00
lieren666.com,AVAILABILITY,origin.list,2026-10-02 16:14:10.412835+00:00
chaoyangmen-soho.com,AVAILABILITY,origin.list,2026-10-02 16:14:11.319021+00:00
checkerviet.bet,AVAILABILITY,origin.list,2026-10-02 16:14:13.679546+00:00
belliskincare.net,AVAILABILITY,origin.list,2026-10-02 16:14:14.598666+00:00
phimsexmoi.one,AVAILABILITY,origin.list,2026-10-02 16:14:18.395554+00:00
prostitutkisaratovasite.info,AVAILABILITY,origin.list,2026-10-02 16:14:20.445992+00:00
fxmkfhw.com,AVAILABILITY,origin.list,2026-10-02 16:14:21.292872+00:00
de.letmejerk7.com,AVAILABILITY,origin.list,2026-10-02 16:14:22.105225+00:00
prostitutkipermisite.info,AVAILABILITY,origin.list,2026-10-02 16:14:22.121362+00:00
syfyzc.com,AVAILABILITY,origin.list,2026-10-02 16:14:22.871194+00:00
ditnhau69.com,AVAILABILITY,origin.list,2026-10-02 16:14:22.983962+00:00
prostitutkikaliningrada2021.com,AVAILABILITY,origin.list,2026-10-02 16:14:23.702337+00:00
damconuong.love,AVAILABILITY,origin.list,2026-10-02 16:14:24.827938+00:00
toptraffic.mobi,AVAILABILITY,origin.list,2026-10-02 16:14:24.938004+00:00
315check.com,AVAILABILITY,origin.list,2026-10-02 16:14:25.709343+00:00
xpdlgt.com,AVAILABILITY,origin.list,2026-10-02 16:14:25.755148+00:00
hljfdjsb.com,AVAILABILITY,origin.list,2026-10-02 16:14:26.690119+00:00
bjskywedding.com,AVAILABILITY,origin.list,2026-10-02 16:14:26.702390+00:00
nbslpy.com,AVAILABILITY,origin.list,2026-10-02 16:14:27.439164+00:00
morethancollection.com,AVAILABILITY,origin.list,2026-10-02 16:14:27.534360+00:00
8kmatureporn.com,AVAILABILITY,origin.list,2026-10-02 16:14:28.280567+00:00
szhengzhuo.com,AVAILABILITY,origin.list,2026-10-02 16:14:28.314653+00:00
shemalepornhentai.com,AVAILABILITY,origin.list,2026-10-02 16:14:29.089222+00:00
hhswrl.com,AVAILABILITY,origin.list,2026-10-02 16:14:29.125677+00:00
xindilight.com,AVAILABILITY,origin.list,2026-10-02 16:14:29.867764+00:00
teenshocking.com,AVAILABILITY,origin.list,2026-10-02 16:14:30.716179+00:00
volcano-tech.com,AVAILABILITY,origin.list,2026-10-02 16:14:31.668894+00:00
chinaxisui.com,AVAILABILITY,origin.list,2026-10-02 16:14:32.455208+00:00
teenhqporn.com,AVAILABILITY,origin.list,2026-10-02 16:14:33.508054+00:00
chinaqionghua.com,AVAILABILITY,origin.list,2026-10-02 16:14:34.519524+00:00
chinayongrun.com,AVAILABILITY,origin.list,2026-10-02 16:14:35.310120+00:00
choigaigoi.com,AVAILABILITY,origin.list,2026-10-02 16:14:36.094590+00:00
xxx-movies.pro,AVAILABILITY,origin.list,2026-10-02 16:14:36.849324+00:00
chinameike.com,AVAILABILITY,origin.list,2026-10-02 16:14:36.897899+00:00
chun72.com,AVAILABILITY,origin.list,2026-10-02 16:14:41.764189+00:00
clotexpress.com,AVAILABILITY,origin.list,2026-10-02 16:14:41.832483+00:00
cmsmpg.com,AVAILABILITY,origin.list,2026-10-02 16:14:45.878202+00:00
cnsbear.com,AVAILABILITY,origin.list,2026-10-02 16:14:45.890683+00:00
damibo9.com,AVAILABILITY,origin.list,2026-10-02 16:14:46.618957+00:00
czwangke.com,AVAILABILITY,origin.list,2026-10-02 16:14:48.974335+00:00
dddllll.com,AVAILABILITY,origin.list,2026-10-02 16:14:49.227951+00:00
delihost1.com,AVAILABILITY,origin.list,2026-10-02 16:14:49.797791+00:00
delihost2.com,AVAILABILITY,origin.list,2026-10-02 16:14:50.610882+00:00
delihost3.com,AVAILABILITY,origin.list,2026-10-02 16:14:51.158364+00:00
dmm5255.com,AVAILABILITY,origin.list,2026-10-02 16:14:52.448916+00:00
nakedmature.pro,AVAILABILITY,origin.list,2026-10-02 16:14:55.197844+00:00
delihost5.com,AVAILABILITY,origin.list,2026-10-02 16:14:55.986936+00:00
dmm7592.com,AVAILABILITY,origin.list,2026-10-02 16:14:56.760369+00:00
delihost6.com,AVAILABILITY,origin.list,2026-10-02 16:14:57.633187+00:00
delihost4.com,AVAILABILITY,origin.list,2026-10-02 16:14:58.382844+00:00
dmm7593.com,AVAILABILITY,origin.list,2026-10-02 16:14:59.180152+00:00
dmm7590.com,AVAILABILITY,origin.list,2026-10-02 16:14:59.970849+00:00
pheclip.com,AVAILABILITY,origin.list,2026-10-02 16:15:01.624993+00:00
pantyhose-femdom.info,AVAILABILITY,origin.list,2026-10-02 16:15:04.108424+00:00
dgjingchu.com,AVAILABILITY,origin.list,2026-10-02 16:15:04.861433+00:00
viet69.to,AVAILABILITY,origin.list,2026-10-02 16:15:05.592066+00:00
xnxxcc.com,AVAILABILITY,origin.list,2026-10-02 16:15:06.479809+00:00
dmm7596.com,AVAILABILITY,origin.list,2026-10-02 16:15:07.314736+00:00
dmm7604.com,AVAILABILITY,origin.list,2026-10-02 16:15:08.137306+00:00
wmxfx.com,AVAILABILITY,origin.list,2026-10-02 16:15:09.053507+00:00
dmm7597.com,AVAILABILITY,origin.list,2026-10-02 16:15:09.842789+00:00
dmm7602.com,AVAILABILITY,origin.list,2026-10-02 16:15:10.622795+00:00
dmm7603.com,AVAILABILITY,origin.list,2026-10-02 16:15:11.415222+00:00
dmm7601.com,AVAILABILITY,origin.list,2026-10-02 16:15:12.269809+00:00
manhwasex.net,AVAILABILITY,origin.list,2026-10-02 16:15:12.643496+00:00
dmm7605.com,AVAILABILITY,origin.list,2026-10-02 16:15:13.084145+00:00
dtjietou.com,AVAILABILITY,origin.list,2026-10-02 16:15:13.455345+00:00
dmm7606.com,AVAILABILITY,origin.list,2026-10-02 16:15:13.906088+00:00
drivergude.com,AVAILABILITY,origin.list,2026-10-02 16:15:14.260129+00:00
duqp88.com,AVAILABILITY,origin.list,2026-10-02 16:15:17.143995+00:00
dzsfq.com,AVAILABILITY,origin.list,2026-10-02 16:15:23.388860+00:00
erobatsa.com,AVAILABILITY,origin.list,2026-10-02 16:15:23.428793+00:00
e1662.com,AVAILABILITY,origin.list,2026-10-02 16:15:27.656614+00:00
ealmadrid.com,AVAILABILITY,origin.list,2026-10-02 16:15:28.457076+00:00
e76wan.com,AVAILABILITY,origin.list,2026-10-02 16:15:28.759403+00:00
isex.su,AVAILABILITY,origin.list,2026-10-02 16:15:29.801245+00:00
enjoyteenporn.com,AVAILABILITY,origin.list,2026-10-02 16:15:30.579242+00:00
hao326.com,AVAILABILITY,origin.list,2026-10-02 16:15:31.365829+00:00
hnjunlin.com,AVAILABILITY,origin.list,2026-10-02 16:15:32.123799+00:00
hbxwdz.com,AVAILABILITY,origin.list,2026-10-02 16:15:32.922394+00:00
itianwu.com,AVAILABILITY,origin.list,2026-10-02 16:15:35.072932+00:00
mysexvague.com,AVAILABILITY,origin.list,2026-10-02 16:15:38.353471+00:00
onetwistedpair.com,AVAILABILITY,origin.list,2026-10-02 16:15:39.195593+00:00
classic-porn.pro,AVAILABILITY,origin.list,2026-10-02 16:15:39.914149+00:00
lauxanhthiendia.com,AVAILABILITY,origin.list,2026-10-02 16:15:43.616698+00:00
prostitutkikemerovohot.com,AVAILABILITY,origin.list,2026-10-02 16:15:44.887753+00:00
sxqnhb.com,AVAILABILITY,origin.list,2026-10-02 16:15:45.630220+00:00
sinodownloads.com,AVAILABILITY,origin.list,2026-10-02 16:15:46.447560+00:00
weifaba.com,AVAILABILITY,origin.list,2026-10-02 16:15:47.949133+00:00
erodaska.com,AVAILABILITY,origin.list,2026-10-02 16:15:49.525289+00:00
erofosik.com,AVAILABILITY,origin.list,2026-10-02 16:15:50.385911+00:00
eroloska.com,AVAILABILITY,origin.list,2026-10-02 16:15:50.435165+00:00
sieukhung.live,AVAILABILITY,origin.list,2026-10-02 16:15:52.026157+00:00
erozadka.com,AVAILABILITY,origin.list,2026-10-02 16:15:52.077752+00:00
escortyorkshire.com,AVAILABILITY,origin.list,2026-10-02 16:15:52.801875+00:00
erolanka.com,AVAILABILITY,origin.list,2026-10-02 16:15:58.296407+00:00
erosotik.com,AVAILABILITY,origin.list,2026-10-02 16:16:01.404055+00:00
yameishangpin.com,AVAILABILITY,origin.list,2026-10-02 16:16:02.216663+00:00
erofosex.com,AVAILABILITY,origin.list,2026-10-02 16:16:03.049952+00:00
farmestore.com,AVAILABILITY,origin.list,2026-10-02 16:16:03.911576+00:00
erosizka.com,AVAILABILITY,origin.list,2026-10-02 16:16:04.661650+00:00
etinhyeu.com,AVAILABILITY,origin.list,2026-10-02 16:16:05.495548+00:00
facilepornogratis.com,AVAILABILITY,origin.list,2026-10-02 16:16:06.265346+00:00
prostitutkilipetskacool.info,AVAILABILITY,origin.list,2026-10-02 16:16:06.609523+00:00
fc020.net,AVAILABILITY,origin.list,2026-10-02 16:16:07.457203+00:00
fm-lp.com,AVAILABILITY,origin.list,2026-10-02 16:16:08.274016+00:00
fapnika.com,AVAILABILITY,origin.list,2026-10-02 16:16:09.084238+00:00
hentaivl.org,AVAILABILITY,origin.list,2026-10-02 16:16:09.159939+00:00
0411accp.net,AVAILABILITY,origin.list,2026-10-02 16:16:09.978735+00:00
api.stream68.com,AVAILABILITY,origin.list,2026-10-02 16:16:10.741964+00:00
9s130.xyz,AVAILABILITY,origin.list,2026-10-02 16:16:13.125222+00:00
58hyt.net,AVAILABILITY,origin.list,2026-10-02 16:16:13.929744+00:00
cgdq.net,AVAILABILITY,origin.list,2026-10-02 16:16:14.739813+00:00
9s145.xyz,AVAILABILITY,origin.list,2026-10-02 16:16:15.783899+00:00
beststockingpics.pro,AVAILABILITY,origin.list,2026-10-02 16:16:16.155833+00:00
cqtsmz.com,AVAILABILITY,origin.list,2026-10-02 16:16:23.436852+00:00
girlhdporn.com,AVAILABILITY,origin.list,2026-10-02 16:16:25.743964+00:00
sailufilm.com,AVAILABILITY,origin.list,2026-10-02 16:16:27.680972+00:00
genwohuan.com,AVAILABILITY,origin.list,2026-10-02 16:16:27.681725+00:00
hnn36.com,AVAILABILITY,origin.list,2026-10-02 16:16:28.470016+00:00
cht2cht.net,AVAILABILITY,origin.list,2026-10-02 16:16:28.534034+00:00
fwdp.net,AVAILABILITY,origin.list,2026-10-02 16:16:31.867612+00:00
leugu.com,AVAILABILITY,origin.list,2026-10-02 16:16:37.097865+00:00
pasai.net,AVAILABILITY,origin.list,2026-10-02 16:16:38.059644+00:00
huinagroup.net,AVAILABILITY,origin.list,2026-10-02 16:16:39.112638+00:00
monkbbs.net,AVAILABILITY,origin.list,2026-10-02 16:16:41.439713+00:00
hnuekj.com,AVAILABILITY,origin.list,2026-10-02 16:16:41.481128+00:00
hqhaitao.com,AVAILABILITY,origin.list,2026-10-02 16:17:28.695364+00:00
menghen.net,AVAILABILITY,origin.list,2026-10-02 16:17:28.737744+00:00
180397.com,AVAILABILITY,origin.list,2026-10-02 16:18:33.099385+00:00
ys61.app,AVAILABILITY,origin.list,2026-10-02 16:18:33.149200+00:00
lemmw.com,AVAILABILITY,origin.list,2026-10-02 16:18:33.887450+00:00
pornvideo.sex,AVAILABILITY,origin.list,2026-10-02 16:18:34.429750+00:00
180823.com,AVAILABILITY,origin.list,2026-10-02 16:18:34.844588+00:00
szyadaway.com,AVAILABILITY,origin.list,2026-10-02 16:18:35.241578+00:00
nakedteens.best,AVAILABILITY,origin.list,2026-10-02 16:18:39.411445+00:00
123ysj.com,AVAILABILITY,origin.list,2026-10-02 16:18:42.793837+00:00
jxjdgjyl.com,AVAILABILITY,origin.list,2026-10-02 16:18:43.723210+00:00
wz6666.net,AVAILABILITY,origin.list,2026-10-02 16:18:43.803299+00:00
xjjiu.net,AVAILABILITY,origin.list,2026-10-02 16:18:44.824405+00:00
wndyxg.com,AVAILABILITY,origin.list,2026-10-02 16:18:44.888060+00:00
cqtjh.com,AVAILABILITY,origin.list,2026-10-02 16:18:45.797458+00:00
zhaonvyouqu.com,AVAILABILITY,origin.list,2026-10-02 16:18:45.806821+00:00
china-prf.com,AVAILABILITY,origin.list,2026-10-02 16:18:46.799373+00:00
lhtong.com,AVAILABILITY,origin.list,2026-10-02 16:18:47.809683+00:00
nxzyccyxh.com,AVAILABILITY,origin.list,2026-10-02 16:18:48.847561+00:00
filmsxamateur.top,AVAILABILITY,origin.list,2026-10-02 16:18:50.316592+00:00
sexvideoxxx.org,AVAILABILITY,origin.list,2026-10-02 16:18:50.706419+00:00
xcarer.net,AVAILABILITY,origin.list,2026-10-02 16:18:51.268881+00:00
zgsyg.com,AVAILABILITY,origin.list,2026-10-02 16:18:51.506375+00:00
cock-and-ball-torture.info,AVAILABILITY,origin.list,2026-10-02 16:18:56.392875+00:00
bbjy.net,AVAILABILITY,origin.list,2026-10-02 16:18:57.145978+00:00
sygsb.com,AVAILABILITY,origin.list,2026-10-02 16:18:57.965338+00:00
pornaizle2.website,AVAILABILITY,origin.list,2026-10-02 16:18:58.893729+00:00
dldp88.com,AVAILABILITY,origin.list,2026-10-02 16:18:59.644161+00:00
crazytc.com,AVAILABILITY,origin.list,2026-10-02 16:19:00.538881+00:00
gd-al.com,AVAILABILITY,origin.list,2026-10-02 16:19:01.430588+00:00
phimsexmoi.info,AVAILABILITY,origin.list,2026-10-02 16:19:02.495443+00:00
dreamer1314.com,AVAILABILITY,origin.list,2026-10-02 16:19:03.279816+00:00
free-porn-tube.net,AVAILABILITY,origin.list,2026-10-02 16:19:04.039926+00:00
wicong.com,AVAILABILITY,origin.list,2026-10-02 16:19:04.967512+00:00
hk-haoyuxuan.com,AVAILABILITY,origin.list,2026-10-02 16:19:05.793954+00:00
whlvyin.com,AVAILABILITY,origin.list,2026-10-02 16:19:06.583764+00:00
clip3x.info,AVAILABILITY,origin.list,2026-10-02 16:19:07.180221+00:00
img.nangcucz.link,AVAILABILITY,origin.list,2026-10-02 16:19:07.722506+00:00
zgfspmh.com,AVAILABILITY,origin.list,2026-10-02 16:19:07.991624+00:00
wndz.net,AVAILABILITY,origin.list,2026-10-02 16:19:08.561482+00:00
tmxxkj.net,AVAILABILITY,origin.list,2026-10-02 16:19:08.847933+00:00
0411ff.com,AVAILABILITY,origin.list,2026-10-02 16:19:09.401352+00:00
bjshengyu.com,AVAILABILITY,origin.list,2026-10-02 16:19:10.303409+00:00
jsjyongli.com,AVAILABILITY,origin.list,2026-10-02 16:19:11.144773+00:00
fdgangting.com,AVAILABILITY,origin.list,2026-10-02 16:19:12.145606+00:00
hdsexvideo.pro,AVAILABILITY,origin.list,2026-10-02 16:19:12.862622+00:00
shtufei.com,AVAILABILITY,origin.list,2026-10-02 16:19:13.432429+00:00
czgqyy.com,AVAILABILITY,origin.list,2026-10-02 16:19:13.645981+00:00
phimsexmoi69.net,AVAILABILITY,origin.list,2026-10-02 16:19:14.255901+00:00
fff899.com,AVAILABILITY,origin.list,2026-10-02 16:19:14.460733+00:00
freeteenx.com,AVAILABILITY,origin.list,2026-10-02 16:19:15.055300+00:00
cnxwjzx.com,AVAILABILITY,origin.list,2026-10-02 16:19:15.943582+00:00
bjjtsn.com,AVAILABILITY,origin.list,2026-10-02 16:19:16.842532+00:00
nungxxx.org,AVAILABILITY,origin.list,2026-10-02 16:19:17.591373+00:00
xemsex3x.com,AVAILABILITY,origin.list,2026-10-02 16:19:17.598872+00:00
3d-bdsm-porn.com,AVAILABILITY,origin.list,2026-10-02 16:19:18.369335+00:00
gyhajx.com,AVAILABILITY,origin.list,2026-10-02 16:19:18.407227+00:00
fuckedmom.net,AVAILABILITY,origin.list,2026-10-02 16:19:19.160623+00:00
fyhssys.com,AVAILABILITY,origin.list,2026-10-02 16:19:20.025229+00:00
prostitutkianapylist.com,AVAILABILITY,origin.list,2026-10-02 16:19:20.918201+00:00
fuckingblowjobs.com,AVAILABILITY,origin.list,2026-10-02 16:19:21.773663+00:00
prostitutkiastrahanilist.com,AVAILABILITY,origin.list,2026-10-02 16:19:24.363413+00:00
prostitutkichelyabinskalist.com,AVAILABILITY,origin.list,2026-10-02 16:19:25.212172+00:00
prostitutkikalugilist.com,AVAILABILITY,origin.list,2026-10-02 16:19:28.609358+00:00
prostitutkidzerzhynskalist.com,AVAILABILITY,origin.list,2026-10-02 16:19:29.464916+00:00
favoritepornmovies.com,AVAILABILITY,origin.list,2026-10-02 16:19:29.466067+00:00
prostitutkikurskalist.com,AVAILABILITY,origin.list,2026-10-02 16:19:31.740480+00:00
prostitutkiirkutskalist.com,AVAILABILITY,origin.list,2026-10-02 16:19:31.748937+00:00
prostitutkipermilist.com,AVAILABILITY,origin.list,2026-10-02 16:19:32.549149+00:00
prostitutkipetrozavodskalist.com,AVAILABILITY,origin.list,2026-10-02 16:19:32.580676+00:00
prostitutkirostovalist.com,AVAILABILITY,origin.list,2026-10-02 16:19:34.721215+00:00
prostitutkivladivostokalist.com,AVAILABILITY,origin.list,2026-10-02 16:19:34.760444+00:00
prostitutkitaganrogalist.com,AVAILABILITY,origin.list,2026-10-02 16:19:37.956744+00:00
maturenude.org,AVAILABILITY,origin.list,2026-10-02 16:19:40.140698+00:00
prostitutkiyaltylist.com,AVAILABILITY,origin.list,2026-10-02 16:19:40.908180+00:00
maturevideos.pro,AVAILABILITY,origin.list,2026-10-02 16:19:41.682006+00:00
prostitutkitumenilist.com,AVAILABILITY,origin.list,2026-10-02 16:19:41.843236+00:00
prostitutkijoshkarolylist.com,AVAILABILITY,origin.list,2026-10-02 16:19:42.443833+00:00
gzktgc.com,AVAILABILITY,origin.list,2026-10-02 16:19:42.581448+00:00
gdymchemicals.com,AVAILABILITY,origin.list,2026-10-02 16:19:45.450281+00:00
gdhuasui.com,AVAILABILITY,origin.list,2026-10-02 16:19:45.491197+00:00
tuyensex3x.com,AVAILABILITY,origin.list,2026-10-02 16:19:48.582906+00:00
goodsexvideos.net,AVAILABILITY,origin.list,2026-10-02 16:19:48.631154+00:00
gymszp.com,AVAILABILITY,origin.list,2026-10-02 16:19:49.559417+00:00
bhfpsn.com,AVAILABILITY,origin.list,2026-10-02 16:19:49.760938+00:00
gmjinan.com,AVAILABILITY,origin.list,2026-10-02 16:19:51.681849+00:00
linxiaoqing.com,AVAILABILITY,origin.list,2026-10-02 16:19:51.910455+00:00
hd-tmt.com,AVAILABILITY,origin.list,2026-10-02 16:19:52.442821+00:00
rongwengroup.net,AVAILABILITY,origin.list,2026-10-02 16:19:53.191430+00:00
hnchiju.com,AVAILABILITY,origin.list,2026-10-02 16:19:54.895688+00:00
adukat.net,AVAILABILITY,origin.list,2026-10-02 16:19:54.990330+00:00
lgsjdb.com,AVAILABILITY,origin.list,2026-10-02 16:19:55.681015+00:00
gongyiwzjs.com,AVAILABILITY,origin.list,2026-10-02 16:19:55.998198+00:00
gzgdg.com,AVAILABILITY,origin.list,2026-10-02 16:19:56.541203+00:00
xzscgg.com,AVAILABILITY,origin.list,2026-10-02 16:19:57.374720+00:00
hanjiegg.com,AVAILABILITY,origin.list,2026-10-02 16:19:59.248101+00:00
hbbtfb.com,AVAILABILITY,origin.list,2026-10-02 16:20:04.547169+00:00
haizhengit.com,AVAILABILITY,origin.list,2026-10-02 16:20:05.729951+00:00
thepornabc.com,AVAILABILITY,origin.list,2026-10-02 16:20:07.026938+00:00
hbxiangyue.com,AVAILABILITY,origin.list,2026-10-02 16:20:09.781283+00:00
freexxxstream.mobi,AVAILABILITY,origin.list,2026-10-02 16:20:11.508305+00:00
henglimuye.com,AVAILABILITY,origin.list,2026-10-02 16:20:11.858889+00:00
hebhl.com,AVAILABILITY,origin.list,2026-10-02 16:20:12.309337+00:00
klipove.top,AVAILABILITY,origin.list,2026-10-02 16:20:14.160069+00:00
hentaivngo.com,AVAILABILITY,origin.list,2026-10-02 16:20:14.274141+00:00
hentaitruyenvn.net,AVAILABILITY,origin.list,2026-10-02 16:20:16.247804+00:00
hk8-info.com,AVAILABILITY,origin.list,2026-10-02 16:20:16.248409+00:00
free-xxx-videos.pro,AVAILABILITY,origin.list,2026-10-02 16:20:18.993934+00:00
h52hyyffzqzi.xyz,AVAILABILITY,origin.list,2026-10-02 16:20:22.609345+00:00
hornytub.com,AVAILABILITY,origin.list,2026-10-02 16:20:22.715797+00:00
hotvidsex.com,AVAILABILITY,origin.list,2026-10-02 16:20:23.746317+00:00
hnsssz.com,AVAILABILITY,origin.list,2026-10-02 16:20:25.948769+00:00
hnn55.com,AVAILABILITY,origin.list,2026-10-02 16:20:29.176419+00:00
honggaoqg.com,AVAILABILITY,origin.list,2026-10-02 16:20:29.967495+00:00
dmxsf.cn,AVAILABILITY,origin.list,2026-10-02 16:20:30.630656+00:00
hotgaymovie.net,AVAILABILITY,origin.list,2026-10-02 16:20:30.728960+00:00
fksf.net,AVAILABILITY,origin.list,2026-10-02 16:20:33.500063+00:00
donggai.pro,AVAILABILITY,origin.list,2026-10-02 16:20:33.520167+00:00
htvncdn.net,AVAILABILITY,origin.list,2026-10-02 16:20:34.323606+00:00
hotgirlsgallery.net,AVAILABILITY,origin.list,2026-10-02 16:20:34.344382+00:00
hqhbb.com,AVAILABILITY,origin.list,2026-10-02 16:20:35.673807+00:00
028pxxd.com,AVAILABILITY,origin.list,2026-10-02 16:20:36.426841+00:00
huaxinfishing.com,AVAILABILITY,origin.list,2026-10-02 16:20:36.697342+00:00
hzaccounting.com,AVAILABILITY,origin.list,2026-10-02 16:20:43.985067+00:00
bjgy010.com,AVAILABILITY,origin.list,2026-10-02 16:20:44.077471+00:00
iraq-zdd.com,AVAILABILITY,origin.list,2026-10-02 16:20:47.138469+00:00
sanjiayw.com,AVAILABILITY,origin.list,2026-10-02 16:20:47.188547+00:00
yo69.pro,AVAILABILITY,origin.list,2026-10-02 16:20:49.119720+00:00
gaigoixinh.me,AVAILABILITY,origin.list,2026-10-02 16:20:49.273381+00:00
ifuckedasian.com,AVAILABILITY,origin.list,2026-10-02 16:20:50.345383+00:00
hz050.com,AVAILABILITY,origin.list,2026-10-02 16:20:50.500624+00:00
stdhjx.com,AVAILABILITY,origin.list,2026-10-02 16:20:51.327529+00:00
gaigoinhanh.ggvn.me,AVAILABILITY,origin.list,2026-10-02 16:20:51.741701+00:00
hxtzjc.com,AVAILABILITY,origin.list,2026-10-02 16:20:52.269997+00:00
ibmqd.com,AVAILABILITY,origin.list,2026-10-02 16:20:52.684881+00:00
hzjtdyy.com,AVAILABILITY,origin.list,2026-10-02 16:20:53.493573+00:00
img.imgcname.com,AVAILABILITY,origin.list,2026-10-02 16:20:55.450290+00:00
hanoivip.comvn.me,AVAILABILITY,origin.list,2026-10-02 16:20:55.544937+00:00
img.lytuchuang.com,AVAILABILITY,origin.list,2026-10-02 16:20:58.599546+00:00
javphim.co,AVAILABILITY,origin.list,2026-10-02 16:20:58.684243+00:00
iteengirls.com,AVAILABILITY,origin.list,2026-10-02 16:20:59.426507+00:00
jinmakj.com,AVAILABILITY,origin.list,2026-10-02 16:21:00.405098+00:00
iwansexhd.com,AVAILABILITY,origin.list,2026-10-02 16:21:07.164681+00:00
job0000.com,AVAILABILITY,origin.list,2026-10-02 16:21:09.519984+00:00
jp-lesbians.com,AVAILABILITY,origin.list,2026-10-02 16:21:10.273598+00:00
gaigoixinh.pro,AVAILABILITY,origin.list,2026-10-02 16:21:12.497394+00:00
jmdakun.com,AVAILABILITY,origin.list,2026-10-02 16:21:12.802824+00:00
justyoungsex.com,AVAILABILITY,origin.list,2026-10-02 16:21:13.255346+00:00
85ut.com,AVAILABILITY,origin.list,2026-10-02 16:21:13.795546+00:00
kenhvitamin.com,AVAILABILITY,origin.list,2026-10-02 16:21:21.782559+00:00
65aqq.com,AVAILABILITY,origin.list,2026-10-02 16:21:22.647886+00:00
javhd-vn.xyz,AVAILABILITY,origin.list,2026-10-02 16:21:23.776871+00:00
javhay.movie,AVAILABILITY,origin.list,2026-10-02 16:21:24.893518+00:00
zxt1.com,AVAILABILITY,origin.list,2026-10-02 16:21:42.108497+00:00
sextop1.dev,AVAILABILITY,origin.list,2026-10-02 16:21:42.112920+00:00
kkn33.com,AVAILABILITY,origin.list,2026-10-02 16:22:47.747240+00:00
